session_id,user_id,date,month,week,source,device,landing_page,pages_viewed,session_duration_sec,bounced,is_new_user,ab_group,converted
S00001,U0001,2024-10-01,2024-10,2024-W40,Email,Mobile,/pricing,2,150,0,1,,0
S00002,U0001,2024-10-01,2024-10,2024-W40,Organic,Tablet,/,2,150,0,0,,0
S00003,U0001,2024-10-01,2024-10,2024-W40,Organic,Desktop,/services,2,45,0,0,,0
S00004,U0002,2024-10-01,2024-10,2024-W40,Direct,Mobile,/tutors,3,115,0,1,,0
S00005,U0003,2024-10-01,2024-10,2024-W40,Organic,Desktop,/,2,112,0,1,,1
S00006,U0003,2024-10-01,2024-10,2024-W40,Direct,Desktop,/services,4,386,0,0,,0
S00007,U0004,2024-10-01,2024-10,2024-W40,Organic,Tablet,/,2,215,0,1,,0
S00008,U0005,2024-10-01,2024-10,2024-W40,Organic,Desktop,/services,3,367,0,1,,0
S00009,U0006,2024-10-01,2024-10,2024-W40,Organic,Mobile,/pricing,1,105,0,1,,0
S00010,U0007,2024-10-01,2024-10,2024-W40,Email,Mobile,/,2,295,0,1,,0
S00011,U0004,2024-10-01,2024-10,2024-W40,Social,Mobile,/,5,123,0,0,,0
S00012,U0007,2024-10-01,2024-10,2024-W40,Email,Mobile,/,5,156,0,0,,0
S00013,U0001,2024-10-01,2024-10,2024-W40,Organic,Mobile,/,4,195,0,0,,0
S00014,U0008,2024-10-01,2024-10,2024-W40,Organic,Desktop,/pricing,7,36,0,1,,0
S00015,U0008,2024-10-01,2024-10,2024-W40,Social,Desktop,/services,3,147,0,0,,0
S00016,U0009,2024-10-01,2024-10,2024-W40,Direct,Desktop,/contact,1,135,0,1,,0
S00017,U0010,2024-10-01,2024-10,2024-W40,Organic,Desktop,/,4,85,0,1,,0
S00018,U0011,2024-10-01,2024-10,2024-W40,Organic,Mobile,/,1,557,0,1,,0
S00019,U0012,2024-10-01,2024-10,2024-W40,Social,Desktop,/pricing,4,176,0,1,,0
S00020,U0004,2024-10-01,2024-10,2024-W40,Organic,Mobile,/pricing,2,71,0,0,,0
S00021,U0013,2024-10-01,2024-10,2024-W40,Organic,Desktop,/services,1,196,0,1,,0
S00022,U0014,2024-10-01,2024-10,2024-W40,Organic,Mobile,/,4,121,0,1,,0
S00023,U0015,2024-10-01,2024-10,2024-W40,Organic,Mobile,/,4,136,0,1,,0
S00024,U0006,2024-10-01,2024-10,2024-W40,Social,Mobile,/tutors,6,282,0,0,,0
S00025,U0015,2024-10-01,2024-10,2024-W40,Organic,Desktop,/,1,217,0,0,,0
S00026,U0011,2024-10-01,2024-10,2024-W40,Email,Desktop,/,3,357,0,0,,0
S00027,U0016,2024-10-01,2024-10,2024-W40,Email,Desktop,/services,4,458,0,1,,0
S00028,U0017,2024-10-01,2024-10,2024-W40,Organic,Desktop,/,7,94,0,1,,0
S00029,U0018,2024-10-01,2024-10,2024-W40,Email,Desktop,/about,5,187,0,1,,0
S00030,U0019,2024-10-01,2024-10,2024-W40,Direct,Tablet,/,5,162,0,1,,0
S00031,U0020,2024-10-01,2024-10,2024-W40,Direct,Tablet,/services,3,300,0,1,,0
S00032,U0011,2024-10-01,2024-10,2024-W40,Social,Mobile,/about,5,742,0,0,,0
S00033,U0019,2024-10-01,2024-10,2024-W40,Social,Desktop,/tutors,6,572,0,0,,0
S00034,U0021,2024-10-01,2024-10,2024-W40,Organic,Desktop,/,3,182,0,1,,0
S00035,U0022,2024-10-01,2024-10,2024-W40,Social,Desktop,/,3,190,0,1,,0
S00036,U0023,2024-10-01,2024-10,2024-W40,Direct,Mobile,/services,6,76,0,1,,0
S00037,U0018,2024-10-01,2024-10,2024-W40,Organic,Desktop,/,1,97,0,0,,0
S00038,U0024,2024-10-01,2024-10,2024-W40,Direct,Mobile,/,6,684,0,1,,0
S00039,U0025,2024-10-01,2024-10,2024-W40,Organic,Mobile,/services,2,258,0,1,,0
S00040,U0026,2024-10-01,2024-10,2024-W40,Organic,Desktop,/services,3,336,0,1,,0
S00041,U0027,2024-10-01,2024-10,2024-W40,Direct,Desktop,/tutors,1,250,0,1,,0
S00042,U0028,2024-10-01,2024-10,2024-W40,Organic,Mobile,/contact,5,375,0,1,,0
S00043,U0022,2024-10-02,2024-10,2024-W40,Social,Desktop,/pricing,2,122,0,0,,0
S00044,U0013,2024-10-02,2024-10,2024-W40,Organic,Desktop,/pricing,6,214,0,0,,0
S00045,U0029,2024-10-02,2024-10,2024-W40,Social,Tablet,/about,7,43,0,1,,0
S00046,U0030,2024-10-02,2024-10,2024-W40,Direct,Mobile,/about,3,68,0,1,,0
S00047,U0031,2024-10-02,2024-10,2024-W40,Organic,Desktop,/pricing,3,837,0,1,,0
S00048,U0032,2024-10-02,2024-10,2024-W40,Email,Mobile,/services,2,425,0,1,,0
S00049,U0033,2024-10-02,2024-10,2024-W40,Direct,Mobile,/,3,93,0,1,,0
S00050,U0011,2024-10-02,2024-10,2024-W40,Email,Desktop,/contact,3,140,0,0,,0
S00051,U0034,2024-10-02,2024-10,2024-W40,Organic,Desktop,/services,4,102,0,1,,0
S00052,U0033,2024-10-02,2024-10,2024-W40,Organic,Desktop,/,1,152,0,0,,0
S00053,U0035,2024-10-02,2024-10,2024-W40,Direct,Mobile,/contact,3,268,0,1,,0
S00054,U0036,2024-10-02,2024-10,2024-W40,Organic,Tablet,/services,1,194,0,1,,0
S00055,U0037,2024-10-02,2024-10,2024-W40,Paid,Desktop,/about,5,264,0,1,,0
S00056,U0038,2024-10-02,2024-10,2024-W40,Organic,Desktop,/services,5,189,0,1,,0
S00057,U0039,2024-10-02,2024-10,2024-W40,Organic,Mobile,/services,7,39,0,1,,0
S00058,U0040,2024-10-02,2024-10,2024-W40,Paid,Mobile,/services,1,242,0,1,,0
S00059,U0041,2024-10-02,2024-10,2024-W40,Social,Tablet,/,6,229,0,1,,0
S00060,U0042,2024-10-02,2024-10,2024-W40,Social,Mobile,/,7,75,0,1,,0
S00061,U0043,2024-10-02,2024-10,2024-W40,Paid,Mobile,/tutors,2,320,0,1,,0
S00062,U0037,2024-10-02,2024-10,2024-W40,Direct,Mobile,/,6,73,0,0,,0
S00063,U0032,2024-10-02,2024-10,2024-W40,Email,Mobile,/services,1,83,0,0,,0
S00064,U0044,2024-10-02,2024-10,2024-W40,Direct,Desktop,/tutors,5,313,0,1,,0
S00065,U0043,2024-10-02,2024-10,2024-W40,Social,Tablet,/,5,46,0,0,,0
S00066,U0045,2024-10-02,2024-10,2024-W40,Organic,Desktop,/tutors,1,173,0,1,,0
S00067,U0046,2024-10-02,2024-10,2024-W40,Organic,Desktop,/,2,172,0,1,,0
S00068,U0035,2024-10-02,2024-10,2024-W40,Organic,Desktop,/,1,389,0,0,,0
S00069,U0047,2024-10-02,2024-10,2024-W40,Direct,Desktop,/pricing,1,189,0,1,,0
S00070,U0048,2024-10-02,2024-10,2024-W40,Direct,Desktop,/pricing,3,29,0,1,,0
S00071,U0049,2024-10-02,2024-10,2024-W40,Email,Desktop,/,4,117,0,1,,0
S00072,U0050,2024-10-02,2024-10,2024-W40,Organic,Mobile,/services,3,67,0,1,,0
S00073,U0002,2024-10-02,2024-10,2024-W40,Direct,Desktop,/,1,98,0,0,,0
S00074,U0015,2024-10-02,2024-10,2024-W40,Organic,Desktop,/services,4,58,0,0,,1
S00075,U0051,2024-10-02,2024-10,2024-W40,Organic,Desktop,/services,2,613,0,1,,1
S00076,U0003,2024-10-02,2024-10,2024-W40,Direct,Mobile,/,4,278,0,0,,0
S00077,U0016,2024-10-02,2024-10,2024-W40,Organic,Desktop,/services,2,112,0,0,,0
S00078,U0052,2024-10-02,2024-10,2024-W40,Direct,Tablet,/pricing,3,90,0,1,,0
S00079,U0053,2024-10-02,2024-10,2024-W40,Organic,Desktop,/,4,276,0,1,,0
S00080,U0054,2024-10-02,2024-10,2024-W40,Direct,Desktop,/tutors,1,214,0,1,,0
S00081,U0055,2024-10-02,2024-10,2024-W40,Organic,Mobile,/,1,171,0,1,,0
S00082,U0043,2024-10-02,2024-10,2024-W40,Organic,Desktop,/tutors,5,68,0,0,,0
S00083,U0056,2024-10-02,2024-10,2024-W40,Direct,Desktop,/,5,287,0,1,,0
S00084,U0057,2024-10-02,2024-10,2024-W40,Email,Mobile,/,3,154,0,1,,0
S00085,U0058,2024-10-02,2024-10,2024-W40,Organic,Mobile,/services,5,228,0,1,,0
S00086,U0059,2024-10-03,2024-10,2024-W40,Direct,Desktop,/contact,5,953,0,1,,0
S00087,U0060,2024-10-03,2024-10,2024-W40,Direct,Desktop,/,4,237,0,1,,0
S00088,U0029,2024-10-03,2024-10,2024-W40,Organic,Mobile,/tutors,1,130,0,0,,0
S00089,U0030,2024-10-03,2024-10,2024-W40,Email,Mobile,/services,2,415,0,0,,0
S00090,U0061,2024-10-03,2024-10,2024-W40,Email,Desktop,/,5,120,0,1,,0
S00091,U0062,2024-10-03,2024-10,2024-W40,Organic,Desktop,/tutors,3,207,0,1,,0
S00092,U0035,2024-10-03,2024-10,2024-W40,Direct,Mobile,/about,1,353,0,0,,0
S00093,U0063,2024-10-03,2024-10,2024-W40,Paid,Mobile,/services,3,266,0,1,,0
S00094,U0064,2024-10-03,2024-10,2024-W40,Email,Tablet,/,4,216,0,1,,0
S00095,U0065,2024-10-03,2024-10,2024-W40,Paid,Mobile,/,1,1381,0,1,,0
S00096,U0066,2024-10-03,2024-10,2024-W40,Social,Desktop,/,4,275,0,1,,0
S00097,U0067,2024-10-03,2024-10,2024-W40,Email,Desktop,/services,1,147,0,1,,0
S00098,U0059,2024-10-03,2024-10,2024-W40,Direct,Mobile,/tutors,3,54,0,0,,0
S00099,U0068,2024-10-03,2024-10,2024-W40,Organic,Tablet,/,3,146,0,1,,0
S00100,U0069,2024-10-03,2024-10,2024-W40,Email,Desktop,/,2,74,0,1,,0
S00101,U0070,2024-10-03,2024-10,2024-W40,Direct,Mobile,/,3,550,0,1,,0
S00102,U0008,2024-10-03,2024-10,2024-W40,Social,Tablet,/,3,21,0,0,,0
S00103,U0071,2024-10-03,2024-10,2024-W40,Organic,Mobile,/,2,168,0,1,,0
S00104,U0062,2024-10-03,2024-10,2024-W40,Organic,Mobile,/,2,185,0,0,,0
S00105,U0072,2024-10-03,2024-10,2024-W40,Organic,Mobile,/about,3,218,0,1,,0
S00106,U0073,2024-10-03,2024-10,2024-W40,Organic,Desktop,/,1,221,0,1,,0
S00107,U0009,2024-10-03,2024-10,2024-W40,Direct,Desktop,/services,3,67,0,0,,0
S00108,U0016,2024-10-03,2024-10,2024-W40,Direct,Desktop,/about,3,94,0,0,,0
S00109,U0074,2024-10-03,2024-10,2024-W40,Direct,Mobile,/,1,138,0,1,,0
S00110,U0011,2024-10-03,2024-10,2024-W40,Direct,Mobile,/pricing,1,532,0,0,,0
S00111,U0075,2024-10-03,2024-10,2024-W40,Paid,Desktop,/about,1,117,0,1,,0
S00112,U0076,2024-10-03,2024-10,2024-W40,Organic,Mobile,/,4,97,0,1,,0
S00113,U0077,2024-10-03,2024-10,2024-W40,Organic,Mobile,/services,4,222,0,1,,0
S00114,U0078,2024-10-03,2024-10,2024-W40,Direct,Desktop,/tutors,2,397,0,1,,0
S00115,U0041,2024-10-03,2024-10,2024-W40,Organic,Desktop,/contact,4,86,0,0,,0
S00116,U0079,2024-10-03,2024-10,2024-W40,Email,Desktop,/,1,61,0,1,,1
S00117,U0080,2024-10-03,2024-10,2024-W40,Direct,Desktop,/,2,1405,0,1,,0
S00118,U0069,2024-10-03,2024-10,2024-W40,Email,Desktop,/,5,167,0,0,,0
S00119,U0045,2024-10-03,2024-10,2024-W40,Direct,Desktop,/services,7,63,0,0,,0
S00120,U0081,2024-10-03,2024-10,2024-W40,Organic,Tablet,/pricing,1,151,0,1,,0
S00121,U0070,2024-10-03,2024-10,2024-W40,Paid,Desktop,/tutors,1,348,0,0,,0
S00122,U0082,2024-10-03,2024-10,2024-W40,Organic,Mobile,/tutors,7,201,0,1,,0
S00123,U0083,2024-10-03,2024-10,2024-W40,Organic,Desktop,/,2,216,0,1,,1
S00124,U0084,2024-10-03,2024-10,2024-W40,Direct,Mobile,/,4,123,0,1,,0
S00125,U0085,2024-10-03,2024-10,2024-W40,Social,Desktop,/tutors,6,193,0,1,,0
S00126,U0015,2024-10-03,2024-10,2024-W40,Social,Tablet,/,4,425,0,0,,0
S00127,U0086,2024-10-04,2024-10,2024-W40,Organic,Desktop,/services,5,176,0,1,,0
S00128,U0027,2024-10-04,2024-10,2024-W40,Social,Tablet,/contact,4,218,0,0,,0
S00129,U0082,2024-10-04,2024-10,2024-W40,Direct,Mobile,/,1,51,0,0,,0
S00130,U0087,2024-10-04,2024-10,2024-W40,Email,Desktop,/services,5,192,0,1,,0
S00131,U0088,2024-10-04,2024-10,2024-W40,Email,Mobile,/tutors,2,238,0,1,,1
S00132,U0089,2024-10-04,2024-10,2024-W40,Direct,Desktop,/about,2,134,0,1,,0
S00133,U0043,2024-10-04,2024-10,2024-W40,Paid,Mobile,/services,2,280,0,0,,0
S00134,U0090,2024-10-04,2024-10,2024-W40,Organic,Mobile,/,1,431,0,1,,0
S00135,U0091,2024-10-04,2024-10,2024-W40,Email,Desktop,/,5,178,0,1,,0
S00136,U0092,2024-10-04,2024-10,2024-W40,Social,Mobile,/about,9,469,0,1,,1
S00137,U0089,2024-10-04,2024-10,2024-W40,Social,Desktop,/pricing,2,158,0,0,,0
S00138,U0093,2024-10-04,2024-10,2024-W40,Social,Desktop,/,1,203,0,1,,0
S00139,U0094,2024-10-04,2024-10,2024-W40,Direct,Tablet,/pricing,3,61,0,1,,0
S00140,U0040,2024-10-04,2024-10,2024-W40,Direct,Tablet,/contact,3,329,0,0,,0
S00141,U0095,2024-10-04,2024-10,2024-W40,Email,Desktop,/,1,427,0,1,,0
S00142,U0046,2024-10-04,2024-10,2024-W40,Direct,Desktop,/,6,79,0,0,,0
S00143,U0014,2024-10-04,2024-10,2024-W40,Organic,Desktop,/,4,325,0,0,,0
S00144,U0096,2024-10-04,2024-10,2024-W40,Email,Mobile,/tutors,1,430,0,1,,0
S00145,U0097,2024-10-04,2024-10,2024-W40,Email,Desktop,/contact,3,304,0,1,,0
S00146,U0098,2024-10-04,2024-10,2024-W40,Direct,Mobile,/tutors,2,167,0,1,,0
S00147,U0023,2024-10-04,2024-10,2024-W40,Organic,Mobile,/,6,271,0,0,,0
S00148,U0095,2024-10-04,2024-10,2024-W40,Organic,Mobile,/,3,177,0,0,,0
S00149,U0099,2024-10-04,2024-10,2024-W40,Email,Desktop,/,1,175,0,1,,0
S00150,U0100,2024-10-04,2024-10,2024-W40,Email,Desktop,/,1,57,0,1,,0
S00151,U0021,2024-10-04,2024-10,2024-W40,Organic,Desktop,/services,3,51,0,0,,0
S00152,U0005,2024-10-04,2024-10,2024-W40,Organic,Desktop,/tutors,4,333,0,0,,0
S00153,U0059,2024-10-04,2024-10,2024-W40,Organic,Desktop,/,1,89,0,0,,0
S00154,U0101,2024-10-04,2024-10,2024-W40,Organic,Desktop,/,4,186,0,1,,0
S00155,U0085,2024-10-04,2024-10,2024-W40,Direct,Mobile,/about,6,190,0,0,,0
S00156,U0102,2024-10-04,2024-10,2024-W40,Direct,Mobile,/,4,108,0,1,,0
S00157,U0103,2024-10-04,2024-10,2024-W40,Organic,Desktop,/services,4,140,0,1,,0
S00158,U0104,2024-10-04,2024-10,2024-W40,Direct,Mobile,/tutors,4,254,0,1,,0
S00159,U0105,2024-10-04,2024-10,2024-W40,Organic,Desktop,/contact,5,147,0,1,,0
S00160,U0106,2024-10-04,2024-10,2024-W40,Organic,Mobile,/,6,47,0,1,,0
S00161,U0107,2024-10-04,2024-10,2024-W40,Direct,Mobile,/,4,277,0,1,,0
S00162,U0108,2024-10-04,2024-10,2024-W40,Organic,Tablet,/about,3,66,0,1,,0
S00163,U0056,2024-10-04,2024-10,2024-W40,Direct,Desktop,/tutors,3,454,0,0,,0
S00164,U0109,2024-10-04,2024-10,2024-W40,Organic,Mobile,/,3,45,0,1,,0
S00165,U0110,2024-10-04,2024-10,2024-W40,Organic,Desktop,/,4,402,0,1,,0
S00166,U0111,2024-10-04,2024-10,2024-W40,Organic,Mobile,/,6,122,0,1,,0
S00167,U0056,2024-10-04,2024-10,2024-W40,Organic,Desktop,/,1,324,0,0,,1
S00168,U0112,2024-10-04,2024-10,2024-W40,Direct,Tablet,/,2,188,0,1,,0
S00169,U0113,2024-10-05,2024-10,2024-W40,Direct,Desktop,/,1,963,0,1,,0
S00170,U0114,2024-10-05,2024-10,2024-W40,Email,Desktop,/about,4,162,0,1,,0
S00171,U0086,2024-10-05,2024-10,2024-W40,Organic,Mobile,/contact,3,176,0,0,,0
S00172,U0115,2024-10-05,2024-10,2024-W40,Email,Mobile,/,3,900,0,1,,0
S00173,U0039,2024-10-05,2024-10,2024-W40,Email,Tablet,/tutors,5,405,0,0,,0
S00174,U0116,2024-10-05,2024-10,2024-W40,Social,Mobile,/services,3,148,0,1,,0
S00175,U0117,2024-10-05,2024-10,2024-W40,Organic,Desktop,/services,3,65,0,1,,0
S00176,U0086,2024-10-05,2024-10,2024-W40,Organic,Desktop,/services,5,48,0,0,,0
S00177,U0118,2024-10-05,2024-10,2024-W40,Direct,Desktop,/contact,6,71,0,1,,0
S00178,U0119,2024-10-05,2024-10,2024-W40,Organic,Desktop,/tutors,1,53,0,1,,0
S00179,U0120,2024-10-05,2024-10,2024-W40,Social,Desktop,/,2,155,0,1,,1
S00180,U0056,2024-10-05,2024-10,2024-W40,Organic,Mobile,/services,4,282,0,0,,0
S00181,U0121,2024-10-05,2024-10,2024-W40,Organic,Desktop,/tutors,2,83,0,1,,0
S00182,U0122,2024-10-05,2024-10,2024-W40,Organic,Tablet,/tutors,3,281,0,1,,0
S00183,U0123,2024-10-05,2024-10,2024-W40,Paid,Mobile,/services,2,188,0,1,,0
S00184,U0124,2024-10-05,2024-10,2024-W40,Social,Mobile,/pricing,3,187,0,1,,0
S00185,U0125,2024-10-05,2024-10,2024-W40,Direct,Mobile,/about,3,219,0,1,,0
S00186,U0126,2024-10-05,2024-10,2024-W40,Organic,Desktop,/tutors,1,96,0,1,,0
S00187,U0122,2024-10-05,2024-10,2024-W40,Direct,Mobile,/tutors,3,116,0,0,,0
S00188,U0127,2024-10-05,2024-10,2024-W40,Direct,Desktop,/pricing,4,60,0,1,,0
S00189,U0004,2024-10-05,2024-10,2024-W40,Direct,Desktop,/services,1,75,0,0,,1
S00190,U0128,2024-10-05,2024-10,2024-W40,Organic,Mobile,/,4,102,0,1,,0
S00191,U0129,2024-10-05,2024-10,2024-W40,Organic,Mobile,/tutors,1,690,0,1,,0
S00192,U0130,2024-10-05,2024-10,2024-W40,Paid,Desktop,/services,3,253,0,1,,0
S00193,U0131,2024-10-05,2024-10,2024-W40,Email,Desktop,/contact,3,434,0,1,,0
S00194,U0132,2024-10-05,2024-10,2024-W40,Paid,Desktop,/pricing,3,295,0,1,,0
S00195,U0133,2024-10-05,2024-10,2024-W40,Organic,Mobile,/,1,319,0,1,,0
S00196,U0134,2024-10-05,2024-10,2024-W40,Organic,Desktop,/services,3,389,0,1,,0
S00197,U0135,2024-10-05,2024-10,2024-W40,Direct,Mobile,/pricing,5,353,0,1,,0
S00198,U0136,2024-10-05,2024-10,2024-W40,Organic,Mobile,/services,4,185,0,1,,0
S00199,U0137,2024-10-05,2024-10,2024-W40,Organic,Mobile,/tutors,5,185,0,1,,0
S00200,U0138,2024-10-05,2024-10,2024-W40,Email,Desktop,/services,2,179,0,1,,1
S00201,U0119,2024-10-05,2024-10,2024-W40,Organic,Desktop,/,3,272,0,0,,0
S00202,U0139,2024-10-05,2024-10,2024-W40,Direct,Desktop,/pricing,3,189,0,1,,0
S00203,U0140,2024-10-05,2024-10,2024-W40,Direct,Desktop,/,1,115,0,1,,0
S00204,U0141,2024-10-05,2024-10,2024-W40,Email,Desktop,/services,6,130,0,1,,0
S00205,U0142,2024-10-05,2024-10,2024-W40,Organic,Mobile,/services,5,60,0,1,,0
S00206,U0143,2024-10-05,2024-10,2024-W40,Direct,Desktop,/services,2,151,0,1,,0
S00207,U0144,2024-10-05,2024-10,2024-W40,Organic,Desktop,/services,3,81,0,1,,0
S00208,U0064,2024-10-05,2024-10,2024-W40,Organic,Desktop,/pricing,4,176,0,0,,0
S00209,U0134,2024-10-05,2024-10,2024-W40,Social,Tablet,/about,4,106,0,0,,0
S00210,U0113,2024-10-05,2024-10,2024-W40,Direct,Mobile,/services,4,416,0,0,,0
S00211,U0070,2024-10-05,2024-10,2024-W40,Organic,Mobile,/pricing,1,907,0,0,,0
S00212,U0145,2024-10-05,2024-10,2024-W40,Organic,Desktop,/contact,1,202,0,1,,0
S00213,U0099,2024-10-05,2024-10,2024-W40,Email,Desktop,/,3,82,0,0,,0
S00214,U0146,2024-10-05,2024-10,2024-W40,Email,Mobile,/,1,62,0,1,,1
S00215,U0147,2024-10-05,2024-10,2024-W40,Paid,Desktop,/tutors,2,294,0,1,,0
S00216,U0148,2024-10-05,2024-10,2024-W40,Email,Mobile,/contact,1,517,0,1,,0
S00217,U0149,2024-10-06,2024-10,2024-W40,Paid,Mobile,/about,3,615,0,1,,0
S00218,U0150,2024-10-06,2024-10,2024-W40,Organic,Desktop,/,4,272,0,1,,0
S00219,U0151,2024-10-06,2024-10,2024-W40,Organic,Mobile,/pricing,7,62,0,1,,0
S00220,U0152,2024-10-06,2024-10,2024-W40,Email,Mobile,/,4,376,0,1,,1
S00221,U0153,2024-10-06,2024-10,2024-W40,Organic,Mobile,/tutors,6,118,0,1,,0
S00222,U0154,2024-10-06,2024-10,2024-W40,Email,Mobile,/,3,289,0,1,,0
S00223,U0155,2024-10-06,2024-10,2024-W40,Organic,Mobile,/services,4,507,0,1,,0
S00224,U0156,2024-10-06,2024-10,2024-W40,Email,Mobile,/pricing,1,129,0,1,,0
S00225,U0057,2024-10-06,2024-10,2024-W40,Organic,Mobile,/contact,2,56,0,0,,0
S00226,U0157,2024-10-06,2024-10,2024-W40,Organic,Desktop,/tutors,6,74,0,1,,0
S00227,U0158,2024-10-06,2024-10,2024-W40,Organic,Mobile,/tutors,2,209,0,1,,0
S00228,U0159,2024-10-06,2024-10,2024-W40,Direct,Mobile,/,5,92,0,1,,0
S00229,U0160,2024-10-06,2024-10,2024-W40,Organic,Desktop,/,3,316,0,1,,0
S00230,U0161,2024-10-06,2024-10,2024-W40,Direct,Desktop,/tutors,6,389,0,1,,0
S00231,U0162,2024-10-06,2024-10,2024-W40,Email,Desktop,/services,3,453,0,1,,0
S00232,U0110,2024-10-06,2024-10,2024-W40,Organic,Desktop,/pricing,1,142,0,0,,0
S00233,U0163,2024-10-06,2024-10,2024-W40,Organic,Desktop,/pricing,4,234,0,1,,1
S00234,U0164,2024-10-06,2024-10,2024-W40,Direct,Desktop,/pricing,1,161,0,1,,0
S00235,U0165,2024-10-06,2024-10,2024-W40,Direct,Desktop,/pricing,2,372,0,1,,0
S00236,U0166,2024-10-06,2024-10,2024-W40,Email,Tablet,/,1,337,0,1,,0
S00237,U0167,2024-10-06,2024-10,2024-W40,Organic,Desktop,/services,4,151,0,1,,0
S00238,U0005,2024-10-06,2024-10,2024-W40,Organic,Desktop,/,3,243,0,0,,0
S00239,U0090,2024-10-06,2024-10,2024-W40,Social,Desktop,/services,2,220,0,0,,0
S00240,U0167,2024-10-06,2024-10,2024-W40,Organic,Mobile,/tutors,3,194,0,0,,0
S00241,U0064,2024-10-06,2024-10,2024-W40,Direct,Tablet,/,1,49,0,0,,0
S00242,U0040,2024-10-06,2024-10,2024-W40,Organic,Mobile,/about,2,460,0,0,,0
S00243,U0168,2024-10-06,2024-10,2024-W40,Email,Desktop,/services,1,245,0,1,,1
S00244,U0169,2024-10-06,2024-10,2024-W40,Organic,Tablet,/,5,772,0,1,,0
S00245,U0095,2024-10-06,2024-10,2024-W40,Direct,Mobile,/,3,108,0,0,,0
S00246,U0170,2024-10-06,2024-10,2024-W40,Email,Desktop,/services,4,172,0,1,,0
S00247,U0042,2024-10-06,2024-10,2024-W40,Paid,Mobile,/tutors,2,367,0,0,,0
S00248,U0007,2024-10-06,2024-10,2024-W40,Social,Desktop,/pricing,4,170,0,0,,0
S00249,U0171,2024-10-06,2024-10,2024-W40,Direct,Mobile,/about,5,126,0,1,,0
S00250,U0172,2024-10-06,2024-10,2024-W40,Social,Desktop,/,2,505,0,1,,0
S00251,U0152,2024-10-06,2024-10,2024-W40,Social,Mobile,/services,3,154,0,0,,0
S00252,U0173,2024-10-06,2024-10,2024-W40,Paid,Desktop,/,5,71,0,1,,0
S00253,U0174,2024-10-06,2024-10,2024-W40,Organic,Mobile,/about,3,760,0,1,,0
S00254,U0175,2024-10-06,2024-10,2024-W40,Social,Mobile,/services,4,216,0,1,,0
S00255,U0176,2024-10-06,2024-10,2024-W40,Direct,Mobile,/,3,81,0,1,,0
S00256,U0177,2024-10-06,2024-10,2024-W40,Organic,Desktop,/,7,121,0,1,,0
S00257,U0178,2024-10-06,2024-10,2024-W40,Email,Desktop,/pricing,2,124,0,1,,0
S00258,U0179,2024-10-06,2024-10,2024-W40,Organic,Mobile,/,3,212,0,1,,0
S00259,U0180,2024-10-06,2024-10,2024-W40,Organic,Mobile,/services,5,323,0,1,,0
S00260,U0181,2024-10-06,2024-10,2024-W40,Direct,Mobile,/services,3,309,0,1,,0
S00261,U0182,2024-10-06,2024-10,2024-W40,Organic,Mobile,/contact,5,151,0,1,,0
S00262,U0183,2024-10-06,2024-10,2024-W40,Email,Desktop,/pricing,3,254,0,1,,0
S00263,U0184,2024-10-06,2024-10,2024-W40,Direct,Desktop,/,3,40,0,1,,0
S00264,U0185,2024-10-06,2024-10,2024-W40,Social,Mobile,/,4,143,0,1,,0
S00265,U0186,2024-10-06,2024-10,2024-W40,Email,Desktop,/,2,191,0,1,,0
S00266,U0187,2024-10-06,2024-10,2024-W40,Organic,Mobile,/services,6,459,0,1,,0
S00267,U0188,2024-10-06,2024-10,2024-W40,Email,Mobile,/services,4,162,0,1,,0
S00268,U0116,2024-10-07,2024-10,2024-W41,Direct,Mobile,/,5,388,0,0,,0
S00269,U0189,2024-10-07,2024-10,2024-W41,Organic,Desktop,/,2,151,0,1,,0
S00270,U0190,2024-10-07,2024-10,2024-W41,Direct,Desktop,/,1,34,0,1,,1
S00271,U0191,2024-10-07,2024-10,2024-W41,Organic,Desktop,/,4,431,0,1,,0
S00272,U0067,2024-10-07,2024-10,2024-W41,Direct,Desktop,/,6,114,0,0,,0
S00273,U0192,2024-10-07,2024-10,2024-W41,Organic,Desktop,/tutors,6,352,0,1,,0
S00274,U0003,2024-10-07,2024-10,2024-W41,Organic,Desktop,/tutors,1,156,0,0,,0
S00275,U0062,2024-10-07,2024-10,2024-W41,Organic,Desktop,/,2,32,0,0,,0
S00276,U0193,2024-10-07,2024-10,2024-W41,Organic,Desktop,/tutors,5,101,0,1,,0
S00277,U0194,2024-10-07,2024-10,2024-W41,Social,Mobile,/services,2,245,0,1,,0
S00278,U0195,2024-10-07,2024-10,2024-W41,Organic,Desktop,/,3,301,0,1,,0
S00279,U0057,2024-10-07,2024-10,2024-W41,Organic,Mobile,/,5,498,0,0,,0
S00280,U0170,2024-10-07,2024-10,2024-W41,Email,Desktop,/tutors,7,90,0,0,,0
S00281,U0196,2024-10-07,2024-10,2024-W41,Email,Mobile,/,3,75,0,1,,0
S00282,U0197,2024-10-07,2024-10,2024-W41,Organic,Mobile,/services,2,130,0,1,,0
S00283,U0198,2024-10-07,2024-10,2024-W41,Organic,Mobile,/services,4,49,0,1,,0
S00284,U0065,2024-10-07,2024-10,2024-W41,Organic,Desktop,/,2,501,0,0,,0
S00285,U0199,2024-10-07,2024-10,2024-W41,Organic,Desktop,/about,3,42,0,1,,0
S00286,U0200,2024-10-07,2024-10,2024-W41,Direct,Mobile,/services,5,136,0,1,,0
S00287,U0201,2024-10-07,2024-10,2024-W41,Organic,Mobile,/,3,637,0,1,,0
S00288,U0202,2024-10-07,2024-10,2024-W41,Organic,Desktop,/,4,221,0,1,,0
S00289,U0203,2024-10-07,2024-10,2024-W41,Direct,Mobile,/services,5,23,0,1,,0
S00290,U0204,2024-10-07,2024-10,2024-W41,Organic,Desktop,/,6,144,0,1,,0
S00291,U0205,2024-10-07,2024-10,2024-W41,Email,Desktop,/about,5,106,0,1,,0
S00292,U0206,2024-10-07,2024-10,2024-W41,Direct,Desktop,/services,3,364,0,1,,0
S00293,U0207,2024-10-07,2024-10,2024-W41,Direct,Mobile,/about,4,471,0,1,,0
S00294,U0014,2024-10-07,2024-10,2024-W41,Direct,Mobile,/services,3,138,0,0,,0
S00295,U0208,2024-10-07,2024-10,2024-W41,Direct,Mobile,/services,4,178,0,1,,0
S00296,U0209,2024-10-07,2024-10,2024-W41,Social,Desktop,/contact,2,132,0,1,,0
S00297,U0210,2024-10-07,2024-10,2024-W41,Email,Mobile,/pricing,4,323,0,1,,0
S00298,U0211,2024-10-07,2024-10,2024-W41,Social,Mobile,/services,2,273,0,1,,0
S00299,U0014,2024-10-07,2024-10,2024-W41,Direct,Desktop,/,4,96,0,0,,0
S00300,U0212,2024-10-07,2024-10,2024-W41,Organic,Desktop,/,2,141,0,1,,0
S00301,U0126,2024-10-07,2024-10,2024-W41,Direct,Desktop,/tutors,6,97,0,0,,0
S00302,U0213,2024-10-07,2024-10,2024-W41,Paid,Mobile,/about,2,85,0,1,,0
S00303,U0145,2024-10-08,2024-10,2024-W41,Direct,Mobile,/,5,214,0,0,,0
S00304,U0064,2024-10-08,2024-10,2024-W41,Email,Desktop,/tutors,2,122,0,0,,1
S00305,U0214,2024-10-08,2024-10,2024-W41,Organic,Mobile,/pricing,2,109,0,1,,0
S00306,U0215,2024-10-08,2024-10,2024-W41,Organic,Desktop,/services,2,183,0,1,,0
S00307,U0216,2024-10-08,2024-10,2024-W41,Organic,Mobile,/tutors,5,412,0,1,,0
S00308,U0217,2024-10-08,2024-10,2024-W41,Direct,Desktop,/,2,106,0,1,,0
S00309,U0218,2024-10-08,2024-10,2024-W41,Email,Mobile,/pricing,1,194,0,1,,0
S00310,U0219,2024-10-08,2024-10,2024-W41,Direct,Desktop,/,4,212,0,1,,0
S00311,U0220,2024-10-08,2024-10,2024-W41,Organic,Desktop,/tutors,5,486,0,1,,0
S00312,U0055,2024-10-08,2024-10,2024-W41,Direct,Desktop,/tutors,3,140,0,0,,0
S00313,U0062,2024-10-08,2024-10,2024-W41,Organic,Mobile,/,2,211,0,0,,0
S00314,U0001,2024-10-08,2024-10,2024-W41,Direct,Desktop,/services,1,161,0,0,,0
S00315,U0221,2024-10-08,2024-10,2024-W41,Organic,Desktop,/services,4,150,0,1,,0
S00316,U0074,2024-10-08,2024-10,2024-W41,Paid,Desktop,/,6,81,0,0,,0
S00317,U0222,2024-10-08,2024-10,2024-W41,Email,Mobile,/,1,136,0,1,,0
S00318,U0223,2024-10-08,2024-10,2024-W41,Email,Desktop,/,2,114,0,1,,0
S00319,U0224,2024-10-08,2024-10,2024-W41,Direct,Tablet,/,4,208,0,1,,0
S00320,U0225,2024-10-08,2024-10,2024-W41,Organic,Desktop,/contact,2,220,0,1,,0
S00321,U0226,2024-10-08,2024-10,2024-W41,Paid,Mobile,/,2,184,0,1,,0
S00322,U0227,2024-10-08,2024-10,2024-W41,Organic,Desktop,/tutors,4,218,0,1,,0
S00323,U0228,2024-10-08,2024-10,2024-W41,Organic,Mobile,/,5,94,0,1,,0
S00324,U0079,2024-10-08,2024-10,2024-W41,Organic,Mobile,/,3,66,0,0,,0
S00325,U0229,2024-10-08,2024-10,2024-W41,Direct,Mobile,/,4,155,0,1,,0
S00326,U0230,2024-10-08,2024-10,2024-W41,Direct,Desktop,/about,3,136,0,1,,0
S00327,U0231,2024-10-08,2024-10,2024-W41,Organic,Tablet,/tutors,3,188,0,1,,0
S00328,U0139,2024-10-08,2024-10,2024-W41,Paid,Desktop,/services,7,236,0,0,,0
S00329,U0011,2024-10-08,2024-10,2024-W41,Email,Desktop,/,3,552,0,0,,0
S00330,U0232,2024-10-08,2024-10,2024-W41,Organic,Desktop,/,3,464,0,1,,0
S00331,U0059,2024-10-08,2024-10,2024-W41,Social,Mobile,/services,1,160,0,0,,0
S00332,U0233,2024-10-08,2024-10,2024-W41,Email,Desktop,/pricing,4,90,0,1,,0
S00333,U0234,2024-10-08,2024-10,2024-W41,Organic,Desktop,/tutors,4,220,0,1,,0
S00334,U0235,2024-10-08,2024-10,2024-W41,Organic,Mobile,/services,3,204,0,1,,0
S00335,U0194,2024-10-08,2024-10,2024-W41,Organic,Desktop,/services,6,130,0,0,,0
S00336,U0236,2024-10-08,2024-10,2024-W41,Social,Tablet,/tutors,5,313,0,1,,0
S00337,U0150,2024-10-08,2024-10,2024-W41,Organic,Desktop,/contact,1,135,0,0,,0
S00338,U0237,2024-10-08,2024-10,2024-W41,Direct,Desktop,/about,6,258,0,1,,0
S00339,U0238,2024-10-08,2024-10,2024-W41,Direct,Desktop,/services,2,121,0,1,,0
S00340,U0239,2024-10-08,2024-10,2024-W41,Direct,Desktop,/,3,169,0,1,,0
S00341,U0106,2024-10-08,2024-10,2024-W41,Organic,Mobile,/pricing,3,480,0,0,,0
S00342,U0103,2024-10-08,2024-10,2024-W41,Social,Desktop,/,7,349,0,0,,0
S00343,U0240,2024-10-08,2024-10,2024-W41,Direct,Mobile,/,2,266,0,1,,0
S00344,U0241,2024-10-08,2024-10,2024-W41,Direct,Desktop,/services,3,114,0,1,,0
S00345,U0242,2024-10-08,2024-10,2024-W41,Organic,Tablet,/pricing,6,277,0,1,,0
S00346,U0243,2024-10-08,2024-10,2024-W41,Organic,Desktop,/services,7,368,0,1,,0
S00347,U0244,2024-10-08,2024-10,2024-W41,Organic,Mobile,/pricing,1,102,0,1,,0
S00348,U0245,2024-10-09,2024-10,2024-W41,Social,Mobile,/pricing,2,575,0,1,,0
S00349,U0246,2024-10-09,2024-10,2024-W41,Social,Desktop,/,3,220,0,1,,0
S00350,U0247,2024-10-09,2024-10,2024-W41,Organic,Mobile,/about,5,549,0,1,,0
S00351,U0141,2024-10-09,2024-10,2024-W41,Organic,Mobile,/tutors,2,191,0,0,,0
S00352,U0226,2024-10-09,2024-10,2024-W41,Organic,Mobile,/pricing,1,108,0,0,,0
S00353,U0162,2024-10-09,2024-10,2024-W41,Organic,Desktop,/contact,1,74,0,0,,0
S00354,U0041,2024-10-09,2024-10,2024-W41,Direct,Mobile,/,3,487,0,0,,0
S00355,U0105,2024-10-09,2024-10,2024-W41,Organic,Desktop,/,1,238,0,0,,0
S00356,U0248,2024-10-09,2024-10,2024-W41,Paid,Desktop,/services,4,174,0,1,,0
S00357,U0249,2024-10-09,2024-10,2024-W41,Organic,Desktop,/,4,44,0,1,,0
S00358,U0250,2024-10-09,2024-10,2024-W41,Paid,Desktop,/tutors,2,163,0,1,,0
S00359,U0251,2024-10-09,2024-10,2024-W41,Organic,Desktop,/about,3,469,0,1,,0
S00360,U0214,2024-10-09,2024-10,2024-W41,Paid,Desktop,/tutors,4,407,0,0,,0
S00361,U0252,2024-10-09,2024-10,2024-W41,Email,Mobile,/pricing,4,150,0,1,,0
S00362,U0049,2024-10-09,2024-10,2024-W41,Organic,Mobile,/services,2,175,0,0,,0
S00363,U0253,2024-10-09,2024-10,2024-W41,Organic,Mobile,/tutors,3,163,0,1,,0
S00364,U0254,2024-10-09,2024-10,2024-W41,Direct,Mobile,/,2,351,0,1,,0
S00365,U0255,2024-10-09,2024-10,2024-W41,Social,Mobile,/services,1,103,0,1,,0
S00366,U0256,2024-10-09,2024-10,2024-W41,Email,Mobile,/pricing,4,90,0,1,,0
S00367,U0257,2024-10-09,2024-10,2024-W41,Paid,Mobile,/services,3,266,0,1,,0
S00368,U0251,2024-10-09,2024-10,2024-W41,Paid,Mobile,/pricing,4,67,0,0,,0
S00369,U0258,2024-10-09,2024-10,2024-W41,Direct,Mobile,/pricing,4,352,0,1,,0
S00370,U0259,2024-10-09,2024-10,2024-W41,Organic,Desktop,/,1,80,0,1,,0
S00371,U0260,2024-10-09,2024-10,2024-W41,Direct,Desktop,/tutors,2,341,0,1,,0
S00372,U0261,2024-10-09,2024-10,2024-W41,Organic,Desktop,/,1,178,0,1,,0
S00373,U0197,2024-10-09,2024-10,2024-W41,Email,Mobile,/,1,286,0,0,,0
S00374,U0262,2024-10-09,2024-10,2024-W41,Organic,Desktop,/about,5,393,0,1,,1
S00375,U0263,2024-10-09,2024-10,2024-W41,Paid,Desktop,/tutors,3,194,0,1,,0
S00376,U0264,2024-10-09,2024-10,2024-W41,Direct,Desktop,/tutors,7,30,0,1,,0
S00377,U0265,2024-10-09,2024-10,2024-W41,Organic,Mobile,/pricing,1,129,0,1,,0
S00378,U0266,2024-10-09,2024-10,2024-W41,Email,Desktop,/,1,143,0,1,,0
S00379,U0258,2024-10-09,2024-10,2024-W41,Organic,Mobile,/services,1,102,0,0,,0
S00380,U0267,2024-10-09,2024-10,2024-W41,Direct,Desktop,/,1,66,0,1,,0
S00381,U0268,2024-10-09,2024-10,2024-W41,Organic,Tablet,/services,5,410,0,1,,0
S00382,U0269,2024-10-09,2024-10,2024-W41,Direct,Mobile,/tutors,2,963,0,1,,1
S00383,U0080,2024-10-09,2024-10,2024-W41,Organic,Desktop,/services,3,256,0,0,,0
S00384,U0270,2024-10-09,2024-10,2024-W41,Direct,Desktop,/tutors,2,95,0,1,,0
S00385,U0271,2024-10-09,2024-10,2024-W41,Direct,Mobile,/,6,226,0,1,,0
S00386,U0169,2024-10-09,2024-10,2024-W41,Social,Mobile,/services,1,740,0,0,,0
S00387,U0272,2024-10-10,2024-10,2024-W41,Social,Desktop,/services,2,269,0,1,,0
S00388,U0273,2024-10-10,2024-10,2024-W41,Social,Desktop,/services,3,187,0,1,,0
S00389,U0274,2024-10-10,2024-10,2024-W41,Organic,Desktop,/,3,111,0,1,,0
S00390,U0036,2024-10-10,2024-10,2024-W41,Email,Desktop,/pricing,1,31,0,0,,0
S00391,U0275,2024-10-10,2024-10,2024-W41,Email,Mobile,/tutors,4,554,0,1,,0
S00392,U0047,2024-10-10,2024-10,2024-W41,Email,Desktop,/about,6,252,0,0,,0
S00393,U0052,2024-10-10,2024-10,2024-W41,Direct,Mobile,/,2,168,0,0,,0
S00394,U0276,2024-10-10,2024-10,2024-W41,Organic,Desktop,/,3,68,0,1,,0
S00395,U0029,2024-10-10,2024-10,2024-W41,Email,Desktop,/contact,3,272,0,0,,0
S00396,U0277,2024-10-10,2024-10,2024-W41,Direct,Desktop,/,2,413,0,1,,0
S00397,U0278,2024-10-10,2024-10,2024-W41,Direct,Desktop,/tutors,3,418,0,1,,0
S00398,U0279,2024-10-10,2024-10,2024-W41,Organic,Desktop,/,1,278,0,1,,0
S00399,U0196,2024-10-10,2024-10,2024-W41,Organic,Mobile,/tutors,1,239,0,0,,0
S00400,U0074,2024-10-10,2024-10,2024-W41,Organic,Mobile,/,7,51,0,0,,0
S00401,U0280,2024-10-10,2024-10,2024-W41,Organic,Tablet,/services,4,459,0,1,,0
S00402,U0281,2024-10-10,2024-10,2024-W41,Organic,Desktop,/,4,94,0,1,,0
S00403,U0282,2024-10-10,2024-10,2024-W41,Organic,Mobile,/pricing,1,527,0,1,,0
S00404,U0283,2024-10-10,2024-10,2024-W41,Direct,Mobile,/,8,300,0,1,,0
S00405,U0284,2024-10-10,2024-10,2024-W41,Direct,Mobile,/tutors,6,153,0,1,,0
S00406,U0218,2024-10-10,2024-10,2024-W41,Organic,Desktop,/services,4,283,0,0,,0
S00407,U0285,2024-10-10,2024-10,2024-W41,Email,Mobile,/pricing,3,63,0,1,,0
S00408,U0286,2024-10-10,2024-10,2024-W41,Direct,Mobile,/pricing,2,362,0,1,,0
S00409,U0196,2024-10-10,2024-10,2024-W41,Direct,Mobile,/tutors,4,252,0,0,,0
S00410,U0287,2024-10-10,2024-10,2024-W41,Organic,Mobile,/,3,262,0,1,,0
S00411,U0203,2024-10-10,2024-10,2024-W41,Direct,Desktop,/pricing,5,381,0,0,,0
S00412,U0288,2024-10-10,2024-10,2024-W41,Organic,Mobile,/about,1,223,0,1,,0
S00413,U0289,2024-10-10,2024-10,2024-W41,Direct,Tablet,/,1,470,0,1,,1
S00414,U0290,2024-10-10,2024-10,2024-W41,Paid,Mobile,/,3,164,0,1,,0
S00415,U0291,2024-10-10,2024-10,2024-W41,Organic,Desktop,/,1,45,0,1,,0
S00416,U0292,2024-10-10,2024-10,2024-W41,Paid,Mobile,/,4,150,0,1,,0
S00417,U0293,2024-10-10,2024-10,2024-W41,Organic,Desktop,/pricing,2,97,0,1,,0
S00418,U0294,2024-10-10,2024-10,2024-W41,Organic,Desktop,/services,2,64,0,1,,0
S00419,U0295,2024-10-10,2024-10,2024-W41,Organic,Mobile,/,3,135,0,1,,0
S00420,U0296,2024-10-10,2024-10,2024-W41,Direct,Desktop,/services,3,230,0,1,,0
S00421,U0297,2024-10-10,2024-10,2024-W41,Direct,Mobile,/,7,785,0,1,,0
S00422,U0298,2024-10-10,2024-10,2024-W41,Direct,Mobile,/,5,347,0,1,,0
S00423,U0299,2024-10-10,2024-10,2024-W41,Direct,Mobile,/tutors,4,149,0,1,,0
S00424,U0152,2024-10-10,2024-10,2024-W41,Organic,Mobile,/tutors,2,142,0,0,,0
S00425,U0300,2024-10-11,2024-10,2024-W41,Organic,Desktop,/pricing,4,116,0,1,,0
S00426,U0301,2024-10-11,2024-10,2024-W41,Organic,Desktop,/,5,353,0,1,,0
S00427,U0302,2024-10-11,2024-10,2024-W41,Social,Desktop,/services,3,229,0,1,,0
S00428,U0085,2024-10-11,2024-10,2024-W41,Organic,Desktop,/,1,244,0,0,,0
S00429,U0303,2024-10-11,2024-10,2024-W41,Organic,Desktop,/services,3,171,0,1,,0
S00430,U0304,2024-10-11,2024-10,2024-W41,Direct,Tablet,/,4,369,0,1,,0
S00431,U0305,2024-10-11,2024-10,2024-W41,Organic,Desktop,/,2,335,0,1,,0
S00432,U0306,2024-10-11,2024-10,2024-W41,Direct,Desktop,/services,2,215,0,1,,0
S00433,U0307,2024-10-11,2024-10,2024-W41,Organic,Desktop,/services,2,114,0,1,,0
S00434,U0308,2024-10-11,2024-10,2024-W41,Social,Desktop,/tutors,3,235,0,1,,0
S00435,U0309,2024-10-11,2024-10,2024-W41,Direct,Mobile,/pricing,1,108,0,1,,0
S00436,U0310,2024-10-11,2024-10,2024-W41,Direct,Mobile,/contact,2,158,0,1,,0
S00437,U0275,2024-10-11,2024-10,2024-W41,Email,Tablet,/,6,316,0,0,,0
S00438,U0311,2024-10-11,2024-10,2024-W41,Paid,Desktop,/,5,56,0,1,,0
S00439,U0196,2024-10-11,2024-10,2024-W41,Direct,Desktop,/,4,402,0,0,,0
S00440,U0312,2024-10-11,2024-10,2024-W41,Organic,Mobile,/,3,124,0,1,,0
S00441,U0013,2024-10-11,2024-10,2024-W41,Direct,Mobile,/,4,350,0,0,,0
S00442,U0313,2024-10-11,2024-10,2024-W41,Organic,Mobile,/tutors,5,348,0,1,,0
S00443,U0314,2024-10-11,2024-10,2024-W41,Organic,Desktop,/services,3,118,0,1,,0
S00444,U0315,2024-10-11,2024-10,2024-W41,Organic,Desktop,/,3,77,0,1,,0
S00445,U0316,2024-10-11,2024-10,2024-W41,Direct,Mobile,/,7,498,0,1,,0
S00446,U0024,2024-10-11,2024-10,2024-W41,Social,Mobile,/,2,92,0,0,,0
S00447,U0317,2024-10-11,2024-10,2024-W41,Paid,Desktop,/tutors,1,204,0,1,,0
S00448,U0276,2024-10-11,2024-10,2024-W41,Direct,Desktop,/contact,2,105,0,0,,0
S00449,U0318,2024-10-11,2024-10,2024-W41,Social,Tablet,/tutors,1,39,0,1,,0
S00450,U0319,2024-10-11,2024-10,2024-W41,Direct,Desktop,/pricing,3,91,0,1,,0
S00451,U0320,2024-10-11,2024-10,2024-W41,Social,Desktop,/services,3,64,0,1,,0
S00452,U0213,2024-10-11,2024-10,2024-W41,Direct,Mobile,/services,4,59,0,0,,0
S00453,U0321,2024-10-11,2024-10,2024-W41,Organic,Tablet,/services,1,237,0,1,,0
S00454,U0322,2024-10-11,2024-10,2024-W41,Direct,Desktop,/services,4,867,0,1,,0
S00455,U0323,2024-10-11,2024-10,2024-W41,Organic,Mobile,/tutors,1,209,0,1,,0
S00456,U0324,2024-10-11,2024-10,2024-W41,Direct,Mobile,/services,4,267,0,1,,0
S00457,U0325,2024-10-11,2024-10,2024-W41,Direct,Mobile,/pricing,2,116,0,1,,0
S00458,U0326,2024-10-11,2024-10,2024-W41,Organic,Desktop,/services,3,213,0,1,,0
S00459,U0327,2024-10-11,2024-10,2024-W41,Email,Tablet,/services,7,240,0,1,,1
S00460,U0063,2024-10-11,2024-10,2024-W41,Email,Mobile,/services,4,147,0,0,,0
S00461,U0328,2024-10-11,2024-10,2024-W41,Social,Desktop,/,3,173,0,1,,0
S00462,U0328,2024-10-11,2024-10,2024-W41,Organic,Desktop,/pricing,8,480,0,0,,0
S00463,U0171,2024-10-12,2024-10,2024-W41,Organic,Tablet,/services,2,258,0,0,,0
S00464,U0290,2024-10-12,2024-10,2024-W41,Organic,Desktop,/services,3,72,0,0,,0
S00465,U0329,2024-10-12,2024-10,2024-W41,Organic,Desktop,/,1,419,0,1,,0
S00466,U0330,2024-10-12,2024-10,2024-W41,Social,Tablet,/about,1,681,0,1,,0
S00467,U0076,2024-10-12,2024-10,2024-W41,Paid,Desktop,/tutors,1,39,0,0,,0
S00468,U0331,2024-10-12,2024-10,2024-W41,Organic,Mobile,/tutors,1,520,0,1,,0
S00469,U0332,2024-10-12,2024-10,2024-W41,Organic,Tablet,/,4,45,0,1,,0
S00470,U0333,2024-10-12,2024-10,2024-W41,Direct,Mobile,/contact,3,238,0,1,,0
S00471,U0014,2024-10-12,2024-10,2024-W41,Organic,Desktop,/pricing,1,355,0,0,,0
S00472,U0334,2024-10-12,2024-10,2024-W41,Organic,Desktop,/,3,134,0,1,,0
S00473,U0335,2024-10-12,2024-10,2024-W41,Direct,Mobile,/services,1,111,0,1,,1
S00474,U0065,2024-10-12,2024-10,2024-W41,Direct,Mobile,/services,1,261,0,0,,0
S00475,U0336,2024-10-12,2024-10,2024-W41,Email,Desktop,/,4,63,0,1,,0
S00476,U0337,2024-10-12,2024-10,2024-W41,Email,Mobile,/pricing,3,337,0,1,,0
S00477,U0338,2024-10-12,2024-10,2024-W41,Organic,Mobile,/,7,134,0,1,,0
S00478,U0339,2024-10-12,2024-10,2024-W41,Direct,Mobile,/about,3,153,0,1,,0
S00479,U0338,2024-10-12,2024-10,2024-W41,Organic,Tablet,/pricing,2,380,0,0,,0
S00480,U0340,2024-10-12,2024-10,2024-W41,Organic,Mobile,/about,4,279,0,1,,0
S00481,U0246,2024-10-12,2024-10,2024-W41,Organic,Desktop,/pricing,6,126,0,0,,0
S00482,U0341,2024-10-12,2024-10,2024-W41,Organic,Mobile,/,3,370,0,1,,0
S00483,U0342,2024-10-12,2024-10,2024-W41,Organic,Mobile,/,4,92,0,1,,0
S00484,U0343,2024-10-12,2024-10,2024-W41,Organic,Desktop,/,3,492,0,1,,0
S00485,U0065,2024-10-12,2024-10,2024-W41,Email,Tablet,/,1,663,0,0,,0
S00486,U0344,2024-10-12,2024-10,2024-W41,Direct,Desktop,/,3,863,0,1,,0
S00487,U0345,2024-10-12,2024-10,2024-W41,Direct,Mobile,/,4,198,0,1,,0
S00488,U0346,2024-10-12,2024-10,2024-W41,Organic,Mobile,/pricing,2,204,0,1,,0
S00489,U0347,2024-10-12,2024-10,2024-W41,Organic,Mobile,/pricing,1,37,0,1,,0
S00490,U0348,2024-10-12,2024-10,2024-W41,Social,Mobile,/pricing,2,319,0,1,,0
S00491,U0349,2024-10-12,2024-10,2024-W41,Organic,Desktop,/services,1,87,0,1,,0
S00492,U0350,2024-10-12,2024-10,2024-W41,Social,Tablet,/services,2,536,0,1,,0
S00493,U0351,2024-10-12,2024-10,2024-W41,Organic,Mobile,/,1,59,0,1,,0
S00494,U0352,2024-10-12,2024-10,2024-W41,Organic,Tablet,/,6,112,0,1,,0
S00495,U0353,2024-10-12,2024-10,2024-W41,Direct,Mobile,/tutors,2,72,0,1,,0
S00496,U0354,2024-10-12,2024-10,2024-W41,Email,Mobile,/,5,450,0,1,,0
S00497,U0355,2024-10-12,2024-10,2024-W41,Organic,Desktop,/contact,1,418,0,1,,0
S00498,U0356,2024-10-12,2024-10,2024-W41,Organic,Desktop,/,2,239,0,1,,0
S00499,U0357,2024-10-12,2024-10,2024-W41,Organic,Mobile,/services,2,52,0,1,,0
S00500,U0191,2024-10-12,2024-10,2024-W41,Email,Desktop,/tutors,6,222,0,0,,0
S00501,U0358,2024-10-12,2024-10,2024-W41,Direct,Desktop,/,2,271,0,1,,0
S00502,U0359,2024-10-12,2024-10,2024-W41,Organic,Mobile,/services,5,762,0,1,,0
S00503,U0182,2024-10-12,2024-10,2024-W41,Paid,Desktop,/,2,215,0,0,,0
S00504,U0360,2024-10-12,2024-10,2024-W41,Direct,Desktop,/about,5,82,0,1,,0
S00505,U0361,2024-10-12,2024-10,2024-W41,Direct,Desktop,/pricing,1,102,0,1,,1
S00506,U0160,2024-10-12,2024-10,2024-W41,Paid,Mobile,/services,4,864,0,0,,0
S00507,U0362,2024-10-12,2024-10,2024-W41,Organic,Desktop,/tutors,2,74,0,1,,0
S00508,U0363,2024-10-12,2024-10,2024-W41,Direct,Mobile,/tutors,4,136,0,1,,0
S00509,U0285,2024-10-12,2024-10,2024-W41,Social,Desktop,/,2,97,0,0,,0
S00510,U0364,2024-10-12,2024-10,2024-W41,Paid,Mobile,/services,2,127,0,1,,0
S00511,U0365,2024-10-13,2024-10,2024-W41,Email,Desktop,/services,1,283,0,1,,0
S00512,U0366,2024-10-13,2024-10,2024-W41,Direct,Mobile,/contact,5,94,0,1,,0
S00513,U0367,2024-10-13,2024-10,2024-W41,Organic,Mobile,/tutors,3,105,0,1,,0
S00514,U0337,2024-10-13,2024-10,2024-W41,Social,Desktop,/pricing,2,131,0,0,,0
S00515,U0093,2024-10-13,2024-10,2024-W41,Social,Mobile,/tutors,7,451,0,0,,0
S00516,U0368,2024-10-13,2024-10,2024-W41,Organic,Mobile,/tutors,2,115,0,1,,0
S00517,U0369,2024-10-13,2024-10,2024-W41,Email,Desktop,/,1,316,0,1,,0
S00518,U0337,2024-10-13,2024-10,2024-W41,Organic,Desktop,/services,1,72,0,0,,0
S00519,U0325,2024-10-13,2024-10,2024-W41,Direct,Desktop,/,2,433,0,0,,0
S00520,U0272,2024-10-13,2024-10,2024-W41,Direct,Mobile,/,3,134,0,0,,0
S00521,U0370,2024-10-13,2024-10,2024-W41,Organic,Desktop,/,2,975,0,1,,0
S00522,U0371,2024-10-13,2024-10,2024-W41,Organic,Desktop,/services,1,292,0,1,,0
S00523,U0372,2024-10-13,2024-10,2024-W41,Organic,Desktop,/tutors,1,396,0,1,,0
S00524,U0027,2024-10-13,2024-10,2024-W41,Direct,Desktop,/,2,33,0,0,,0
S00525,U0373,2024-10-13,2024-10,2024-W41,Organic,Desktop,/,3,198,0,1,,1
S00526,U0227,2024-10-13,2024-10,2024-W41,Organic,Mobile,/,4,272,0,0,,0
S00527,U0374,2024-10-13,2024-10,2024-W41,Organic,Mobile,/contact,2,187,0,1,,0
S00528,U0263,2024-10-13,2024-10,2024-W41,Organic,Mobile,/about,5,188,0,0,,0
S00529,U0375,2024-10-13,2024-10,2024-W41,Organic,Mobile,/tutors,4,148,0,1,,0
S00530,U0376,2024-10-13,2024-10,2024-W41,Organic,Desktop,/services,5,77,0,1,,0
S00531,U0377,2024-10-13,2024-10,2024-W41,Email,Desktop,/tutors,3,41,0,1,,1
S00532,U0378,2024-10-13,2024-10,2024-W41,Direct,Desktop,/services,1,78,0,1,,0
S00533,U0155,2024-10-13,2024-10,2024-W41,Email,Mobile,/,5,366,0,0,,0
S00534,U0379,2024-10-13,2024-10,2024-W41,Direct,Mobile,/services,2,76,0,1,,0
S00535,U0062,2024-10-13,2024-10,2024-W41,Organic,Mobile,/tutors,3,190,0,0,,1
S00536,U0380,2024-10-13,2024-10,2024-W41,Direct,Desktop,/about,3,135,0,1,,0
S00537,U0381,2024-10-13,2024-10,2024-W41,Direct,Mobile,/,4,493,0,1,,0
S00538,U0382,2024-10-13,2024-10,2024-W41,Organic,Desktop,/,4,247,0,1,,0
S00539,U0383,2024-10-13,2024-10,2024-W41,Organic,Desktop,/tutors,3,55,0,1,,0
S00540,U0384,2024-10-13,2024-10,2024-W41,Email,Mobile,/,1,195,0,1,,1
S00541,U0040,2024-10-13,2024-10,2024-W41,Social,Desktop,/,6,831,0,0,,0
S00542,U0385,2024-10-13,2024-10,2024-W41,Social,Desktop,/about,1,331,0,1,,0
S00543,U0386,2024-10-13,2024-10,2024-W41,Direct,Mobile,/contact,3,338,0,1,,0
S00544,U0011,2024-10-13,2024-10,2024-W41,Direct,Tablet,/tutors,6,96,0,0,,0
S00545,U0317,2024-10-13,2024-10,2024-W41,Email,Mobile,/services,4,184,0,0,,0
S00546,U0387,2024-10-13,2024-10,2024-W41,Organic,Desktop,/contact,6,56,0,1,,0
S00547,U0388,2024-10-13,2024-10,2024-W41,Organic,Desktop,/,1,177,0,1,,0
S00548,U0389,2024-10-13,2024-10,2024-W41,Social,Mobile,/tutors,4,101,0,1,,0
S00549,U0159,2024-10-13,2024-10,2024-W41,Paid,Mobile,/,2,182,0,0,,0
S00550,U0087,2024-10-13,2024-10,2024-W41,Social,Mobile,/pricing,3,34,0,0,,0
S00551,U0390,2024-10-13,2024-10,2024-W41,Social,Tablet,/about,4,348,0,1,,0
S00552,U0179,2024-10-13,2024-10,2024-W41,Organic,Desktop,/pricing,4,128,0,0,,0
S00553,U0391,2024-10-13,2024-10,2024-W41,Direct,Desktop,/pricing,5,194,0,1,,0
S00554,U0053,2024-10-13,2024-10,2024-W41,Email,Mobile,/services,3,769,0,0,,0
S00555,U0309,2024-10-13,2024-10,2024-W41,Social,Desktop,/,3,192,0,0,,0
S00556,U0392,2024-10-13,2024-10,2024-W41,Email,Desktop,/services,1,210,0,1,,1
S00557,U0393,2024-10-13,2024-10,2024-W41,Paid,Desktop,/contact,5,60,0,1,,0
S00558,U0394,2024-10-13,2024-10,2024-W41,Organic,Desktop,/pricing,5,66,0,1,,0
S00559,U0395,2024-10-14,2024-10,2024-W42,Direct,Desktop,/,5,193,0,1,,0
S00560,U0396,2024-10-14,2024-10,2024-W42,Organic,Desktop,/about,1,679,0,1,,0
S00561,U0397,2024-10-14,2024-10,2024-W42,Social,Mobile,/,3,204,0,1,,0
S00562,U0398,2024-10-14,2024-10,2024-W42,Organic,Mobile,/contact,2,143,0,1,,0
S00563,U0399,2024-10-14,2024-10,2024-W42,Organic,Desktop,/,5,493,0,1,,0
S00564,U0400,2024-10-14,2024-10,2024-W42,Email,Desktop,/,7,126,0,1,,0
S00565,U0401,2024-10-14,2024-10,2024-W42,Email,Desktop,/,2,308,0,1,,0
S00566,U0237,2024-10-14,2024-10,2024-W42,Organic,Desktop,/tutors,1,116,0,0,,0
S00567,U0147,2024-10-14,2024-10,2024-W42,Organic,Desktop,/contact,3,378,0,0,,0
S00568,U0402,2024-10-14,2024-10,2024-W42,Organic,Desktop,/pricing,2,142,0,1,,0
S00569,U0403,2024-10-14,2024-10,2024-W42,Organic,Mobile,/about,2,209,0,1,,0
S00570,U0404,2024-10-14,2024-10,2024-W42,Organic,Mobile,/services,1,514,0,1,,0
S00571,U0405,2024-10-14,2024-10,2024-W42,Email,Tablet,/services,2,158,0,1,,0
S00572,U0406,2024-10-14,2024-10,2024-W42,Direct,Desktop,/services,2,214,0,1,,0
S00573,U0407,2024-10-14,2024-10,2024-W42,Email,Mobile,/services,2,81,0,1,,0
S00574,U0408,2024-10-14,2024-10,2024-W42,Organic,Desktop,/,3,253,0,1,,0
S00575,U0053,2024-10-14,2024-10,2024-W42,Organic,Tablet,/pricing,2,250,0,0,,0
S00576,U0409,2024-10-14,2024-10,2024-W42,Organic,Mobile,/contact,1,116,0,1,,0
S00577,U0331,2024-10-14,2024-10,2024-W42,Social,Mobile,/,1,466,0,0,,0
S00578,U0225,2024-10-14,2024-10,2024-W42,Direct,Desktop,/,3,266,0,0,,0
S00579,U0410,2024-10-14,2024-10,2024-W42,Organic,Desktop,/services,4,396,0,1,,0
S00580,U0411,2024-10-14,2024-10,2024-W42,Social,Desktop,/tutors,2,60,0,1,,0
S00581,U0412,2024-10-14,2024-10,2024-W42,Organic,Mobile,/,3,135,0,1,,0
S00582,U0413,2024-10-14,2024-10,2024-W42,Organic,Desktop,/services,1,160,0,1,,1
S00583,U0414,2024-10-14,2024-10,2024-W42,Organic,Desktop,/about,4,234,0,1,,0
S00584,U0415,2024-10-14,2024-10,2024-W42,Organic,Desktop,/,6,680,0,1,,0
S00585,U0416,2024-10-14,2024-10,2024-W42,Direct,Desktop,/services,4,230,0,1,,0
S00586,U0417,2024-10-14,2024-10,2024-W42,Social,Mobile,/pricing,5,208,0,1,,0
S00587,U0418,2024-10-14,2024-10,2024-W42,Paid,Mobile,/services,2,339,0,1,,0
S00588,U0340,2024-10-14,2024-10,2024-W42,Email,Desktop,/pricing,3,298,0,0,,0
S00589,U0419,2024-10-14,2024-10,2024-W42,Direct,Desktop,/services,5,406,0,1,,0
S00590,U0420,2024-10-14,2024-10,2024-W42,Social,Desktop,/,3,92,0,1,,0
S00591,U0421,2024-10-14,2024-10,2024-W42,Organic,Desktop,/pricing,3,390,0,1,,0
S00592,U0422,2024-10-14,2024-10,2024-W42,Email,Tablet,/about,3,262,0,1,,0
S00593,U0423,2024-10-14,2024-10,2024-W42,Organic,Desktop,/pricing,5,245,0,1,,0
S00594,U0424,2024-10-14,2024-10,2024-W42,Social,Desktop,/tutors,3,485,0,1,,0
S00595,U0425,2024-10-14,2024-10,2024-W42,Organic,Desktop,/,8,168,0,1,,0
S00596,U0426,2024-10-14,2024-10,2024-W42,Email,Desktop,/services,4,149,0,1,,0
S00597,U0427,2024-10-14,2024-10,2024-W42,Direct,Tablet,/tutors,4,240,0,1,,0
S00598,U0428,2024-10-14,2024-10,2024-W42,Direct,Desktop,/pricing,2,211,0,1,,0
S00599,U0393,2024-10-14,2024-10,2024-W42,Organic,Desktop,/contact,3,844,0,0,,0
S00600,U0071,2024-10-14,2024-10,2024-W42,Paid,Desktop,/services,2,97,0,0,,0
S00601,U0404,2024-10-14,2024-10,2024-W42,Organic,Mobile,/contact,2,185,0,0,,0
S00602,U0429,2024-10-14,2024-10,2024-W42,Direct,Mobile,/,3,146,0,1,,0
S00603,U0430,2024-10-14,2024-10,2024-W42,Social,Desktop,/,2,184,0,1,,1
S00604,U0431,2024-10-14,2024-10,2024-W42,Organic,Desktop,/services,2,58,0,1,,0
S00605,U0193,2024-10-14,2024-10,2024-W42,Social,Desktop,/,4,119,0,0,,0
S00606,U0355,2024-10-14,2024-10,2024-W42,Organic,Desktop,/services,8,168,0,0,,0
S00607,U0432,2024-10-15,2024-10,2024-W42,Organic,Mobile,/about,4,178,0,1,,0
S00608,U0433,2024-10-15,2024-10,2024-W42,Direct,Desktop,/contact,1,104,0,1,,0
S00609,U0434,2024-10-15,2024-10,2024-W42,Organic,Mobile,/pricing,3,218,0,1,,0
S00610,U0435,2024-10-15,2024-10,2024-W42,Direct,Mobile,/,4,117,0,1,,0
S00611,U0436,2024-10-15,2024-10,2024-W42,Social,Mobile,/tutors,3,70,0,1,,0
S00612,U0437,2024-10-15,2024-10,2024-W42,Organic,Desktop,/,3,421,0,1,,0
S00613,U0438,2024-10-15,2024-10,2024-W42,Organic,Mobile,/,1,694,0,1,,0
S00614,U0439,2024-10-15,2024-10,2024-W42,Direct,Mobile,/services,3,39,0,1,,0
S00615,U0440,2024-10-15,2024-10,2024-W42,Social,Desktop,/pricing,3,207,0,1,,0
S00616,U0441,2024-10-15,2024-10,2024-W42,Email,Mobile,/services,3,253,0,1,,0
S00617,U0442,2024-10-15,2024-10,2024-W42,Organic,Desktop,/,4,478,0,1,,0
S00618,U0443,2024-10-15,2024-10,2024-W42,Email,Desktop,/,4,122,0,1,,0
S00619,U0444,2024-10-15,2024-10,2024-W42,Direct,Desktop,/about,1,71,0,1,,0
S00620,U0329,2024-10-15,2024-10,2024-W42,Organic,Mobile,/,4,47,0,0,,0
S00621,U0445,2024-10-15,2024-10,2024-W42,Email,Mobile,/services,8,165,0,1,,0
S00622,U0446,2024-10-15,2024-10,2024-W42,Organic,Tablet,/,3,132,0,1,,0
S00623,U0043,2024-10-15,2024-10,2024-W42,Direct,Desktop,/contact,2,148,0,0,,0
S00624,U0263,2024-10-15,2024-10,2024-W42,Direct,Desktop,/,3,233,0,0,,0
S00625,U0447,2024-10-15,2024-10,2024-W42,Organic,Mobile,/contact,3,52,0,1,,0
S00626,U0231,2024-10-15,2024-10,2024-W42,Direct,Desktop,/,4,159,0,0,,0
S00627,U0448,2024-10-15,2024-10,2024-W42,Email,Desktop,/pricing,2,167,0,1,,0
S00628,U0449,2024-10-15,2024-10,2024-W42,Organic,Mobile,/about,4,74,0,1,,0
S00629,U0450,2024-10-15,2024-10,2024-W42,Social,Desktop,/tutors,5,311,0,1,,0
S00630,U0164,2024-10-15,2024-10,2024-W42,Organic,Desktop,/tutors,2,209,0,0,,0
S00631,U0451,2024-10-15,2024-10,2024-W42,Organic,Desktop,/,2,269,0,1,,0
S00632,U0452,2024-10-15,2024-10,2024-W42,Paid,Tablet,/pricing,3,18,0,1,,0
S00633,U0425,2024-10-15,2024-10,2024-W42,Paid,Desktop,/services,5,140,0,0,,0
S00634,U0453,2024-10-15,2024-10,2024-W42,Direct,Desktop,/services,5,184,0,1,,0
S00635,U0454,2024-10-15,2024-10,2024-W42,Email,Desktop,/services,2,507,0,1,,0
S00636,U0455,2024-10-15,2024-10,2024-W42,Email,Desktop,/,4,111,0,1,,1
S00637,U0077,2024-10-15,2024-10,2024-W42,Direct,Desktop,/about,4,17,0,0,,0
S00638,U0456,2024-10-15,2024-10,2024-W42,Direct,Mobile,/services,1,290,0,1,,0
S00639,U0148,2024-10-15,2024-10,2024-W42,Organic,Mobile,/pricing,5,332,0,0,,0
S00640,U0123,2024-10-15,2024-10,2024-W42,Organic,Desktop,/,3,143,0,0,,0
S00641,U0457,2024-10-15,2024-10,2024-W42,Organic,Desktop,/tutors,5,171,0,1,,0
S00642,U0256,2024-10-15,2024-10,2024-W42,Organic,Mobile,/pricing,1,242,0,0,,0
S00643,U0264,2024-10-15,2024-10,2024-W42,Organic,Mobile,/,2,55,0,0,,0
S00644,U0458,2024-10-15,2024-10,2024-W42,Organic,Mobile,/,2,153,0,1,,0
S00645,U0181,2024-10-15,2024-10,2024-W42,Organic,Desktop,/,5,83,0,0,,0
S00646,U0459,2024-10-15,2024-10,2024-W42,Organic,Desktop,/,6,318,0,1,,0
S00647,U0185,2024-10-15,2024-10,2024-W42,Email,Desktop,/services,4,45,0,0,,1
S00648,U0460,2024-10-15,2024-10,2024-W42,Email,Mobile,/pricing,5,87,0,1,,0
S00649,U0461,2024-10-15,2024-10,2024-W42,Direct,Desktop,/,5,34,0,1,,0
S00650,U0462,2024-10-15,2024-10,2024-W42,Direct,Desktop,/,2,140,0,1,,0
S00651,U0463,2024-10-15,2024-10,2024-W42,Direct,Desktop,/pricing,4,111,0,1,,0
S00652,U0009,2024-10-15,2024-10,2024-W42,Direct,Mobile,/tutors,2,233,0,0,,0
S00653,U0124,2024-10-15,2024-10,2024-W42,Organic,Desktop,/,3,248,0,0,,0
S00654,U0464,2024-10-15,2024-10,2024-W42,Organic,Mobile,/tutors,2,42,0,1,,0
S00655,U0465,2024-10-15,2024-10,2024-W42,Social,Mobile,/,1,106,0,1,,0
S00656,U0280,2024-10-15,2024-10,2024-W42,Organic,Desktop,/pricing,5,212,0,0,,0
S00657,U0466,2024-10-16,2024-10,2024-W42,Organic,Tablet,/tutors,1,88,0,1,,0
S00658,U0467,2024-10-16,2024-10,2024-W42,Email,Mobile,/tutors,4,83,0,1,,0
S00659,U0468,2024-10-16,2024-10,2024-W42,Organic,Mobile,/services,4,117,0,1,,0
S00660,U0367,2024-10-16,2024-10,2024-W42,Direct,Mobile,/contact,3,171,0,0,,0
S00661,U0469,2024-10-16,2024-10,2024-W42,Organic,Desktop,/,3,542,0,1,,0
S00662,U0103,2024-10-16,2024-10,2024-W42,Email,Desktop,/tutors,5,76,0,0,,0
S00663,U0470,2024-10-16,2024-10,2024-W42,Social,Desktop,/,3,463,0,1,,0
S00664,U0471,2024-10-16,2024-10,2024-W42,Social,Mobile,/pricing,1,145,0,1,,0
S00665,U0472,2024-10-16,2024-10,2024-W42,Direct,Desktop,/,3,89,0,1,,1
S00666,U0473,2024-10-16,2024-10,2024-W42,Organic,Mobile,/,1,196,0,1,,0
S00667,U0474,2024-10-16,2024-10,2024-W42,Direct,Mobile,/pricing,2,71,0,1,,0
S00668,U0475,2024-10-16,2024-10,2024-W42,Direct,Mobile,/,3,62,0,1,,0
S00669,U0476,2024-10-16,2024-10,2024-W42,Organic,Mobile,/pricing,3,72,0,1,,0
S00670,U0477,2024-10-16,2024-10,2024-W42,Email,Mobile,/,2,263,0,1,,0
S00671,U0478,2024-10-16,2024-10,2024-W42,Direct,Desktop,/services,2,69,0,1,,0
S00672,U0355,2024-10-16,2024-10,2024-W42,Social,Desktop,/tutors,4,227,0,0,,0
S00673,U0479,2024-10-16,2024-10,2024-W42,Organic,Desktop,/,5,359,0,1,,0
S00674,U0480,2024-10-16,2024-10,2024-W42,Organic,Mobile,/tutors,4,693,0,1,,0
S00675,U0309,2024-10-16,2024-10,2024-W42,Social,Desktop,/,3,174,0,0,,0
S00676,U0151,2024-10-16,2024-10,2024-W42,Organic,Desktop,/,2,268,0,0,,0
S00677,U0339,2024-10-16,2024-10,2024-W42,Organic,Mobile,/,5,122,0,0,,0
S00678,U0481,2024-10-16,2024-10,2024-W42,Direct,Mobile,/contact,5,428,0,1,,0
S00679,U0228,2024-10-16,2024-10,2024-W42,Paid,Mobile,/tutors,3,328,0,0,,0
S00680,U0446,2024-10-16,2024-10,2024-W42,Direct,Desktop,/about,4,108,0,0,,0
S00681,U0482,2024-10-16,2024-10,2024-W42,Email,Desktop,/services,5,163,0,1,,0
S00682,U0483,2024-10-16,2024-10,2024-W42,Direct,Desktop,/,4,149,0,1,,0
S00683,U0344,2024-10-16,2024-10,2024-W42,Organic,Mobile,/contact,3,341,0,0,,0
S00684,U0484,2024-10-16,2024-10,2024-W42,Social,Desktop,/,4,114,0,1,,0
S00685,U0485,2024-10-16,2024-10,2024-W42,Organic,Desktop,/contact,1,126,0,1,,0
S00686,U0312,2024-10-16,2024-10,2024-W42,Direct,Desktop,/,3,460,0,0,,0
S00687,U0486,2024-10-16,2024-10,2024-W42,Organic,Desktop,/services,5,323,0,1,,0
S00688,U0331,2024-10-16,2024-10,2024-W42,Direct,Desktop,/pricing,5,202,0,0,,0
S00689,U0487,2024-10-16,2024-10,2024-W42,Direct,Mobile,/,2,723,0,1,,0
S00690,U0488,2024-10-16,2024-10,2024-W42,Organic,Mobile,/,2,55,0,1,,0
S00691,U0489,2024-10-16,2024-10,2024-W42,Direct,Desktop,/,2,146,0,1,,0
S00692,U0490,2024-10-16,2024-10,2024-W42,Direct,Desktop,/services,1,415,0,1,,0
S00693,U0491,2024-10-16,2024-10,2024-W42,Email,Desktop,/tutors,3,89,0,1,,0
S00694,U0492,2024-10-16,2024-10,2024-W42,Social,Desktop,/,4,336,0,1,,0
S00695,U0377,2024-10-16,2024-10,2024-W42,Direct,Desktop,/services,6,180,0,0,,0
S00696,U0493,2024-10-16,2024-10,2024-W42,Organic,Desktop,/tutors,4,209,0,1,,0
S00697,U0397,2024-10-17,2024-10,2024-W42,Organic,Desktop,/services,2,87,0,0,,0
S00698,U0494,2024-10-17,2024-10,2024-W42,Paid,Mobile,/contact,2,978,0,1,,0
S00699,U0470,2024-10-17,2024-10,2024-W42,Email,Desktop,/pricing,3,86,0,0,,0
S00700,U0070,2024-10-17,2024-10,2024-W42,Email,Mobile,/,3,213,0,0,,0
S00701,U0495,2024-10-17,2024-10,2024-W42,Paid,Desktop,/services,2,371,0,1,,0
S00702,U0496,2024-10-17,2024-10,2024-W42,Organic,Desktop,/tutors,4,447,0,1,,0
S00703,U0497,2024-10-17,2024-10,2024-W42,Social,Desktop,/tutors,1,256,0,1,,0
S00704,U0498,2024-10-17,2024-10,2024-W42,Organic,Desktop,/about,6,120,0,1,,0
S00705,U0278,2024-10-17,2024-10,2024-W42,Social,Desktop,/,4,111,0,0,,0
S00706,U0081,2024-10-17,2024-10,2024-W42,Direct,Mobile,/contact,1,291,0,0,,0
S00707,U0499,2024-10-17,2024-10,2024-W42,Organic,Desktop,/services,3,186,0,1,,0
S00708,U0500,2024-10-17,2024-10,2024-W42,Direct,Desktop,/pricing,2,145,0,1,,0
S00709,U0103,2024-10-17,2024-10,2024-W42,Direct,Desktop,/tutors,5,78,0,0,,0
S00710,U0253,2024-10-17,2024-10,2024-W42,Organic,Mobile,/services,5,264,0,0,,1
S00711,U0501,2024-10-17,2024-10,2024-W42,Direct,Desktop,/,2,438,0,1,,0
S00712,U0502,2024-10-17,2024-10,2024-W42,Social,Desktop,/pricing,3,147,0,1,,0
S00713,U0503,2024-10-17,2024-10,2024-W42,Organic,Mobile,/services,4,338,0,1,,0
S00714,U0504,2024-10-17,2024-10,2024-W42,Organic,Mobile,/pricing,2,83,0,1,,0
S00715,U0505,2024-10-17,2024-10,2024-W42,Paid,Desktop,/pricing,4,188,0,1,,0
S00716,U0506,2024-10-17,2024-10,2024-W42,Social,Desktop,/pricing,3,301,0,1,,0
S00717,U0498,2024-10-17,2024-10,2024-W42,Direct,Desktop,/,3,146,0,0,,0
S00718,U0239,2024-10-17,2024-10,2024-W42,Organic,Desktop,/,5,131,0,0,,0
S00719,U0507,2024-10-17,2024-10,2024-W42,Organic,Desktop,/services,1,100,0,1,,0
S00720,U0508,2024-10-17,2024-10,2024-W42,Email,Desktop,/about,3,305,0,1,,0
S00721,U0495,2024-10-17,2024-10,2024-W42,Organic,Mobile,/,2,521,0,0,,0
S00722,U0509,2024-10-17,2024-10,2024-W42,Direct,Desktop,/,5,90,0,1,,0
S00723,U0510,2024-10-17,2024-10,2024-W42,Email,Mobile,/contact,1,133,0,1,,0
S00724,U0511,2024-10-17,2024-10,2024-W42,Social,Mobile,/,2,203,0,1,,0
S00725,U0512,2024-10-17,2024-10,2024-W42,Organic,Mobile,/,1,95,0,1,,0
S00726,U0513,2024-10-17,2024-10,2024-W42,Direct,Tablet,/about,4,192,0,1,,0
S00727,U0081,2024-10-17,2024-10,2024-W42,Email,Desktop,/,4,22,0,0,,0
S00728,U0514,2024-10-17,2024-10,2024-W42,Organic,Desktop,/,4,1392,0,1,,0
S00729,U0311,2024-10-17,2024-10,2024-W42,Organic,Desktop,/,2,170,0,0,,0
S00730,U0173,2024-10-17,2024-10,2024-W42,Organic,Mobile,/services,2,47,0,0,,0
S00731,U0515,2024-10-17,2024-10,2024-W42,Direct,Desktop,/contact,2,111,0,1,,0
S00732,U0516,2024-10-17,2024-10,2024-W42,Organic,Mobile,/,2,80,0,1,,0
S00733,U0517,2024-10-17,2024-10,2024-W42,Email,Mobile,/pricing,3,91,0,1,,0
S00734,U0030,2024-10-17,2024-10,2024-W42,Direct,Mobile,/,3,265,0,0,,0
S00735,U0518,2024-10-17,2024-10,2024-W42,Direct,Desktop,/services,4,77,0,1,,0
S00736,U0216,2024-10-17,2024-10,2024-W42,Organic,Desktop,/,3,179,0,0,,0
S00737,U0519,2024-10-17,2024-10,2024-W42,Direct,Desktop,/pricing,3,526,0,1,,0
S00738,U0520,2024-10-17,2024-10,2024-W42,Direct,Mobile,/pricing,4,40,0,1,,0
S00739,U0310,2024-10-17,2024-10,2024-W42,Email,Mobile,/,2,259,0,0,,0
S00740,U0521,2024-10-17,2024-10,2024-W42,Organic,Desktop,/,5,121,0,1,,0
S00741,U0075,2024-10-17,2024-10,2024-W42,Social,Desktop,/tutors,1,247,0,0,,0
S00742,U0426,2024-10-17,2024-10,2024-W42,Organic,Mobile,/tutors,1,181,0,0,,0
S00743,U0148,2024-10-18,2024-10,2024-W42,Organic,Mobile,/about,4,268,0,0,,0
S00744,U0522,2024-10-18,2024-10,2024-W42,Direct,Tablet,/contact,2,125,0,1,,0
S00745,U0523,2024-10-18,2024-10,2024-W42,Organic,Mobile,/pricing,2,139,0,1,,0
S00746,U0380,2024-10-18,2024-10,2024-W42,Direct,Desktop,/services,4,352,0,0,,0
S00747,U0248,2024-10-18,2024-10,2024-W42,Social,Desktop,/tutors,4,929,0,0,,0
S00748,U0254,2024-10-18,2024-10,2024-W42,Organic,Mobile,/,3,228,0,0,,0
S00749,U0394,2024-10-18,2024-10,2024-W42,Paid,Desktop,/pricing,1,107,0,0,,0
S00750,U0524,2024-10-18,2024-10,2024-W42,Direct,Desktop,/,2,174,0,1,,0
S00751,U0525,2024-10-18,2024-10,2024-W42,Direct,Desktop,/,3,325,0,1,,0
S00752,U0526,2024-10-18,2024-10,2024-W42,Paid,Mobile,/services,1,65,0,1,,0
S00753,U0164,2024-10-18,2024-10,2024-W42,Organic,Mobile,/,3,33,0,0,,0
S00754,U0527,2024-10-18,2024-10,2024-W42,Direct,Desktop,/services,2,928,0,1,,0
S00755,U0528,2024-10-18,2024-10,2024-W42,Social,Mobile,/pricing,2,272,0,1,,1
S00756,U0529,2024-10-18,2024-10,2024-W42,Social,Tablet,/,3,155,0,1,,0
S00757,U0530,2024-10-18,2024-10,2024-W42,Direct,Mobile,/services,2,664,0,1,,0
S00758,U0531,2024-10-18,2024-10,2024-W42,Email,Mobile,/about,4,246,0,1,,1
S00759,U0532,2024-10-18,2024-10,2024-W42,Email,Mobile,/,2,238,0,1,,0
S00760,U0533,2024-10-18,2024-10,2024-W42,Direct,Tablet,/about,1,145,0,1,,0
S00761,U0534,2024-10-18,2024-10,2024-W42,Organic,Desktop,/,5,39,0,1,,0
S00762,U0535,2024-10-18,2024-10,2024-W42,Direct,Desktop,/pricing,7,66,0,1,,0
S00763,U0536,2024-10-18,2024-10,2024-W42,Direct,Mobile,/pricing,1,45,0,1,,0
S00764,U0537,2024-10-18,2024-10,2024-W42,Organic,Mobile,/tutors,3,216,0,1,,0
S00765,U0538,2024-10-18,2024-10,2024-W42,Social,Tablet,/,4,42,0,1,,0
S00766,U0539,2024-10-18,2024-10,2024-W42,Organic,Mobile,/services,3,103,0,1,,0
S00767,U0540,2024-10-18,2024-10,2024-W42,Organic,Tablet,/services,6,318,0,1,,0
S00768,U0122,2024-10-18,2024-10,2024-W42,Organic,Mobile,/,2,469,0,0,,0
S00769,U0383,2024-10-18,2024-10,2024-W42,Direct,Tablet,/contact,4,67,0,0,,0
S00770,U0541,2024-10-18,2024-10,2024-W42,Organic,Desktop,/,1,39,0,1,,0
S00771,U0542,2024-10-18,2024-10,2024-W42,Email,Desktop,/,1,174,0,1,,0
S00772,U0543,2024-10-18,2024-10,2024-W42,Social,Mobile,/pricing,3,93,0,1,,0
S00773,U0141,2024-10-18,2024-10,2024-W42,Social,Mobile,/,4,51,0,0,,0
S00774,U0544,2024-10-18,2024-10,2024-W42,Email,Desktop,/pricing,2,188,0,1,,0
S00775,U0528,2024-10-18,2024-10,2024-W42,Organic,Mobile,/,1,374,0,0,,0
S00776,U0545,2024-10-18,2024-10,2024-W42,Organic,Mobile,/contact,4,200,0,1,,0
S00777,U0546,2024-10-18,2024-10,2024-W42,Organic,Desktop,/,2,199,0,1,,0
S00778,U0547,2024-10-18,2024-10,2024-W42,Direct,Mobile,/pricing,1,92,0,1,,0
S00779,U0548,2024-10-18,2024-10,2024-W42,Email,Desktop,/tutors,2,81,0,1,,0
S00780,U0549,2024-10-18,2024-10,2024-W42,Direct,Desktop,/,2,116,0,1,,0
S00781,U0550,2024-10-18,2024-10,2024-W42,Social,Desktop,/,5,261,0,1,,1
S00782,U0551,2024-10-18,2024-10,2024-W42,Email,Desktop,/,1,217,0,1,,1
S00783,U0552,2024-10-18,2024-10,2024-W42,Email,Desktop,/,3,88,0,1,,0
S00784,U0553,2024-10-18,2024-10,2024-W42,Paid,Mobile,/,5,53,0,1,,0
S00785,U0554,2024-10-18,2024-10,2024-W42,Direct,Tablet,/,2,332,0,1,,0
S00786,U0234,2024-10-18,2024-10,2024-W42,Email,Desktop,/services,3,132,0,0,,0
S00787,U0555,2024-10-18,2024-10,2024-W42,Direct,Mobile,/tutors,5,128,0,1,,0
S00788,U0556,2024-10-18,2024-10,2024-W42,Direct,Mobile,/services,3,252,0,1,,0
S00789,U0557,2024-10-18,2024-10,2024-W42,Email,Mobile,/about,6,394,0,1,,0
S00790,U0558,2024-10-18,2024-10,2024-W42,Organic,Desktop,/,2,179,0,1,,1
S00791,U0559,2024-10-19,2024-10,2024-W42,Direct,Desktop,/,4,493,0,1,,0
S00792,U0322,2024-10-19,2024-10,2024-W42,Organic,Mobile,/,1,97,0,0,,0
S00793,U0560,2024-10-19,2024-10,2024-W42,Social,Mobile,/tutors,4,241,0,1,,0
S00794,U0561,2024-10-19,2024-10,2024-W42,Organic,Desktop,/pricing,2,49,0,1,,0
S00795,U0562,2024-10-19,2024-10,2024-W42,Organic,Mobile,/pricing,5,226,0,1,,0
S00796,U0563,2024-10-19,2024-10,2024-W42,Organic,Desktop,/,6,536,0,1,,0
S00797,U0564,2024-10-19,2024-10,2024-W42,Email,Mobile,/,1,147,0,1,,0
S00798,U0565,2024-10-19,2024-10,2024-W42,Organic,Mobile,/tutors,2,430,0,1,,0
S00799,U0566,2024-10-19,2024-10,2024-W42,Organic,Desktop,/tutors,3,156,0,1,,0
S00800,U0567,2024-10-19,2024-10,2024-W42,Paid,Desktop,/,2,543,0,1,,0
S00801,U0568,2024-10-19,2024-10,2024-W42,Direct,Mobile,/,3,212,0,1,,0
S00802,U0569,2024-10-19,2024-10,2024-W42,Direct,Desktop,/services,1,179,0,1,,0
S00803,U0570,2024-10-19,2024-10,2024-W42,Social,Mobile,/about,2,97,0,1,,0
S00804,U0571,2024-10-19,2024-10,2024-W42,Paid,Desktop,/about,2,121,0,1,,0
S00805,U0306,2024-10-19,2024-10,2024-W42,Direct,Desktop,/services,3,46,0,0,,0
S00806,U0572,2024-10-19,2024-10,2024-W42,Direct,Desktop,/services,8,115,0,1,,0
S00807,U0213,2024-10-19,2024-10,2024-W42,Organic,Desktop,/,1,109,0,0,,0
S00808,U0573,2024-10-19,2024-10,2024-W42,Organic,Desktop,/,4,143,0,1,,0
S00809,U0574,2024-10-19,2024-10,2024-W42,Email,Desktop,/contact,5,75,0,1,,0
S00810,U0575,2024-10-19,2024-10,2024-W42,Paid,Desktop,/tutors,2,171,0,1,,0
S00811,U0576,2024-10-19,2024-10,2024-W42,Direct,Tablet,/,4,184,0,1,,0
S00812,U0577,2024-10-19,2024-10,2024-W42,Paid,Mobile,/,1,89,0,1,,0
S00813,U0578,2024-10-19,2024-10,2024-W42,Social,Desktop,/contact,2,62,0,1,,0
S00814,U0044,2024-10-19,2024-10,2024-W42,Social,Mobile,/,1,31,0,0,,0
S00815,U0579,2024-10-19,2024-10,2024-W42,Direct,Desktop,/services,3,219,0,1,,0
S00816,U0580,2024-10-19,2024-10,2024-W42,Organic,Desktop,/tutors,4,325,0,1,,0
S00817,U0581,2024-10-19,2024-10,2024-W42,Organic,Mobile,/pricing,2,62,0,1,,0
S00818,U0582,2024-10-19,2024-10,2024-W42,Organic,Desktop,/,4,144,0,1,,0
S00819,U0583,2024-10-19,2024-10,2024-W42,Direct,Desktop,/,2,158,0,1,,0
S00820,U0584,2024-10-19,2024-10,2024-W42,Direct,Desktop,/tutors,1,26,1,1,,0
S00821,U0544,2024-10-19,2024-10,2024-W42,Organic,Desktop,/,4,314,0,0,,0
S00822,U0103,2024-10-19,2024-10,2024-W42,Organic,Desktop,/,5,111,0,0,,0
S00823,U0585,2024-10-19,2024-10,2024-W42,Direct,Mobile,/services,4,167,0,1,,0
S00824,U0586,2024-10-19,2024-10,2024-W42,Organic,Tablet,/pricing,4,123,0,1,,1
S00825,U0587,2024-10-19,2024-10,2024-W42,Social,Mobile,/about,2,194,0,1,,0
S00826,U0588,2024-10-19,2024-10,2024-W42,Organic,Mobile,/pricing,2,113,0,1,,0
S00827,U0589,2024-10-20,2024-10,2024-W42,Email,Mobile,/pricing,4,187,0,1,,0
S00828,U0295,2024-10-20,2024-10,2024-W42,Organic,Mobile,/services,3,292,0,0,,0
S00829,U0590,2024-10-20,2024-10,2024-W42,Direct,Desktop,/,1,318,0,1,,0
S00830,U0588,2024-10-20,2024-10,2024-W42,Direct,Tablet,/,5,277,0,0,,0
S00831,U0591,2024-10-20,2024-10,2024-W42,Paid,Desktop,/,6,151,0,1,,0
S00832,U0180,2024-10-20,2024-10,2024-W42,Social,Mobile,/,3,161,0,0,,0
S00833,U0592,2024-10-20,2024-10,2024-W42,Organic,Desktop,/,3,110,0,1,,0
S00834,U0407,2024-10-20,2024-10,2024-W42,Organic,Mobile,/contact,6,361,0,0,,0
S00835,U0297,2024-10-20,2024-10,2024-W42,Organic,Desktop,/services,4,67,0,0,,0
S00836,U0582,2024-10-20,2024-10,2024-W42,Direct,Mobile,/contact,3,388,0,0,,0
S00837,U0593,2024-10-20,2024-10,2024-W42,Organic,Mobile,/pricing,4,421,0,1,,0
S00838,U0594,2024-10-20,2024-10,2024-W42,Organic,Mobile,/tutors,5,176,0,1,,0
S00839,U0595,2024-10-20,2024-10,2024-W42,Organic,Desktop,/services,3,137,0,1,,0
S00840,U0517,2024-10-20,2024-10,2024-W42,Organic,Mobile,/services,5,134,0,0,,0
S00841,U0116,2024-10-20,2024-10,2024-W42,Direct,Desktop,/,1,468,0,0,,0
S00842,U0596,2024-10-20,2024-10,2024-W42,Paid,Mobile,/pricing,2,621,0,1,,0
S00843,U0597,2024-10-20,2024-10,2024-W42,Organic,Desktop,/,1,57,0,1,,1
S00844,U0598,2024-10-20,2024-10,2024-W42,Social,Desktop,/about,4,314,0,1,,0
S00845,U0599,2024-10-20,2024-10,2024-W42,Social,Desktop,/services,4,307,0,1,,0
S00846,U0600,2024-10-20,2024-10,2024-W42,Organic,Desktop,/tutors,3,744,0,1,,0
S00847,U0601,2024-10-20,2024-10,2024-W42,Organic,Desktop,/pricing,4,295,0,1,,0
S00848,U0602,2024-10-20,2024-10,2024-W42,Organic,Tablet,/pricing,4,249,0,1,,0
S00849,U0144,2024-10-20,2024-10,2024-W42,Organic,Tablet,/pricing,4,140,0,0,,0
S00850,U0603,2024-10-20,2024-10,2024-W42,Direct,Mobile,/about,2,279,0,1,,1
S00851,U0604,2024-10-20,2024-10,2024-W42,Direct,Desktop,/services,3,166,0,1,,0
S00852,U0338,2024-10-20,2024-10,2024-W42,Paid,Mobile,/services,2,49,0,0,,0
S00853,U0605,2024-10-20,2024-10,2024-W42,Email,Mobile,/pricing,5,45,0,1,,1
S00854,U0606,2024-10-20,2024-10,2024-W42,Direct,Desktop,/services,4,526,0,1,,0
S00855,U0122,2024-10-20,2024-10,2024-W42,Organic,Tablet,/,4,114,0,0,,0
S00856,U0515,2024-10-20,2024-10,2024-W42,Direct,Desktop,/,7,100,0,0,,0
S00857,U0607,2024-10-20,2024-10,2024-W42,Social,Tablet,/services,1,166,0,1,,0
S00858,U0608,2024-10-20,2024-10,2024-W42,Organic,Mobile,/pricing,5,295,0,1,,0
S00859,U0609,2024-10-20,2024-10,2024-W42,Social,Desktop,/about,1,42,0,1,,0
S00860,U0137,2024-10-20,2024-10,2024-W42,Organic,Mobile,/,5,224,0,0,,0
S00861,U0610,2024-10-20,2024-10,2024-W42,Organic,Mobile,/pricing,2,49,0,1,,0
S00862,U0611,2024-10-20,2024-10,2024-W42,Organic,Desktop,/contact,3,134,0,1,,0
S00863,U0612,2024-10-20,2024-10,2024-W42,Direct,Desktop,/pricing,1,410,0,1,,0
S00864,U0613,2024-10-20,2024-10,2024-W42,Direct,Mobile,/tutors,1,155,0,1,,0
S00865,U0614,2024-10-20,2024-10,2024-W42,Organic,Desktop,/services,4,44,0,1,,0
S00866,U0615,2024-10-20,2024-10,2024-W42,Organic,Tablet,/tutors,2,243,0,1,,0
S00867,U0616,2024-10-20,2024-10,2024-W42,Organic,Desktop,/about,1,286,0,1,,0
S00868,U0617,2024-10-20,2024-10,2024-W42,Social,Desktop,/contact,1,139,0,1,,0
S00869,U0561,2024-10-21,2024-10,2024-W43,Organic,Desktop,/,5,101,0,0,,0
S00870,U0550,2024-10-21,2024-10,2024-W43,Organic,Mobile,/about,2,879,0,0,,0
S00871,U0618,2024-10-21,2024-10,2024-W43,Paid,Desktop,/tutors,1,67,0,1,,0
S00872,U0211,2024-10-21,2024-10,2024-W43,Direct,Tablet,/services,4,104,0,0,,0
S00873,U0619,2024-10-21,2024-10,2024-W43,Direct,Mobile,/services,1,158,0,1,,0
S00874,U0620,2024-10-21,2024-10,2024-W43,Organic,Mobile,/pricing,6,258,0,1,,0
S00875,U0426,2024-10-21,2024-10,2024-W43,Direct,Desktop,/tutors,4,1575,0,0,,0
S00876,U0474,2024-10-21,2024-10,2024-W43,Organic,Desktop,/services,3,150,0,0,,0
S00877,U0621,2024-10-21,2024-10,2024-W43,Organic,Tablet,/contact,1,786,0,1,,1
S00878,U0004,2024-10-21,2024-10,2024-W43,Organic,Desktop,/pricing,1,292,0,0,,0
S00879,U0622,2024-10-21,2024-10,2024-W43,Direct,Desktop,/tutors,1,232,0,1,,1
S00880,U0623,2024-10-21,2024-10,2024-W43,Direct,Desktop,/tutors,4,308,0,1,,1
S00881,U0624,2024-10-21,2024-10,2024-W43,Direct,Desktop,/,3,322,0,1,,0
S00882,U0484,2024-10-21,2024-10,2024-W43,Email,Desktop,/,4,117,0,0,,1
S00883,U0625,2024-10-21,2024-10,2024-W43,Organic,Mobile,/,2,67,0,1,,0
S00884,U0626,2024-10-21,2024-10,2024-W43,Social,Desktop,/tutors,2,390,0,1,,0
S00885,U0627,2024-10-21,2024-10,2024-W43,Organic,Desktop,/services,4,61,0,1,,0
S00886,U0628,2024-10-21,2024-10,2024-W43,Direct,Desktop,/,5,484,0,1,,0
S00887,U0629,2024-10-21,2024-10,2024-W43,Direct,Desktop,/pricing,5,151,0,1,,0
S00888,U0630,2024-10-21,2024-10,2024-W43,Organic,Mobile,/about,4,321,0,1,,0
S00889,U0631,2024-10-21,2024-10,2024-W43,Direct,Desktop,/pricing,5,156,0,1,,0
S00890,U0632,2024-10-21,2024-10,2024-W43,Organic,Desktop,/,3,75,0,1,,0
S00891,U0551,2024-10-21,2024-10,2024-W43,Social,Desktop,/tutors,2,271,0,0,,0
S00892,U0229,2024-10-21,2024-10,2024-W43,Paid,Desktop,/,5,891,0,0,,0
S00893,U0633,2024-10-21,2024-10,2024-W43,Direct,Mobile,/services,2,83,0,1,,0
S00894,U0634,2024-10-21,2024-10,2024-W43,Direct,Mobile,/,5,95,0,1,,0
S00895,U0635,2024-10-21,2024-10,2024-W43,Organic,Desktop,/,4,488,0,1,,0
S00896,U0472,2024-10-21,2024-10,2024-W43,Organic,Mobile,/pricing,2,181,0,0,,0
S00897,U0116,2024-10-21,2024-10,2024-W43,Organic,Mobile,/,4,222,0,0,,1
S00898,U0636,2024-10-21,2024-10,2024-W43,Direct,Desktop,/services,4,199,0,1,,0
S00899,U0637,2024-10-21,2024-10,2024-W43,Social,Mobile,/,3,166,0,1,,0
S00900,U0069,2024-10-21,2024-10,2024-W43,Direct,Mobile,/,4,133,0,0,,0
S00901,U0613,2024-10-21,2024-10,2024-W43,Direct,Mobile,/,1,646,0,0,,0
S00902,U0638,2024-10-21,2024-10,2024-W43,Social,Mobile,/,3,114,0,1,,0
S00903,U0450,2024-10-21,2024-10,2024-W43,Paid,Desktop,/tutors,4,81,0,0,,0
S00904,U0058,2024-10-21,2024-10,2024-W43,Organic,Desktop,/,3,274,0,0,,0
S00905,U0639,2024-10-21,2024-10,2024-W43,Direct,Desktop,/tutors,3,436,0,1,,0
S00906,U0640,2024-10-21,2024-10,2024-W43,Social,Desktop,/,7,155,0,1,,0
S00907,U0641,2024-10-21,2024-10,2024-W43,Direct,Desktop,/,2,175,0,1,,0
S00908,U0642,2024-10-21,2024-10,2024-W43,Email,Desktop,/,2,130,0,1,,0
S00909,U0643,2024-10-21,2024-10,2024-W43,Organic,Desktop,/tutors,5,290,0,1,,0
S00910,U0644,2024-10-21,2024-10,2024-W43,Email,Desktop,/,4,324,0,1,,0
S00911,U0571,2024-10-21,2024-10,2024-W43,Email,Mobile,/,4,192,0,0,,0
S00912,U0645,2024-10-21,2024-10,2024-W43,Paid,Desktop,/pricing,2,411,0,1,,0
S00913,U0646,2024-10-21,2024-10,2024-W43,Email,Desktop,/tutors,2,362,0,1,,0
S00914,U0647,2024-10-22,2024-10,2024-W43,Direct,Mobile,/,5,121,0,1,,0
S00915,U0648,2024-10-22,2024-10,2024-W43,Organic,Mobile,/services,1,217,0,1,,0
S00916,U0649,2024-10-22,2024-10,2024-W43,Organic,Desktop,/about,2,641,0,1,,0
S00917,U0650,2024-10-22,2024-10,2024-W43,Direct,Tablet,/pricing,1,329,0,1,,0
S00918,U0651,2024-10-22,2024-10,2024-W43,Social,Desktop,/services,2,195,0,1,,0
S00919,U0652,2024-10-22,2024-10,2024-W43,Direct,Desktop,/tutors,3,218,0,1,,0
S00920,U0653,2024-10-22,2024-10,2024-W43,Organic,Mobile,/pricing,3,102,0,1,,0
S00921,U0654,2024-10-22,2024-10,2024-W43,Organic,Mobile,/pricing,2,266,0,1,,0
S00922,U0655,2024-10-22,2024-10,2024-W43,Organic,Mobile,/services,3,90,0,1,,0
S00923,U0656,2024-10-22,2024-10,2024-W43,Email,Mobile,/pricing,1,57,0,1,,0
S00924,U0209,2024-10-22,2024-10,2024-W43,Direct,Mobile,/,2,351,0,0,,0
S00925,U0461,2024-10-22,2024-10,2024-W43,Organic,Mobile,/about,1,187,0,0,,0
S00926,U0196,2024-10-22,2024-10,2024-W43,Organic,Tablet,/tutors,3,389,0,0,,0
S00927,U0657,2024-10-22,2024-10,2024-W43,Direct,Desktop,/contact,1,823,0,1,,0
S00928,U0075,2024-10-22,2024-10,2024-W43,Organic,Desktop,/,1,89,0,0,,0
S00929,U0658,2024-10-22,2024-10,2024-W43,Paid,Desktop,/,1,323,0,1,,0
S00930,U0659,2024-10-22,2024-10,2024-W43,Organic,Desktop,/contact,3,259,0,1,,0
S00931,U0660,2024-10-22,2024-10,2024-W43,Social,Mobile,/tutors,5,66,0,1,,0
S00932,U0661,2024-10-22,2024-10,2024-W43,Organic,Desktop,/services,3,53,0,1,,1
S00933,U0662,2024-10-22,2024-10,2024-W43,Direct,Mobile,/services,2,392,0,1,,0
S00934,U0491,2024-10-22,2024-10,2024-W43,Social,Mobile,/,3,141,0,0,,0
S00935,U0663,2024-10-22,2024-10,2024-W43,Email,Mobile,/,2,175,0,1,,0
S00936,U0664,2024-10-22,2024-10,2024-W43,Organic,Desktop,/tutors,1,39,0,1,,0
S00937,U0665,2024-10-22,2024-10,2024-W43,Organic,Tablet,/pricing,1,116,0,1,,0
S00938,U0666,2024-10-22,2024-10,2024-W43,Organic,Tablet,/,6,75,0,1,,0
S00939,U0667,2024-10-22,2024-10,2024-W43,Direct,Mobile,/services,3,121,0,1,,0
S00940,U0668,2024-10-22,2024-10,2024-W43,Social,Desktop,/about,4,283,0,1,,0
S00941,U0669,2024-10-22,2024-10,2024-W43,Direct,Desktop,/pricing,2,351,0,1,,0
S00942,U0670,2024-10-22,2024-10,2024-W43,Organic,Desktop,/,3,109,0,1,,0
S00943,U0321,2024-10-22,2024-10,2024-W43,Organic,Mobile,/contact,2,745,0,0,,0
S00944,U0671,2024-10-22,2024-10,2024-W43,Organic,Mobile,/,6,77,0,1,,0
S00945,U0268,2024-10-22,2024-10,2024-W43,Organic,Desktop,/services,4,42,0,0,,0
S00946,U0672,2024-10-22,2024-10,2024-W43,Organic,Mobile,/tutors,4,434,0,1,,0
S00947,U0201,2024-10-22,2024-10,2024-W43,Organic,Mobile,/about,2,923,0,0,,0
S00948,U0673,2024-10-22,2024-10,2024-W43,Organic,Desktop,/,2,241,0,1,,0
S00949,U0674,2024-10-22,2024-10,2024-W43,Organic,Desktop,/pricing,5,78,0,1,,0
S00950,U0675,2024-10-22,2024-10,2024-W43,Organic,Desktop,/services,4,253,0,1,,0
S00951,U0676,2024-10-22,2024-10,2024-W43,Email,Mobile,/,2,69,0,1,,0
S00952,U0677,2024-10-22,2024-10,2024-W43,Organic,Desktop,/about,4,311,0,1,,0
S00953,U0361,2024-10-22,2024-10,2024-W43,Direct,Desktop,/pricing,1,94,0,0,,0
S00954,U0678,2024-10-22,2024-10,2024-W43,Direct,Mobile,/services,4,359,0,1,,0
S00955,U0679,2024-10-22,2024-10,2024-W43,Social,Desktop,/pricing,2,250,0,1,,0
S00956,U0680,2024-10-22,2024-10,2024-W43,Organic,Desktop,/pricing,4,261,0,1,,1
S00957,U0077,2024-10-22,2024-10,2024-W43,Organic,Desktop,/pricing,3,131,0,0,,0
S00958,U0681,2024-10-22,2024-10,2024-W43,Direct,Desktop,/about,1,381,0,1,,0
S00959,U0682,2024-10-22,2024-10,2024-W43,Organic,Desktop,/services,2,394,0,1,,0
S00960,U0155,2024-10-22,2024-10,2024-W43,Direct,Mobile,/,3,298,0,0,,1
S00961,U0683,2024-10-22,2024-10,2024-W43,Direct,Desktop,/tutors,5,1008,0,1,,0
S00962,U0684,2024-10-22,2024-10,2024-W43,Direct,Desktop,/,2,52,0,1,,0
S00963,U0685,2024-10-22,2024-10,2024-W43,Organic,Mobile,/about,1,248,0,1,,0
S00964,U0686,2024-10-22,2024-10,2024-W43,Social,Desktop,/,4,202,0,1,,1
S00965,U0687,2024-10-22,2024-10,2024-W43,Direct,Mobile,/pricing,4,120,0,1,,1
S00966,U0688,2024-10-22,2024-10,2024-W43,Direct,Desktop,/,5,163,0,1,,0
S00967,U0689,2024-10-22,2024-10,2024-W43,Direct,Desktop,/,2,89,0,1,,1
S00968,U0690,2024-10-22,2024-10,2024-W43,Paid,Mobile,/tutors,4,229,0,1,,0
S00969,U0691,2024-10-22,2024-10,2024-W43,Organic,Desktop,/pricing,1,187,0,1,,0
S00970,U0099,2024-10-22,2024-10,2024-W43,Direct,Desktop,/,1,277,0,0,,0
S00971,U0635,2024-10-22,2024-10,2024-W43,Paid,Desktop,/pricing,4,217,0,0,,0
S00972,U0692,2024-10-23,2024-10,2024-W43,Email,Tablet,/services,2,48,0,1,,0
S00973,U0693,2024-10-23,2024-10,2024-W43,Organic,Desktop,/tutors,4,109,0,1,,0
S00974,U0694,2024-10-23,2024-10,2024-W43,Organic,Desktop,/,1,783,0,1,,0
S00975,U0695,2024-10-23,2024-10,2024-W43,Organic,Desktop,/services,4,98,0,1,,0
S00976,U0696,2024-10-23,2024-10,2024-W43,Organic,Desktop,/tutors,3,125,0,1,,0
S00977,U0697,2024-10-23,2024-10,2024-W43,Organic,Desktop,/,3,306,0,1,,0
S00978,U0698,2024-10-23,2024-10,2024-W43,Organic,Desktop,/tutors,2,162,0,1,,0
S00979,U0699,2024-10-23,2024-10,2024-W43,Organic,Desktop,/,3,41,0,1,,0
S00980,U0010,2024-10-23,2024-10,2024-W43,Social,Desktop,/tutors,2,296,0,0,,0
S00981,U0445,2024-10-23,2024-10,2024-W43,Direct,Desktop,/pricing,2,558,0,0,,0
S00982,U0700,2024-10-23,2024-10,2024-W43,Email,Mobile,/services,3,151,0,1,,0
S00983,U0701,2024-10-23,2024-10,2024-W43,Organic,Mobile,/tutors,4,257,0,1,,0
S00984,U0702,2024-10-23,2024-10,2024-W43,Direct,Mobile,/,4,60,0,1,,0
S00985,U0703,2024-10-23,2024-10,2024-W43,Email,Desktop,/,3,68,0,1,,0
S00986,U0704,2024-10-23,2024-10,2024-W43,Direct,Desktop,/,4,566,0,1,,0
S00987,U0705,2024-10-23,2024-10,2024-W43,Paid,Mobile,/,2,371,0,1,,0
S00988,U0557,2024-10-23,2024-10,2024-W43,Direct,Tablet,/pricing,2,45,0,0,,0
S00989,U0323,2024-10-23,2024-10,2024-W43,Social,Mobile,/,4,151,0,0,,1
S00990,U0148,2024-10-23,2024-10,2024-W43,Organic,Desktop,/,3,191,0,0,,0
S00991,U0706,2024-10-23,2024-10,2024-W43,Organic,Mobile,/tutors,4,51,0,1,,0
S00992,U0167,2024-10-23,2024-10,2024-W43,Organic,Desktop,/about,2,94,0,0,,0
S00993,U0707,2024-10-23,2024-10,2024-W43,Social,Desktop,/pricing,6,313,0,1,,0
S00994,U0708,2024-10-23,2024-10,2024-W43,Social,Mobile,/services,5,556,0,1,,0
S00995,U0709,2024-10-23,2024-10,2024-W43,Direct,Mobile,/,3,60,0,1,,0
S00996,U0710,2024-10-23,2024-10,2024-W43,Social,Desktop,/pricing,4,216,0,1,,0
S00997,U0355,2024-10-23,2024-10,2024-W43,Direct,Desktop,/,4,152,0,0,,1
S00998,U0711,2024-10-23,2024-10,2024-W43,Direct,Desktop,/services,4,70,0,1,,0
S00999,U0712,2024-10-23,2024-10,2024-W43,Paid,Desktop,/pricing,3,94,0,1,,0
S01000,U0713,2024-10-23,2024-10,2024-W43,Email,Mobile,/,7,210,0,1,,0
S01001,U0714,2024-10-23,2024-10,2024-W43,Organic,Desktop,/,4,27,0,1,,1
S01002,U0462,2024-10-23,2024-10,2024-W43,Email,Mobile,/,3,211,0,0,,0
S01003,U0715,2024-10-23,2024-10,2024-W43,Organic,Desktop,/,2,103,0,1,,0
S01004,U0716,2024-10-23,2024-10,2024-W43,Direct,Desktop,/tutors,4,136,0,1,,0
S01005,U0717,2024-10-23,2024-10,2024-W43,Direct,Desktop,/about,3,292,0,1,,0
S01006,U0718,2024-10-23,2024-10,2024-W43,Organic,Mobile,/contact,3,73,0,1,,0
S01007,U0719,2024-10-23,2024-10,2024-W43,Organic,Mobile,/services,6,263,0,1,,0
S01008,U0650,2024-10-23,2024-10,2024-W43,Direct,Desktop,/,1,164,0,0,,0
S01009,U0720,2024-10-23,2024-10,2024-W43,Organic,Desktop,/tutors,2,197,0,1,,0
S01010,U0316,2024-10-23,2024-10,2024-W43,Paid,Desktop,/services,5,168,0,0,,0
S01011,U0721,2024-10-23,2024-10,2024-W43,Organic,Desktop,/,6,140,0,1,,0
S01012,U0442,2024-10-23,2024-10,2024-W43,Direct,Desktop,/,3,224,0,0,,0
S01013,U0722,2024-10-23,2024-10,2024-W43,Direct,Mobile,/contact,4,90,0,1,,0
S01014,U0363,2024-10-23,2024-10,2024-W43,Paid,Desktop,/services,3,113,0,0,,0
S01015,U0723,2024-10-24,2024-10,2024-W43,Direct,Mobile,/tutors,1,427,0,1,,0
S01016,U0724,2024-10-24,2024-10,2024-W43,Email,Mobile,/services,2,568,0,1,,1
S01017,U0725,2024-10-24,2024-10,2024-W43,Social,Mobile,/services,4,414,0,1,,0
S01018,U0726,2024-10-24,2024-10,2024-W43,Organic,Mobile,/services,2,291,0,1,,0
S01019,U0727,2024-10-24,2024-10,2024-W43,Email,Desktop,/services,5,558,0,1,,0
S01020,U0728,2024-10-24,2024-10,2024-W43,Social,Mobile,/,3,267,0,1,,0
S01021,U0276,2024-10-24,2024-10,2024-W43,Organic,Mobile,/,2,213,0,0,,0
S01022,U0729,2024-10-24,2024-10,2024-W43,Email,Mobile,/services,4,121,0,1,,1
S01023,U0730,2024-10-24,2024-10,2024-W43,Email,Mobile,/tutors,5,180,0,1,,0
S01024,U0731,2024-10-24,2024-10,2024-W43,Direct,Mobile,/tutors,3,179,0,1,,0
S01025,U0253,2024-10-24,2024-10,2024-W43,Organic,Mobile,/contact,3,152,0,0,,0
S01026,U0732,2024-10-24,2024-10,2024-W43,Paid,Desktop,/,1,401,0,1,,0
S01027,U0733,2024-10-24,2024-10,2024-W43,Paid,Desktop,/tutors,1,474,0,1,,0
S01028,U0406,2024-10-24,2024-10,2024-W43,Organic,Mobile,/,3,182,0,0,,0
S01029,U0734,2024-10-24,2024-10,2024-W43,Direct,Desktop,/,5,278,0,1,,0
S01030,U0735,2024-10-24,2024-10,2024-W43,Direct,Desktop,/pricing,1,282,0,1,,0
S01031,U0736,2024-10-24,2024-10,2024-W43,Organic,Desktop,/,4,58,0,1,,0
S01032,U0737,2024-10-24,2024-10,2024-W43,Social,Desktop,/services,1,125,0,1,,0
S01033,U0738,2024-10-24,2024-10,2024-W43,Direct,Mobile,/services,3,90,0,1,,0
S01034,U0322,2024-10-24,2024-10,2024-W43,Organic,Desktop,/services,2,283,0,0,,0
S01035,U0739,2024-10-24,2024-10,2024-W43,Organic,Desktop,/,3,122,0,1,,0
S01036,U0740,2024-10-24,2024-10,2024-W43,Organic,Desktop,/services,3,262,0,1,,0
S01037,U0741,2024-10-24,2024-10,2024-W43,Direct,Tablet,/,4,96,0,1,,0
S01038,U0742,2024-10-24,2024-10,2024-W43,Direct,Mobile,/pricing,1,1298,0,1,,0
S01039,U0743,2024-10-24,2024-10,2024-W43,Social,Desktop,/pricing,6,93,0,1,,0
S01040,U0744,2024-10-24,2024-10,2024-W43,Organic,Desktop,/,4,794,0,1,,0
S01041,U0745,2024-10-24,2024-10,2024-W43,Organic,Mobile,/,3,142,0,1,,0
S01042,U0746,2024-10-24,2024-10,2024-W43,Direct,Mobile,/services,2,49,0,1,,1
S01043,U0747,2024-10-24,2024-10,2024-W43,Direct,Desktop,/contact,2,218,0,1,,0
S01044,U0299,2024-10-24,2024-10,2024-W43,Social,Desktop,/,2,92,0,0,,0
S01045,U0419,2024-10-24,2024-10,2024-W43,Email,Desktop,/,2,286,0,0,,0
S01046,U0311,2024-10-24,2024-10,2024-W43,Organic,Mobile,/pricing,4,291,0,0,,0
S01047,U0748,2024-10-24,2024-10,2024-W43,Organic,Desktop,/tutors,5,128,0,1,,0
S01048,U0749,2024-10-24,2024-10,2024-W43,Social,Desktop,/,3,345,0,1,,0
S01049,U0750,2024-10-24,2024-10,2024-W43,Direct,Desktop,/pricing,5,646,0,1,,0
S01050,U0751,2024-10-24,2024-10,2024-W43,Organic,Desktop,/tutors,3,161,0,1,,0
S01051,U0752,2024-10-24,2024-10,2024-W43,Email,Mobile,/contact,1,405,0,1,,0
S01052,U0753,2024-10-24,2024-10,2024-W43,Organic,Desktop,/,4,40,0,1,,0
S01053,U0754,2024-10-24,2024-10,2024-W43,Organic,Desktop,/services,1,195,0,1,,0
S01054,U0755,2024-10-24,2024-10,2024-W43,Direct,Mobile,/about,1,768,0,1,,0
S01055,U0255,2024-10-24,2024-10,2024-W43,Organic,Mobile,/about,1,211,0,0,,0
S01056,U0756,2024-10-24,2024-10,2024-W43,Direct,Desktop,/,3,278,0,1,,0
S01057,U0661,2024-10-24,2024-10,2024-W43,Direct,Mobile,/tutors,2,533,0,0,,0
S01058,U0757,2024-10-24,2024-10,2024-W43,Direct,Mobile,/tutors,3,184,0,1,,0
S01059,U0758,2024-10-24,2024-10,2024-W43,Organic,Mobile,/,3,73,0,1,,0
S01060,U0265,2024-10-24,2024-10,2024-W43,Social,Mobile,/,3,55,0,0,,0
S01061,U0759,2024-10-25,2024-10,2024-W43,Organic,Desktop,/tutors,8,99,0,1,,0
S01062,U0760,2024-10-25,2024-10,2024-W43,Paid,Mobile,/services,3,202,0,1,,0
S01063,U0761,2024-10-25,2024-10,2024-W43,Direct,Mobile,/tutors,1,933,0,1,,0
S01064,U0762,2024-10-25,2024-10,2024-W43,Social,Desktop,/contact,3,49,0,1,,0
S01065,U0026,2024-10-25,2024-10,2024-W43,Organic,Desktop,/about,2,270,0,0,,0
S01066,U0088,2024-10-25,2024-10,2024-W43,Organic,Desktop,/pricing,5,82,0,0,,0
S01067,U0763,2024-10-25,2024-10,2024-W43,Paid,Desktop,/tutors,1,49,0,1,,0
S01068,U0764,2024-10-25,2024-10,2024-W43,Organic,Desktop,/services,5,282,0,1,,0
S01069,U0495,2024-10-25,2024-10,2024-W43,Organic,Mobile,/,2,398,0,0,,0
S01070,U0740,2024-10-25,2024-10,2024-W43,Direct,Desktop,/tutors,1,723,0,0,,0
S01071,U0765,2024-10-25,2024-10,2024-W43,Organic,Mobile,/tutors,4,60,0,1,,0
S01072,U0766,2024-10-25,2024-10,2024-W43,Organic,Tablet,/,3,465,0,1,,0
S01073,U0767,2024-10-25,2024-10,2024-W43,Direct,Desktop,/services,5,65,0,1,,0
S01074,U0768,2024-10-25,2024-10,2024-W43,Direct,Desktop,/services,4,189,0,1,,0
S01075,U0769,2024-10-25,2024-10,2024-W43,Organic,Desktop,/tutors,2,152,0,1,,0
S01076,U0164,2024-10-25,2024-10,2024-W43,Organic,Mobile,/tutors,3,163,0,0,,0
S01077,U0770,2024-10-25,2024-10,2024-W43,Organic,Tablet,/pricing,5,40,0,1,,0
S01078,U0771,2024-10-25,2024-10,2024-W43,Email,Desktop,/services,3,87,0,1,,0
S01079,U0674,2024-10-25,2024-10,2024-W43,Organic,Desktop,/,3,288,0,0,,0
S01080,U0629,2024-10-25,2024-10,2024-W43,Direct,Tablet,/about,3,195,0,0,,0
S01081,U0772,2024-10-25,2024-10,2024-W43,Social,Mobile,/,3,196,0,1,,0
S01082,U0220,2024-10-25,2024-10,2024-W43,Social,Mobile,/pricing,5,24,0,0,,0
S01083,U0773,2024-10-25,2024-10,2024-W43,Organic,Desktop,/services,2,35,0,1,,0
S01084,U0105,2024-10-25,2024-10,2024-W43,Paid,Desktop,/services,2,135,0,0,,0
S01085,U0774,2024-10-25,2024-10,2024-W43,Email,Desktop,/tutors,2,132,0,1,,0
S01086,U0117,2024-10-25,2024-10,2024-W43,Email,Desktop,/,2,314,0,0,,0
S01087,U0775,2024-10-25,2024-10,2024-W43,Social,Desktop,/tutors,4,212,0,1,,0
S01088,U0776,2024-10-25,2024-10,2024-W43,Paid,Tablet,/tutors,7,196,0,1,,0
S01089,U0777,2024-10-25,2024-10,2024-W43,Email,Tablet,/,4,347,0,1,,0
S01090,U0778,2024-10-25,2024-10,2024-W43,Direct,Mobile,/pricing,3,92,0,1,,0
S01091,U0779,2024-10-25,2024-10,2024-W43,Direct,Desktop,/services,3,49,0,1,,0
S01092,U0780,2024-10-25,2024-10,2024-W43,Organic,Desktop,/contact,7,48,0,1,,0
S01093,U0781,2024-10-25,2024-10,2024-W43,Social,Mobile,/,3,117,0,1,,0
S01094,U0121,2024-10-25,2024-10,2024-W43,Organic,Desktop,/services,3,97,0,0,,0
S01095,U0383,2024-10-25,2024-10,2024-W43,Direct,Desktop,/contact,2,469,0,0,,0
S01096,U0782,2024-10-25,2024-10,2024-W43,Social,Mobile,/contact,1,415,0,1,,0
S01097,U0393,2024-10-25,2024-10,2024-W43,Social,Mobile,/services,8,220,0,0,,0
S01098,U0783,2024-10-25,2024-10,2024-W43,Email,Mobile,/services,3,129,0,1,,0
S01099,U0784,2024-10-25,2024-10,2024-W43,Organic,Desktop,/tutors,2,364,0,1,,0
S01100,U0171,2024-10-25,2024-10,2024-W43,Direct,Desktop,/,6,193,0,0,,0
S01101,U0323,2024-10-25,2024-10,2024-W43,Paid,Desktop,/,1,97,0,0,,0
S01102,U0785,2024-10-25,2024-10,2024-W43,Direct,Mobile,/services,6,541,0,1,,0
S01103,U0786,2024-10-25,2024-10,2024-W43,Organic,Desktop,/,3,199,0,1,,0
S01104,U0394,2024-10-25,2024-10,2024-W43,Organic,Mobile,/tutors,2,129,0,0,,0
S01105,U0787,2024-10-25,2024-10,2024-W43,Direct,Mobile,/,2,175,0,1,,0
S01106,U0788,2024-10-26,2024-10,2024-W43,Organic,Mobile,/,3,168,0,1,,0
S01107,U0789,2024-10-26,2024-10,2024-W43,Direct,Tablet,/services,5,125,0,1,,0
S01108,U0032,2024-10-26,2024-10,2024-W43,Direct,Desktop,/,6,220,0,0,,0
S01109,U0034,2024-10-26,2024-10,2024-W43,Direct,Mobile,/pricing,1,691,0,0,,0
S01110,U0790,2024-10-26,2024-10,2024-W43,Organic,Desktop,/tutors,3,186,0,1,,0
S01111,U0791,2024-10-26,2024-10,2024-W43,Organic,Mobile,/,4,578,0,1,,0
S01112,U0792,2024-10-26,2024-10,2024-W43,Paid,Mobile,/pricing,3,65,0,1,,0
S01113,U0117,2024-10-26,2024-10,2024-W43,Direct,Mobile,/pricing,5,64,0,0,,0
S01114,U0793,2024-10-26,2024-10,2024-W43,Email,Desktop,/,5,120,0,1,,0
S01115,U0794,2024-10-26,2024-10,2024-W43,Social,Desktop,/,5,140,0,1,,0
S01116,U0795,2024-10-26,2024-10,2024-W43,Direct,Desktop,/about,5,233,0,1,,0
S01117,U0436,2024-10-26,2024-10,2024-W43,Organic,Desktop,/,2,97,0,0,,0
S01118,U0796,2024-10-26,2024-10,2024-W43,Direct,Desktop,/contact,5,687,0,1,,0
S01119,U0034,2024-10-26,2024-10,2024-W43,Paid,Desktop,/,1,97,0,0,,0
S01120,U0797,2024-10-26,2024-10,2024-W43,Direct,Desktop,/tutors,1,571,0,1,,0
S01121,U0798,2024-10-26,2024-10,2024-W43,Organic,Mobile,/services,3,90,0,1,,0
S01122,U0799,2024-10-26,2024-10,2024-W43,Organic,Mobile,/,2,119,0,1,,0
S01123,U0800,2024-10-26,2024-10,2024-W43,Direct,Desktop,/pricing,6,743,0,1,,0
S01124,U0801,2024-10-26,2024-10,2024-W43,Direct,Mobile,/,3,1692,0,1,,0
S01125,U0802,2024-10-26,2024-10,2024-W43,Organic,Mobile,/services,1,93,0,1,,0
S01126,U0212,2024-10-26,2024-10,2024-W43,Direct,Desktop,/tutors,4,278,0,0,,0
S01127,U0803,2024-10-26,2024-10,2024-W43,Organic,Desktop,/pricing,5,129,0,1,,0
S01128,U0804,2024-10-26,2024-10,2024-W43,Direct,Mobile,/about,8,297,0,1,,0
S01129,U0721,2024-10-26,2024-10,2024-W43,Social,Tablet,/,1,135,0,0,,0
S01130,U0805,2024-10-26,2024-10,2024-W43,Direct,Mobile,/,2,298,0,1,,0
S01131,U0806,2024-10-26,2024-10,2024-W43,Organic,Desktop,/services,2,111,0,1,,0
S01132,U0807,2024-10-26,2024-10,2024-W43,Direct,Desktop,/services,5,181,0,1,,0
S01133,U0808,2024-10-26,2024-10,2024-W43,Direct,Desktop,/tutors,3,53,0,1,,0
S01134,U0284,2024-10-26,2024-10,2024-W43,Direct,Desktop,/tutors,4,340,0,0,,0
S01135,U0136,2024-10-26,2024-10,2024-W43,Paid,Mobile,/contact,4,170,0,0,,0
S01136,U0809,2024-10-26,2024-10,2024-W43,Organic,Mobile,/tutors,4,96,0,1,,0
S01137,U0810,2024-10-26,2024-10,2024-W43,Organic,Desktop,/,1,128,0,1,,0
S01138,U0811,2024-10-26,2024-10,2024-W43,Organic,Desktop,/pricing,5,33,0,1,,0
S01139,U0425,2024-10-26,2024-10,2024-W43,Organic,Desktop,/services,3,327,0,0,,0
S01140,U0788,2024-10-26,2024-10,2024-W43,Organic,Mobile,/,4,694,0,0,,0
S01141,U0812,2024-10-26,2024-10,2024-W43,Organic,Desktop,/,1,492,0,1,,0
S01142,U0813,2024-10-26,2024-10,2024-W43,Organic,Mobile,/contact,1,85,0,1,,0
S01143,U0814,2024-10-26,2024-10,2024-W43,Social,Desktop,/services,3,45,0,1,,0
S01144,U0793,2024-10-26,2024-10,2024-W43,Organic,Desktop,/,3,73,0,0,,0
S01145,U0470,2024-10-26,2024-10,2024-W43,Email,Desktop,/,5,200,0,0,,0
S01146,U0815,2024-10-26,2024-10,2024-W43,Social,Desktop,/,6,134,0,1,,0
S01147,U0816,2024-10-26,2024-10,2024-W43,Organic,Mobile,/services,2,51,0,1,,0
S01148,U0817,2024-10-26,2024-10,2024-W43,Organic,Mobile,/,2,78,0,1,,0
S01149,U0818,2024-10-26,2024-10,2024-W43,Paid,Desktop,/services,3,134,0,1,,0
S01150,U0561,2024-10-26,2024-10,2024-W43,Email,Mobile,/,3,174,0,0,,0
S01151,U0819,2024-10-27,2024-10,2024-W43,Direct,Mobile,/,2,437,0,1,,0
S01152,U0820,2024-10-27,2024-10,2024-W43,Organic,Mobile,/pricing,1,268,0,1,,0
S01153,U0102,2024-10-27,2024-10,2024-W43,Email,Desktop,/contact,2,90,0,0,,0
S01154,U0821,2024-10-27,2024-10,2024-W43,Organic,Desktop,/,2,623,0,1,,1
S01155,U0822,2024-10-27,2024-10,2024-W43,Social,Mobile,/services,4,44,0,1,,0
S01156,U0823,2024-10-27,2024-10,2024-W43,Social,Desktop,/,5,130,0,1,,0
S01157,U0824,2024-10-27,2024-10,2024-W43,Email,Mobile,/services,1,79,0,1,,0
S01158,U0825,2024-10-27,2024-10,2024-W43,Organic,Mobile,/services,3,123,0,1,,0
S01159,U0826,2024-10-27,2024-10,2024-W43,Direct,Desktop,/contact,5,97,0,1,,0
S01160,U0827,2024-10-27,2024-10,2024-W43,Social,Desktop,/,1,118,0,1,,0
S01161,U0828,2024-10-27,2024-10,2024-W43,Email,Desktop,/,2,318,0,1,,1
S01162,U0829,2024-10-27,2024-10,2024-W43,Direct,Desktop,/about,1,346,0,1,,0
S01163,U0641,2024-10-27,2024-10,2024-W43,Email,Desktop,/contact,1,408,0,0,,0
S01164,U0830,2024-10-27,2024-10,2024-W43,Organic,Desktop,/,3,305,0,1,,0
S01165,U0831,2024-10-27,2024-10,2024-W43,Paid,Desktop,/tutors,4,331,0,1,,0
S01166,U0489,2024-10-27,2024-10,2024-W43,Email,Tablet,/services,3,201,0,0,,1
S01167,U0832,2024-10-27,2024-10,2024-W43,Email,Desktop,/tutors,3,206,0,1,,0
S01168,U0833,2024-10-27,2024-10,2024-W43,Paid,Mobile,/services,2,183,0,1,,1
S01169,U0834,2024-10-27,2024-10,2024-W43,Organic,Desktop,/contact,5,137,0,1,,0
S01170,U0835,2024-10-27,2024-10,2024-W43,Email,Desktop,/pricing,3,183,0,1,,0
S01171,U0836,2024-10-27,2024-10,2024-W43,Direct,Tablet,/services,6,81,0,1,,0
S01172,U0826,2024-10-27,2024-10,2024-W43,Organic,Mobile,/services,4,194,0,0,,0
S01173,U0837,2024-10-27,2024-10,2024-W43,Direct,Mobile,/,3,82,0,1,,0
S01174,U0793,2024-10-27,2024-10,2024-W43,Social,Desktop,/services,6,728,0,0,,0
S01175,U0838,2024-10-27,2024-10,2024-W43,Social,Desktop,/tutors,2,197,0,1,,0
S01176,U0839,2024-10-27,2024-10,2024-W43,Social,Desktop,/,2,1458,0,1,,0
S01177,U0840,2024-10-27,2024-10,2024-W43,Social,Desktop,/,3,62,0,1,,0
S01178,U0360,2024-10-27,2024-10,2024-W43,Organic,Mobile,/services,1,140,0,0,,0
S01179,U0841,2024-10-27,2024-10,2024-W43,Email,Mobile,/tutors,2,672,0,1,,0
S01180,U0842,2024-10-27,2024-10,2024-W43,Social,Mobile,/,2,38,0,1,,0
S01181,U0843,2024-10-27,2024-10,2024-W43,Social,Mobile,/,3,122,0,1,,0
S01182,U0771,2024-10-27,2024-10,2024-W43,Organic,Desktop,/,4,227,0,0,,0
S01183,U0844,2024-10-27,2024-10,2024-W43,Organic,Desktop,/,2,81,0,1,,0
S01184,U0845,2024-10-27,2024-10,2024-W43,Direct,Desktop,/services,4,1048,0,1,,0
S01185,U0661,2024-10-27,2024-10,2024-W43,Paid,Mobile,/,1,152,0,0,,0
S01186,U0846,2024-10-27,2024-10,2024-W43,Organic,Desktop,/,4,140,0,1,,0
S01187,U0847,2024-10-27,2024-10,2024-W43,Email,Desktop,/tutors,3,94,0,1,,0
S01188,U0848,2024-10-27,2024-10,2024-W43,Organic,Desktop,/tutors,3,70,0,1,,0
S01189,U0849,2024-10-27,2024-10,2024-W43,Organic,Mobile,/pricing,4,111,0,1,,0
S01190,U0850,2024-10-27,2024-10,2024-W43,Organic,Desktop,/,3,1589,0,1,,0
S01191,U0851,2024-10-28,2024-10,2024-W44,Paid,Mobile,/,5,462,0,1,,0
S01192,U0813,2024-10-28,2024-10,2024-W44,Social,Desktop,/about,3,48,0,0,,0
S01193,U0852,2024-10-28,2024-10,2024-W44,Social,Tablet,/tutors,2,62,0,1,,0
S01194,U0853,2024-10-28,2024-10,2024-W44,Direct,Mobile,/tutors,1,122,0,1,,0
S01195,U0854,2024-10-28,2024-10,2024-W44,Email,Mobile,/,3,236,0,1,,0
S01196,U0855,2024-10-28,2024-10,2024-W44,Organic,Desktop,/about,2,284,0,1,,0
S01197,U0583,2024-10-28,2024-10,2024-W44,Organic,Mobile,/contact,1,230,0,0,,0
S01198,U0856,2024-10-28,2024-10,2024-W44,Social,Mobile,/,4,334,0,1,,0
S01199,U0857,2024-10-28,2024-10,2024-W44,Paid,Desktop,/pricing,3,232,0,1,,0
S01200,U0602,2024-10-28,2024-10,2024-W44,Paid,Mobile,/pricing,5,55,0,0,,0
S01201,U0041,2024-10-28,2024-10,2024-W44,Direct,Desktop,/about,4,57,0,0,,0
S01202,U0858,2024-10-28,2024-10,2024-W44,Paid,Mobile,/services,4,258,0,1,,0
S01203,U0730,2024-10-28,2024-10,2024-W44,Organic,Tablet,/tutors,2,534,0,0,,0
S01204,U0859,2024-10-28,2024-10,2024-W44,Email,Desktop,/,2,972,0,1,,0
S01205,U0550,2024-10-28,2024-10,2024-W44,Organic,Mobile,/contact,3,131,0,0,,0
S01206,U0086,2024-10-28,2024-10,2024-W44,Direct,Tablet,/services,3,448,0,0,,0
S01207,U0860,2024-10-28,2024-10,2024-W44,Organic,Desktop,/,1,171,0,1,,0
S01208,U0861,2024-10-28,2024-10,2024-W44,Direct,Desktop,/,1,821,0,1,,0
S01209,U0862,2024-10-28,2024-10,2024-W44,Social,Mobile,/,5,476,0,1,,0
S01210,U0863,2024-10-28,2024-10,2024-W44,Organic,Desktop,/services,3,177,0,1,,0
S01211,U0716,2024-10-28,2024-10,2024-W44,Paid,Desktop,/,5,503,0,0,,0
S01212,U0864,2024-10-28,2024-10,2024-W44,Organic,Mobile,/about,2,286,0,1,,0
S01213,U0445,2024-10-28,2024-10,2024-W44,Social,Mobile,/,3,119,0,0,,0
S01214,U0865,2024-10-28,2024-10,2024-W44,Direct,Desktop,/,2,1178,0,1,,1
S01215,U0866,2024-10-28,2024-10,2024-W44,Organic,Desktop,/tutors,5,130,0,1,,0
S01216,U0013,2024-10-28,2024-10,2024-W44,Direct,Mobile,/tutors,2,602,0,0,,0
S01217,U0867,2024-10-28,2024-10,2024-W44,Organic,Desktop,/services,4,147,0,1,,0
S01218,U0868,2024-10-28,2024-10,2024-W44,Organic,Desktop,/pricing,2,243,0,1,,0
S01219,U0869,2024-10-28,2024-10,2024-W44,Organic,Desktop,/tutors,1,217,0,1,,0
S01220,U0130,2024-10-28,2024-10,2024-W44,Social,Mobile,/tutors,3,190,0,0,,0
S01221,U0870,2024-10-28,2024-10,2024-W44,Email,Tablet,/services,2,771,0,1,,0
S01222,U0031,2024-10-28,2024-10,2024-W44,Organic,Mobile,/services,6,249,0,0,,0
S01223,U0871,2024-10-28,2024-10,2024-W44,Organic,Desktop,/tutors,4,72,0,1,,0
S01224,U0591,2024-10-28,2024-10,2024-W44,Organic,Desktop,/tutors,2,88,0,0,,0
S01225,U0872,2024-10-28,2024-10,2024-W44,Direct,Mobile,/services,4,221,0,1,,0
S01226,U0581,2024-10-28,2024-10,2024-W44,Organic,Desktop,/about,4,114,0,0,,0
S01227,U0792,2024-10-28,2024-10,2024-W44,Direct,Mobile,/,5,126,0,0,,0
S01228,U0873,2024-10-28,2024-10,2024-W44,Direct,Desktop,/,3,424,0,1,,0
S01229,U0522,2024-10-28,2024-10,2024-W44,Email,Desktop,/pricing,5,129,0,0,,1
S01230,U0874,2024-10-28,2024-10,2024-W44,Social,Desktop,/pricing,5,163,0,1,,1
S01231,U0373,2024-10-28,2024-10,2024-W44,Direct,Desktop,/contact,2,324,0,0,,0
S01232,U0037,2024-10-28,2024-10,2024-W44,Organic,Desktop,/services,2,82,0,0,,0
S01233,U0875,2024-10-28,2024-10,2024-W44,Social,Mobile,/services,3,93,0,1,,0
S01234,U0876,2024-10-28,2024-10,2024-W44,Organic,Mobile,/pricing,2,206,0,1,,0
S01235,U0877,2024-10-28,2024-10,2024-W44,Social,Desktop,/pricing,4,341,0,1,,0
S01236,U0080,2024-10-29,2024-10,2024-W44,Email,Desktop,/services,6,178,0,0,,0
S01237,U0690,2024-10-29,2024-10,2024-W44,Social,Desktop,/,5,652,0,0,,0
S01238,U0824,2024-10-29,2024-10,2024-W44,Direct,Mobile,/,6,615,0,0,,0
S01239,U0411,2024-10-29,2024-10,2024-W44,Paid,Mobile,/pricing,1,970,0,0,,0
S01240,U0878,2024-10-29,2024-10,2024-W44,Direct,Mobile,/,3,292,0,1,,0
S01241,U0879,2024-10-29,2024-10,2024-W44,Organic,Tablet,/,4,124,0,1,,0
S01242,U0880,2024-10-29,2024-10,2024-W44,Organic,Tablet,/tutors,3,102,0,1,,1
S01243,U0578,2024-10-29,2024-10,2024-W44,Organic,Desktop,/pricing,4,48,0,0,,0
S01244,U0881,2024-10-29,2024-10,2024-W44,Organic,Desktop,/services,4,392,0,1,,0
S01245,U0882,2024-10-29,2024-10,2024-W44,Direct,Desktop,/contact,6,421,0,1,,0
S01246,U0883,2024-10-29,2024-10,2024-W44,Email,Tablet,/,5,340,0,1,,0
S01247,U0884,2024-10-29,2024-10,2024-W44,Direct,Desktop,/services,3,260,0,1,,0
S01248,U0885,2024-10-29,2024-10,2024-W44,Email,Desktop,/services,4,184,0,1,,0
S01249,U0886,2024-10-29,2024-10,2024-W44,Organic,Desktop,/,3,30,0,1,,1
S01250,U0887,2024-10-29,2024-10,2024-W44,Social,Desktop,/,4,155,0,1,,0
S01251,U0888,2024-10-29,2024-10,2024-W44,Organic,Mobile,/,2,197,0,1,,1
S01252,U0889,2024-10-29,2024-10,2024-W44,Organic,Mobile,/pricing,4,66,0,1,,0
S01253,U0890,2024-10-29,2024-10,2024-W44,Organic,Desktop,/pricing,5,39,0,1,,0
S01254,U0891,2024-10-29,2024-10,2024-W44,Direct,Mobile,/about,5,297,0,1,,0
S01255,U0892,2024-10-29,2024-10,2024-W44,Organic,Mobile,/tutors,2,200,0,1,,0
S01256,U0893,2024-10-29,2024-10,2024-W44,Direct,Desktop,/,7,112,0,1,,0
S01257,U0287,2024-10-29,2024-10,2024-W44,Direct,Desktop,/about,2,769,0,0,,0
S01258,U0894,2024-10-29,2024-10,2024-W44,Organic,Tablet,/,2,673,0,1,,0
S01259,U0895,2024-10-29,2024-10,2024-W44,Organic,Mobile,/about,5,152,0,1,,0
S01260,U0896,2024-10-29,2024-10,2024-W44,Social,Tablet,/contact,3,452,0,1,,0
S01261,U0098,2024-10-29,2024-10,2024-W44,Direct,Mobile,/pricing,3,36,0,0,,0
S01262,U0897,2024-10-29,2024-10,2024-W44,Direct,Desktop,/services,5,236,0,1,,0
S01263,U0898,2024-10-29,2024-10,2024-W44,Organic,Desktop,/about,4,306,0,1,,0
S01264,U0899,2024-10-29,2024-10,2024-W44,Direct,Mobile,/services,2,222,0,1,,0
S01265,U0872,2024-10-29,2024-10,2024-W44,Paid,Mobile,/pricing,5,156,0,0,,0
S01266,U0900,2024-10-29,2024-10,2024-W44,Direct,Desktop,/services,4,153,0,1,,0
S01267,U0901,2024-10-29,2024-10,2024-W44,Paid,Desktop,/,5,346,0,1,,0
S01268,U0077,2024-10-29,2024-10,2024-W44,Social,Mobile,/services,8,350,0,0,,0
S01269,U0789,2024-10-29,2024-10,2024-W44,Direct,Mobile,/,3,109,0,0,,0
S01270,U0169,2024-10-29,2024-10,2024-W44,Organic,Mobile,/,2,175,0,0,,0
S01271,U0902,2024-10-29,2024-10,2024-W44,Organic,Desktop,/services,2,259,0,1,,0
S01272,U0903,2024-10-29,2024-10,2024-W44,Paid,Desktop,/pricing,4,235,0,1,,0
S01273,U0904,2024-10-29,2024-10,2024-W44,Organic,Mobile,/services,5,215,0,1,,0
S01274,U0905,2024-10-29,2024-10,2024-W44,Organic,Tablet,/services,2,157,0,1,,0
S01275,U0906,2024-10-29,2024-10,2024-W44,Email,Desktop,/,3,44,0,1,,0
S01276,U0907,2024-10-29,2024-10,2024-W44,Organic,Desktop,/services,2,260,0,1,,0
S01277,U0878,2024-10-29,2024-10,2024-W44,Social,Mobile,/about,3,49,0,0,,0
S01278,U0255,2024-10-29,2024-10,2024-W44,Email,Mobile,/,3,62,0,0,,0
S01279,U0908,2024-10-29,2024-10,2024-W44,Organic,Desktop,/services,6,103,0,1,,1
S01280,U0840,2024-10-30,2024-10,2024-W44,Email,Desktop,/pricing,3,322,0,0,,0
S01281,U0415,2024-10-30,2024-10,2024-W44,Organic,Desktop,/services,5,82,0,0,,0
S01282,U0909,2024-10-30,2024-10,2024-W44,Email,Desktop,/,2,328,0,1,,0
S01283,U0105,2024-10-30,2024-10,2024-W44,Email,Mobile,/,3,358,0,0,,0
S01284,U0013,2024-10-30,2024-10,2024-W44,Email,Desktop,/,3,181,0,0,,1
S01285,U0910,2024-10-30,2024-10,2024-W44,Organic,Desktop,/pricing,1,482,0,1,,0
S01286,U0411,2024-10-30,2024-10,2024-W44,Organic,Tablet,/services,2,103,0,0,,0
S01287,U0911,2024-10-30,2024-10,2024-W44,Email,Mobile,/about,3,499,0,1,,0
S01288,U0912,2024-10-30,2024-10,2024-W44,Email,Desktop,/contact,2,319,0,1,,0
S01289,U0913,2024-10-30,2024-10,2024-W44,Organic,Mobile,/services,4,125,0,1,,1
S01290,U0662,2024-10-30,2024-10,2024-W44,Organic,Desktop,/,8,182,0,0,,0
S01291,U0868,2024-10-30,2024-10,2024-W44,Social,Mobile,/pricing,4,181,0,0,,0
S01292,U0914,2024-10-30,2024-10,2024-W44,Organic,Mobile,/services,3,105,0,1,,0
S01293,U0915,2024-10-30,2024-10,2024-W44,Organic,Tablet,/,2,29,0,1,,0
S01294,U0916,2024-10-30,2024-10,2024-W44,Social,Desktop,/contact,2,255,0,1,,0
S01295,U0917,2024-10-30,2024-10,2024-W44,Organic,Desktop,/,2,580,0,1,,1
S01296,U0918,2024-10-30,2024-10,2024-W44,Social,Desktop,/tutors,3,48,0,1,,0
S01297,U0192,2024-10-30,2024-10,2024-W44,Organic,Desktop,/services,5,130,0,0,,0
S01298,U0919,2024-10-30,2024-10,2024-W44,Direct,Desktop,/tutors,2,141,0,1,,0
S01299,U0920,2024-10-30,2024-10,2024-W44,Organic,Mobile,/,4,179,0,1,,0
S01300,U0921,2024-10-30,2024-10,2024-W44,Email,Desktop,/pricing,6,82,0,1,,0
S01301,U0922,2024-10-30,2024-10,2024-W44,Direct,Desktop,/tutors,2,609,0,1,,0
S01302,U0393,2024-10-30,2024-10,2024-W44,Organic,Mobile,/pricing,2,453,0,0,,0
S01303,U0906,2024-10-30,2024-10,2024-W44,Organic,Desktop,/services,4,660,0,0,,0
S01304,U0822,2024-10-30,2024-10,2024-W44,Social,Desktop,/services,3,97,0,0,,0
S01305,U0392,2024-10-30,2024-10,2024-W44,Paid,Desktop,/about,6,471,0,0,,0
S01306,U0923,2024-10-30,2024-10,2024-W44,Organic,Desktop,/,1,354,0,1,,0
S01307,U0924,2024-10-30,2024-10,2024-W44,Social,Mobile,/tutors,6,444,0,1,,0
S01308,U0925,2024-10-30,2024-10,2024-W44,Direct,Desktop,/contact,2,636,0,1,,0
S01309,U0327,2024-10-30,2024-10,2024-W44,Direct,Mobile,/contact,8,73,0,0,,0
S01310,U0831,2024-10-30,2024-10,2024-W44,Email,Desktop,/services,4,546,0,0,,0
S01311,U0484,2024-10-30,2024-10,2024-W44,Social,Desktop,/about,7,647,0,0,,0
S01312,U0926,2024-10-30,2024-10,2024-W44,Email,Desktop,/services,1,113,0,1,,0
S01313,U0927,2024-10-30,2024-10,2024-W44,Direct,Desktop,/pricing,4,439,0,1,,0
S01314,U0928,2024-10-30,2024-10,2024-W44,Email,Desktop,/,2,285,0,1,,0
S01315,U0929,2024-10-30,2024-10,2024-W44,Organic,Desktop,/,3,2267,0,1,,0
S01316,U0225,2024-10-30,2024-10,2024-W44,Direct,Desktop,/pricing,1,374,0,0,,0
S01317,U0930,2024-10-30,2024-10,2024-W44,Paid,Desktop,/pricing,6,591,0,1,,0
S01318,U0931,2024-10-30,2024-10,2024-W44,Organic,Desktop,/about,6,55,0,1,,0
S01319,U0243,2024-10-30,2024-10,2024-W44,Email,Desktop,/,5,121,0,0,,0
S01320,U0932,2024-10-30,2024-10,2024-W44,Direct,Mobile,/services,6,229,0,1,,0
S01321,U0933,2024-10-30,2024-10,2024-W44,Direct,Desktop,/,4,337,0,1,,1
S01322,U0934,2024-10-30,2024-10,2024-W44,Email,Mobile,/contact,3,273,0,1,,0
S01323,U0935,2024-10-30,2024-10,2024-W44,Email,Tablet,/tutors,1,312,0,1,,0
S01324,U0830,2024-10-30,2024-10,2024-W44,Direct,Desktop,/tutors,2,102,0,0,,0
S01325,U0936,2024-10-30,2024-10,2024-W44,Organic,Desktop,/,4,120,0,1,,0
S01326,U0937,2024-10-30,2024-10,2024-W44,Social,Mobile,/,2,371,0,1,,0
S01327,U0225,2024-10-31,2024-10,2024-W44,Social,Mobile,/pricing,5,203,0,0,,1
S01328,U0938,2024-10-31,2024-10,2024-W44,Social,Mobile,/tutors,3,236,0,1,,0
S01329,U0939,2024-10-31,2024-10,2024-W44,Organic,Mobile,/,2,76,0,1,,0
S01330,U0940,2024-10-31,2024-10,2024-W44,Social,Desktop,/tutors,3,237,0,1,,0
S01331,U0941,2024-10-31,2024-10,2024-W44,Email,Mobile,/services,1,188,0,1,,0
S01332,U0152,2024-10-31,2024-10,2024-W44,Organic,Mobile,/pricing,1,191,0,0,,0
S01333,U0942,2024-10-31,2024-10,2024-W44,Organic,Desktop,/services,1,97,0,1,,0
S01334,U0943,2024-10-31,2024-10,2024-W44,Email,Mobile,/services,4,798,0,1,,0
S01335,U0944,2024-10-31,2024-10,2024-W44,Email,Mobile,/,4,226,0,1,,0
S01336,U0945,2024-10-31,2024-10,2024-W44,Organic,Mobile,/pricing,2,92,0,1,,0
S01337,U0310,2024-10-31,2024-10,2024-W44,Direct,Desktop,/services,6,397,0,0,,0
S01338,U0946,2024-10-31,2024-10,2024-W44,Social,Desktop,/pricing,3,133,0,1,,0
S01339,U0947,2024-10-31,2024-10,2024-W44,Social,Mobile,/,2,104,0,1,,0
S01340,U0948,2024-10-31,2024-10,2024-W44,Organic,Desktop,/contact,4,125,0,1,,0
S01341,U0949,2024-10-31,2024-10,2024-W44,Organic,Mobile,/,5,100,0,1,,0
S01342,U0950,2024-10-31,2024-10,2024-W44,Direct,Desktop,/services,3,38,0,1,,0
S01343,U0951,2024-10-31,2024-10,2024-W44,Organic,Desktop,/services,1,257,0,1,,0
S01344,U0952,2024-10-31,2024-10,2024-W44,Direct,Tablet,/,7,99,0,1,,0
S01345,U0953,2024-10-31,2024-10,2024-W44,Organic,Tablet,/pricing,2,114,0,1,,0
S01346,U0002,2024-10-31,2024-10,2024-W44,Organic,Mobile,/,3,41,0,0,,0
S01347,U0954,2024-10-31,2024-10,2024-W44,Social,Desktop,/,5,71,0,1,,0
S01348,U0955,2024-10-31,2024-10,2024-W44,Social,Desktop,/,1,136,0,1,,0
S01349,U0617,2024-10-31,2024-10,2024-W44,Direct,Mobile,/pricing,5,202,0,0,,0
S01350,U0956,2024-10-31,2024-10,2024-W44,Direct,Tablet,/about,5,217,0,1,,0
S01351,U0957,2024-10-31,2024-10,2024-W44,Direct,Mobile,/tutors,3,52,0,1,,0
S01352,U0958,2024-10-31,2024-10,2024-W44,Organic,Desktop,/contact,1,156,0,1,,0
S01353,U0356,2024-10-31,2024-10,2024-W44,Direct,Desktop,/services,5,264,0,0,,0
S01354,U0907,2024-10-31,2024-10,2024-W44,Organic,Desktop,/tutors,4,79,0,0,,0
S01355,U0959,2024-10-31,2024-10,2024-W44,Direct,Desktop,/services,1,152,0,1,,0
S01356,U0960,2024-10-31,2024-10,2024-W44,Organic,Mobile,/contact,4,82,0,1,,0
S01357,U0215,2024-10-31,2024-10,2024-W44,Direct,Mobile,/services,1,97,0,0,,0
S01358,U0263,2024-10-31,2024-10,2024-W44,Organic,Mobile,/services,8,146,0,0,,0
S01359,U0961,2024-10-31,2024-10,2024-W44,Organic,Desktop,/about,2,504,0,1,,1
S01360,U0962,2024-10-31,2024-10,2024-W44,Organic,Mobile,/services,1,172,0,1,,0
S01361,U0424,2024-10-31,2024-10,2024-W44,Paid,Desktop,/tutors,3,44,0,0,,0
S01362,U0963,2024-10-31,2024-10,2024-W44,Organic,Mobile,/,1,104,0,1,,0
S01363,U0491,2024-10-31,2024-10,2024-W44,Email,Desktop,/pricing,3,735,0,0,,0
S01364,U0964,2024-10-31,2024-10,2024-W44,Direct,Desktop,/,3,114,0,1,,0
S01365,U0463,2024-10-31,2024-10,2024-W44,Direct,Mobile,/,4,319,0,0,,0
S01366,U0965,2024-10-31,2024-10,2024-W44,Organic,Desktop,/pricing,5,177,0,1,,0
S01367,U0966,2024-10-31,2024-10,2024-W44,Social,Desktop,/about,1,66,0,1,,0
S01368,U0175,2024-10-31,2024-10,2024-W44,Organic,Mobile,/pricing,2,67,0,0,,0
S01369,U0077,2024-10-31,2024-10,2024-W44,Social,Mobile,/tutors,3,199,0,0,,0
S01370,U0967,2024-10-31,2024-10,2024-W44,Paid,Desktop,/about,3,101,0,1,,0
S01371,U0968,2024-10-31,2024-10,2024-W44,Direct,Mobile,/services,3,353,0,1,,0
S01372,U0969,2024-11-01,2024-11,2024-W44,Direct,Tablet,/about,5,275,0,1,,1
S01373,U0970,2024-11-01,2024-11,2024-W44,Social,Desktop,/,4,145,0,1,,0
S01374,U0971,2024-11-01,2024-11,2024-W44,Direct,Desktop,/,3,443,0,1,,0
S01375,U0211,2024-11-01,2024-11,2024-W44,Email,Desktop,/about,3,307,0,0,,0
S01376,U0972,2024-11-01,2024-11,2024-W44,Email,Mobile,/pricing,2,218,0,1,,0
S01377,U0973,2024-11-01,2024-11,2024-W44,Email,Desktop,/,4,143,0,1,,0
S01378,U0974,2024-11-01,2024-11,2024-W44,Email,Desktop,/,6,319,0,1,,0
S01379,U0403,2024-11-01,2024-11,2024-W44,Organic,Mobile,/pricing,1,100,0,0,,0
S01380,U0975,2024-11-01,2024-11,2024-W44,Organic,Desktop,/,3,107,0,1,,0
S01381,U0976,2024-11-01,2024-11,2024-W44,Organic,Desktop,/tutors,6,32,0,1,,0
S01382,U0678,2024-11-01,2024-11,2024-W44,Direct,Desktop,/,5,154,0,0,,0
S01383,U0977,2024-11-01,2024-11,2024-W44,Organic,Desktop,/about,1,420,0,1,,0
S01384,U0654,2024-11-01,2024-11,2024-W44,Direct,Tablet,/services,7,41,0,0,,0
S01385,U0865,2024-11-01,2024-11,2024-W44,Direct,Mobile,/,2,88,0,0,,0
S01386,U0978,2024-11-01,2024-11,2024-W44,Organic,Mobile,/,2,130,0,1,,0
S01387,U0979,2024-11-01,2024-11,2024-W44,Direct,Desktop,/tutors,2,173,0,1,,0
S01388,U0980,2024-11-01,2024-11,2024-W44,Organic,Mobile,/about,4,305,0,1,,0
S01389,U0981,2024-11-01,2024-11,2024-W44,Social,Desktop,/,1,179,0,1,,0
S01390,U0046,2024-11-01,2024-11,2024-W44,Direct,Tablet,/tutors,4,74,0,0,,0
S01391,U0982,2024-11-01,2024-11,2024-W44,Direct,Desktop,/about,3,101,0,1,,0
S01392,U0064,2024-11-01,2024-11,2024-W44,Direct,Mobile,/,3,158,0,0,,0
S01393,U0983,2024-11-01,2024-11,2024-W44,Organic,Mobile,/,6,106,0,1,,0
S01394,U0984,2024-11-01,2024-11,2024-W44,Direct,Desktop,/,3,81,0,1,,0
S01395,U0985,2024-11-01,2024-11,2024-W44,Organic,Desktop,/pricing,3,452,0,1,,0
S01396,U0063,2024-11-01,2024-11,2024-W44,Social,Mobile,/tutors,2,197,0,0,,0
S01397,U0986,2024-11-01,2024-11,2024-W44,Organic,Desktop,/,1,61,0,1,,0
S01398,U0987,2024-11-01,2024-11,2024-W44,Organic,Desktop,/,3,327,0,1,,0
S01399,U0988,2024-11-01,2024-11,2024-W44,Direct,Mobile,/tutors,7,70,0,1,,0
S01400,U0989,2024-11-01,2024-11,2024-W44,Social,Desktop,/services,4,413,0,1,,0
S01401,U0990,2024-11-01,2024-11,2024-W44,Organic,Desktop,/,4,125,0,1,,0
S01402,U0991,2024-11-01,2024-11,2024-W44,Organic,Desktop,/,3,75,0,1,,0
S01403,U0992,2024-11-01,2024-11,2024-W44,Direct,Mobile,/,6,321,0,1,,0
S01404,U0993,2024-11-01,2024-11,2024-W44,Paid,Desktop,/pricing,1,97,0,1,,0
S01405,U0994,2024-11-01,2024-11,2024-W44,Email,Mobile,/,3,85,0,1,,0
S01406,U0995,2024-11-01,2024-11,2024-W44,Direct,Mobile,/pricing,3,192,0,1,,0
S01407,U0996,2024-11-01,2024-11,2024-W44,Organic,Tablet,/services,4,295,0,1,,0
S01408,U0997,2024-11-01,2024-11,2024-W44,Email,Mobile,/pricing,1,139,0,1,,0
S01409,U0998,2024-11-01,2024-11,2024-W44,Paid,Mobile,/pricing,6,188,0,1,,0
S01410,U0999,2024-11-01,2024-11,2024-W44,Direct,Mobile,/,3,158,0,1,,0
S01411,U0933,2024-11-01,2024-11,2024-W44,Email,Desktop,/,3,94,0,0,,0
S01412,U1000,2024-11-01,2024-11,2024-W44,Direct,Desktop,/about,1,79,0,1,,0
S01413,U1001,2024-11-01,2024-11,2024-W44,Email,Desktop,/about,5,95,0,1,,0
S01414,U1002,2024-11-01,2024-11,2024-W44,Direct,Desktop,/,8,733,0,1,,0
S01415,U1003,2024-11-01,2024-11,2024-W44,Paid,Desktop,/,3,177,0,1,,1
S01416,U1004,2024-11-01,2024-11,2024-W44,Organic,Desktop,/services,2,131,0,1,,0
S01417,U1005,2024-11-01,2024-11,2024-W44,Organic,Desktop,/pricing,4,283,0,1,,0
S01418,U0581,2024-11-01,2024-11,2024-W44,Paid,Desktop,/pricing,1,131,0,0,,0
S01419,U1006,2024-11-01,2024-11,2024-W44,Social,Mobile,/services,5,183,0,1,,0
S01420,U1007,2024-11-01,2024-11,2024-W44,Social,Desktop,/,2,297,0,1,,0
S01421,U0293,2024-11-01,2024-11,2024-W44,Organic,Mobile,/,4,198,0,0,,0
S01422,U1008,2024-11-01,2024-11,2024-W44,Direct,Desktop,/pricing,3,166,0,1,,0
S01423,U0671,2024-11-01,2024-11,2024-W44,Paid,Desktop,/,2,245,0,0,,0
S01424,U1009,2024-11-01,2024-11,2024-W44,Email,Desktop,/,8,158,0,1,,1
S01425,U0148,2024-11-01,2024-11,2024-W44,Direct,Desktop,/tutors,1,136,0,0,,0
S01426,U1010,2024-11-01,2024-11,2024-W44,Social,Tablet,/pricing,1,243,0,1,,0
S01427,U1011,2024-11-01,2024-11,2024-W44,Direct,Desktop,/about,5,184,0,1,,0
S01428,U1012,2024-11-01,2024-11,2024-W44,Direct,Desktop,/services,5,37,0,1,,1
S01429,U1013,2024-11-01,2024-11,2024-W44,Paid,Mobile,/,6,121,0,1,,0
S01430,U1014,2024-11-01,2024-11,2024-W44,Direct,Tablet,/contact,5,98,0,1,,0
S01431,U1015,2024-11-01,2024-11,2024-W44,Social,Desktop,/services,4,26,0,1,,0
S01432,U1016,2024-11-01,2024-11,2024-W44,Organic,Mobile,/,2,80,0,1,,0
S01433,U1017,2024-11-01,2024-11,2024-W44,Organic,Desktop,/,3,413,0,1,,0
S01434,U0308,2024-11-01,2024-11,2024-W44,Social,Mobile,/about,1,885,0,0,,0
S01435,U1018,2024-11-01,2024-11,2024-W44,Email,Mobile,/,6,53,0,1,,0
S01436,U0427,2024-11-01,2024-11,2024-W44,Organic,Mobile,/services,3,112,0,0,,0
S01437,U0453,2024-11-01,2024-11,2024-W44,Social,Mobile,/contact,5,102,0,0,,0
S01438,U1019,2024-11-01,2024-11,2024-W44,Email,Desktop,/,3,486,0,1,,0
S01439,U1020,2024-11-01,2024-11,2024-W44,Organic,Mobile,/tutors,5,91,0,1,,0
S01440,U1021,2024-11-01,2024-11,2024-W44,Organic,Desktop,/services,1,218,0,1,,0
S01441,U0319,2024-11-01,2024-11,2024-W44,Direct,Desktop,/,1,382,0,0,,0
S01442,U1022,2024-11-01,2024-11,2024-W44,Organic,Desktop,/,3,696,0,1,,0
S01443,U1023,2024-11-01,2024-11,2024-W44,Direct,Mobile,/contact,3,236,0,1,,0
S01444,U0897,2024-11-01,2024-11,2024-W44,Email,Mobile,/tutors,1,645,0,0,,0
S01445,U1024,2024-11-01,2024-11,2024-W44,Direct,Desktop,/pricing,2,285,0,1,,0
S01446,U1025,2024-11-01,2024-11,2024-W44,Email,Mobile,/contact,3,139,0,1,,0
S01447,U1026,2024-11-01,2024-11,2024-W44,Direct,Desktop,/,2,540,0,1,,0
S01448,U1027,2024-11-01,2024-11,2024-W44,Email,Desktop,/about,2,151,0,1,,0
S01449,U1028,2024-11-02,2024-11,2024-W44,Organic,Mobile,/,5,223,0,1,,0
S01450,U0763,2024-11-02,2024-11,2024-W44,Organic,Desktop,/,3,181,0,0,,0
S01451,U1029,2024-11-02,2024-11,2024-W44,Organic,Mobile,/services,2,326,0,1,,0
S01452,U1030,2024-11-02,2024-11,2024-W44,Paid,Mobile,/,3,56,0,1,,0
S01453,U1031,2024-11-02,2024-11,2024-W44,Social,Mobile,/services,5,445,0,1,,0
S01454,U0186,2024-11-02,2024-11,2024-W44,Social,Tablet,/pricing,2,311,0,0,,0
S01455,U1032,2024-11-02,2024-11,2024-W44,Organic,Desktop,/contact,2,507,0,1,,0
S01456,U1033,2024-11-02,2024-11,2024-W44,Email,Desktop,/contact,5,50,0,1,,0
S01457,U1034,2024-11-02,2024-11,2024-W44,Organic,Desktop,/,2,399,0,1,,0
S01458,U1035,2024-11-02,2024-11,2024-W44,Direct,Desktop,/,5,97,0,1,,0
S01459,U1036,2024-11-02,2024-11,2024-W44,Organic,Tablet,/pricing,5,44,0,1,,1
S01460,U1037,2024-11-02,2024-11,2024-W44,Direct,Mobile,/services,3,406,0,1,,0
S01461,U0271,2024-11-02,2024-11,2024-W44,Organic,Desktop,/pricing,3,172,0,0,,0
S01462,U1038,2024-11-02,2024-11,2024-W44,Email,Desktop,/,6,259,0,1,,1
S01463,U0626,2024-11-02,2024-11,2024-W44,Organic,Desktop,/pricing,4,125,0,0,,0
S01464,U1039,2024-11-02,2024-11,2024-W44,Organic,Mobile,/tutors,1,247,0,1,,0
S01465,U1040,2024-11-02,2024-11,2024-W44,Social,Desktop,/services,3,255,0,1,,0
S01466,U1041,2024-11-02,2024-11,2024-W44,Email,Desktop,/tutors,1,36,0,1,,0
S01467,U1042,2024-11-02,2024-11,2024-W44,Organic,Mobile,/services,2,62,0,1,,0
S01468,U1043,2024-11-02,2024-11,2024-W44,Organic,Mobile,/services,2,89,0,1,,0
S01469,U0767,2024-11-02,2024-11,2024-W44,Social,Desktop,/services,3,185,0,0,,0
S01470,U1044,2024-11-02,2024-11,2024-W44,Paid,Desktop,/services,7,1652,0,1,,0
S01471,U1045,2024-11-02,2024-11,2024-W44,Organic,Mobile,/,2,25,0,1,,0
S01472,U1046,2024-11-02,2024-11,2024-W44,Organic,Tablet,/,5,338,0,1,,0
S01473,U1047,2024-11-02,2024-11,2024-W44,Organic,Mobile,/tutors,3,112,0,1,,0
S01474,U1048,2024-11-02,2024-11,2024-W44,Social,Desktop,/about,4,490,0,1,,0
S01475,U1049,2024-11-02,2024-11,2024-W44,Direct,Desktop,/pricing,2,178,0,1,,0
S01476,U1050,2024-11-02,2024-11,2024-W44,Direct,Mobile,/,1,295,0,1,,0
S01477,U0828,2024-11-02,2024-11,2024-W44,Direct,Tablet,/pricing,2,75,0,0,,0
S01478,U1051,2024-11-02,2024-11,2024-W44,Organic,Desktop,/,3,439,0,1,,0
S01479,U1052,2024-11-02,2024-11,2024-W44,Email,Tablet,/tutors,2,101,0,1,,0
S01480,U0858,2024-11-02,2024-11,2024-W44,Direct,Mobile,/,4,397,0,0,,0
S01481,U1053,2024-11-02,2024-11,2024-W44,Organic,Desktop,/services,2,131,0,1,,0
S01482,U1054,2024-11-02,2024-11,2024-W44,Organic,Desktop,/,4,271,0,1,,0
S01483,U1055,2024-11-02,2024-11,2024-W44,Paid,Mobile,/,2,629,0,1,,0
S01484,U1056,2024-11-02,2024-11,2024-W44,Email,Desktop,/contact,5,220,0,1,,0
S01485,U1057,2024-11-02,2024-11,2024-W44,Organic,Desktop,/pricing,4,140,0,1,,0
S01486,U1058,2024-11-02,2024-11,2024-W44,Direct,Desktop,/tutors,1,551,0,1,,0
S01487,U0371,2024-11-02,2024-11,2024-W44,Organic,Desktop,/,2,69,0,0,,0
S01488,U1059,2024-11-02,2024-11,2024-W44,Organic,Mobile,/,3,259,0,1,,0
S01489,U1060,2024-11-02,2024-11,2024-W44,Direct,Tablet,/about,3,102,0,1,,0
S01490,U1061,2024-11-02,2024-11,2024-W44,Direct,Desktop,/about,5,93,0,1,,0
S01491,U1062,2024-11-02,2024-11,2024-W44,Direct,Mobile,/tutors,4,345,0,1,,0
S01492,U0458,2024-11-02,2024-11,2024-W44,Organic,Tablet,/tutors,2,73,0,0,,0
S01493,U1063,2024-11-02,2024-11,2024-W44,Organic,Desktop,/,5,30,0,1,,0
S01494,U1064,2024-11-02,2024-11,2024-W44,Organic,Mobile,/,6,352,0,1,,0
S01495,U0242,2024-11-02,2024-11,2024-W44,Email,Desktop,/pricing,3,913,0,0,,0
S01496,U1065,2024-11-02,2024-11,2024-W44,Direct,Mobile,/,4,784,0,1,,0
S01497,U1066,2024-11-02,2024-11,2024-W44,Organic,Mobile,/tutors,1,107,0,1,,0
S01498,U1067,2024-11-02,2024-11,2024-W44,Email,Mobile,/services,3,218,0,1,,0
S01499,U1068,2024-11-02,2024-11,2024-W44,Social,Mobile,/,1,171,0,1,,0
S01500,U0111,2024-11-02,2024-11,2024-W44,Direct,Mobile,/services,4,717,0,0,,0
S01501,U0411,2024-11-02,2024-11,2024-W44,Email,Mobile,/,4,70,0,0,,0
S01502,U1069,2024-11-02,2024-11,2024-W44,Direct,Desktop,/services,2,141,0,1,,0
S01503,U1070,2024-11-02,2024-11,2024-W44,Email,Desktop,/,5,674,0,1,,0
S01504,U1071,2024-11-02,2024-11,2024-W44,Organic,Desktop,/,1,404,0,1,,0
S01505,U0682,2024-11-02,2024-11,2024-W44,Email,Desktop,/services,4,338,0,0,,0
S01506,U0119,2024-11-02,2024-11,2024-W44,Paid,Mobile,/pricing,3,354,0,0,,1
S01507,U0346,2024-11-02,2024-11,2024-W44,Direct,Mobile,/services,3,334,0,0,,0
S01508,U0181,2024-11-02,2024-11,2024-W44,Organic,Mobile,/pricing,3,591,0,0,,0
S01509,U1072,2024-11-02,2024-11,2024-W44,Direct,Desktop,/,3,142,0,1,,0
S01510,U1073,2024-11-02,2024-11,2024-W44,Email,Mobile,/,1,141,0,1,,0
S01511,U0409,2024-11-02,2024-11,2024-W44,Social,Mobile,/,4,259,0,0,,0
S01512,U1074,2024-11-02,2024-11,2024-W44,Direct,Desktop,/tutors,2,214,0,1,,0
S01513,U1075,2024-11-02,2024-11,2024-W44,Paid,Mobile,/,3,368,0,1,,0
S01514,U0009,2024-11-02,2024-11,2024-W44,Email,Desktop,/,1,753,0,0,,0
S01515,U0706,2024-11-02,2024-11,2024-W44,Organic,Desktop,/,3,399,0,0,,0
S01516,U1031,2024-11-02,2024-11,2024-W44,Direct,Desktop,/pricing,6,261,0,0,,0
S01517,U0094,2024-11-02,2024-11,2024-W44,Direct,Desktop,/tutors,4,113,0,0,,0
S01518,U1066,2024-11-02,2024-11,2024-W44,Social,Desktop,/contact,3,29,0,0,,0
S01519,U1076,2024-11-02,2024-11,2024-W44,Direct,Desktop,/tutors,7,91,0,1,,0
S01520,U1077,2024-11-02,2024-11,2024-W44,Organic,Mobile,/,2,117,0,1,,0
S01521,U1078,2024-11-02,2024-11,2024-W44,Organic,Desktop,/,2,50,0,1,,0
S01522,U0827,2024-11-02,2024-11,2024-W44,Organic,Mobile,/tutors,3,322,0,0,,1
S01523,U0269,2024-11-02,2024-11,2024-W44,Organic,Mobile,/services,2,91,0,0,,0
S01524,U1034,2024-11-02,2024-11,2024-W44,Organic,Mobile,/about,3,145,0,0,,0
S01525,U1079,2024-11-02,2024-11,2024-W44,Direct,Desktop,/services,3,158,0,1,,0
S01526,U0524,2024-11-02,2024-11,2024-W44,Organic,Desktop,/pricing,3,71,0,0,,0
S01527,U1080,2024-11-02,2024-11,2024-W44,Direct,Desktop,/,5,107,0,1,,0
S01528,U0222,2024-11-03,2024-11,2024-W44,Email,Mobile,/contact,1,73,0,0,,0
S01529,U0238,2024-11-03,2024-11,2024-W44,Direct,Mobile,/,4,282,0,0,,0
S01530,U1081,2024-11-03,2024-11,2024-W44,Organic,Desktop,/contact,5,887,0,1,,0
S01531,U1082,2024-11-03,2024-11,2024-W44,Organic,Desktop,/about,1,429,0,1,,0
S01532,U1083,2024-11-03,2024-11,2024-W44,Organic,Desktop,/pricing,10,178,0,1,,0
S01533,U1084,2024-11-03,2024-11,2024-W44,Direct,Desktop,/contact,3,114,0,1,,0
S01534,U1085,2024-11-03,2024-11,2024-W44,Direct,Desktop,/,6,203,0,1,,0
S01535,U1086,2024-11-03,2024-11,2024-W44,Email,Mobile,/tutors,2,106,0,1,,0
S01536,U1087,2024-11-03,2024-11,2024-W44,Organic,Mobile,/about,3,194,0,1,,0
S01537,U1088,2024-11-03,2024-11,2024-W44,Organic,Desktop,/contact,5,239,0,1,,0
S01538,U0218,2024-11-03,2024-11,2024-W44,Organic,Desktop,/,2,420,0,0,,0
S01539,U1089,2024-11-03,2024-11,2024-W44,Direct,Mobile,/,6,62,0,1,,0
S01540,U1090,2024-11-03,2024-11,2024-W44,Organic,Mobile,/about,2,300,0,1,,0
S01541,U1091,2024-11-03,2024-11,2024-W44,Organic,Mobile,/,2,127,0,1,,0
S01542,U1017,2024-11-03,2024-11,2024-W44,Organic,Tablet,/contact,3,176,0,0,,0
S01543,U1092,2024-11-03,2024-11,2024-W44,Organic,Tablet,/services,6,223,0,1,,0
S01544,U0027,2024-11-03,2024-11,2024-W44,Paid,Mobile,/,4,64,0,0,,0
S01545,U1093,2024-11-03,2024-11,2024-W44,Organic,Desktop,/,2,91,0,1,,0
S01546,U1094,2024-11-03,2024-11,2024-W44,Email,Desktop,/tutors,7,77,0,1,,0
S01547,U1048,2024-11-03,2024-11,2024-W44,Organic,Mobile,/tutors,4,183,0,0,,0
S01548,U1095,2024-11-03,2024-11,2024-W44,Organic,Desktop,/contact,4,246,0,1,,0
S01549,U1096,2024-11-03,2024-11,2024-W44,Organic,Mobile,/services,4,448,0,1,,0
S01550,U1097,2024-11-03,2024-11,2024-W44,Paid,Mobile,/services,5,942,0,1,,0
S01551,U0358,2024-11-03,2024-11,2024-W44,Email,Desktop,/about,2,66,0,0,,0
S01552,U1098,2024-11-03,2024-11,2024-W44,Paid,Desktop,/services,1,131,0,1,,0
S01553,U1099,2024-11-03,2024-11,2024-W44,Organic,Desktop,/,5,297,0,1,,0
S01554,U0094,2024-11-03,2024-11,2024-W44,Direct,Desktop,/contact,4,105,0,0,,1
S01555,U0350,2024-11-03,2024-11,2024-W44,Organic,Mobile,/,1,85,0,0,,0
S01556,U1100,2024-11-03,2024-11,2024-W44,Direct,Mobile,/tutors,2,200,0,1,,0
S01557,U0191,2024-11-03,2024-11,2024-W44,Direct,Mobile,/pricing,1,95,0,0,,0
S01558,U1101,2024-11-03,2024-11,2024-W44,Paid,Mobile,/,3,55,0,1,,0
S01559,U1102,2024-11-03,2024-11,2024-W44,Organic,Desktop,/,2,199,0,1,,0
S01560,U1103,2024-11-03,2024-11,2024-W44,Organic,Desktop,/services,3,73,0,1,,0
S01561,U1104,2024-11-03,2024-11,2024-W44,Organic,Mobile,/,4,321,0,1,,0
S01562,U1105,2024-11-03,2024-11,2024-W44,Organic,Desktop,/,7,91,0,1,,0
S01563,U0121,2024-11-03,2024-11,2024-W44,Direct,Mobile,/services,1,32,0,0,,0
S01564,U1106,2024-11-03,2024-11,2024-W44,Direct,Mobile,/about,4,198,0,1,,0
S01565,U1107,2024-11-03,2024-11,2024-W44,Email,Desktop,/contact,4,175,0,1,,0
S01566,U1108,2024-11-03,2024-11,2024-W44,Email,Mobile,/,3,121,0,1,,0
S01567,U1109,2024-11-03,2024-11,2024-W44,Organic,Desktop,/tutors,1,489,0,1,,0
S01568,U1110,2024-11-03,2024-11,2024-W44,Paid,Desktop,/,4,147,0,1,,0
S01569,U1111,2024-11-03,2024-11,2024-W44,Email,Mobile,/services,3,70,0,1,,0
S01570,U1112,2024-11-03,2024-11,2024-W44,Organic,Desktop,/,2,493,0,1,,0
S01571,U1113,2024-11-03,2024-11,2024-W44,Organic,Desktop,/pricing,4,94,0,1,,0
S01572,U1114,2024-11-03,2024-11,2024-W44,Paid,Mobile,/tutors,2,457,0,1,,0
S01573,U1115,2024-11-03,2024-11,2024-W44,Email,Desktop,/tutors,3,829,0,1,,1
S01574,U1116,2024-11-03,2024-11,2024-W44,Organic,Mobile,/services,4,248,0,1,,0
S01575,U1117,2024-11-03,2024-11,2024-W44,Organic,Mobile,/services,2,91,0,1,,0
S01576,U0693,2024-11-03,2024-11,2024-W44,Social,Mobile,/,6,512,0,0,,0
S01577,U1118,2024-11-03,2024-11,2024-W44,Direct,Desktop,/services,5,172,0,1,,0
S01578,U1119,2024-11-03,2024-11,2024-W44,Email,Desktop,/,4,170,0,1,,0
S01579,U1120,2024-11-03,2024-11,2024-W44,Direct,Mobile,/pricing,3,621,0,1,,0
S01580,U1121,2024-11-03,2024-11,2024-W44,Organic,Desktop,/services,4,118,0,1,,0
S01581,U1122,2024-11-03,2024-11,2024-W44,Direct,Mobile,/pricing,1,294,0,1,,0
S01582,U1123,2024-11-03,2024-11,2024-W44,Organic,Tablet,/services,3,132,0,1,,1
S01583,U1124,2024-11-03,2024-11,2024-W44,Organic,Desktop,/tutors,5,75,0,1,,0
S01584,U1125,2024-11-03,2024-11,2024-W44,Direct,Mobile,/,4,248,0,1,,0
S01585,U1007,2024-11-03,2024-11,2024-W44,Email,Desktop,/,3,41,0,0,,0
S01586,U1126,2024-11-03,2024-11,2024-W44,Organic,Desktop,/services,2,119,0,1,,0
S01587,U1127,2024-11-03,2024-11,2024-W44,Direct,Desktop,/about,3,68,0,1,,0
S01588,U1128,2024-11-03,2024-11,2024-W44,Organic,Mobile,/,1,568,0,1,,0
S01589,U0910,2024-11-03,2024-11,2024-W44,Organic,Mobile,/pricing,9,95,0,0,,0
S01590,U1129,2024-11-03,2024-11,2024-W44,Organic,Desktop,/services,2,170,0,1,,0
S01591,U1130,2024-11-03,2024-11,2024-W44,Organic,Tablet,/about,6,449,0,1,,0
S01592,U1131,2024-11-03,2024-11,2024-W44,Organic,Mobile,/services,5,105,0,1,,0
S01593,U0845,2024-11-03,2024-11,2024-W44,Social,Desktop,/services,5,122,0,0,,1
S01594,U1132,2024-11-03,2024-11,2024-W44,Organic,Mobile,/,2,74,0,1,,0
S01595,U1133,2024-11-03,2024-11,2024-W44,Organic,Mobile,/tutors,1,426,0,1,,0
S01596,U1134,2024-11-03,2024-11,2024-W44,Organic,Mobile,/about,4,153,0,1,,0
S01597,U1135,2024-11-03,2024-11,2024-W44,Organic,Desktop,/services,2,740,0,1,,0
S01598,U1136,2024-11-03,2024-11,2024-W44,Email,Desktop,/,2,126,0,1,,0
S01599,U1137,2024-11-03,2024-11,2024-W44,Paid,Mobile,/services,5,111,0,1,,0
S01600,U1138,2024-11-03,2024-11,2024-W44,Direct,Mobile,/,2,430,0,1,,0
S01601,U1139,2024-11-03,2024-11,2024-W44,Organic,Mobile,/about,3,437,0,1,,0
S01602,U1140,2024-11-03,2024-11,2024-W44,Direct,Desktop,/services,2,208,0,1,,0
S01603,U1141,2024-11-03,2024-11,2024-W44,Email,Mobile,/tutors,3,142,0,1,,1
S01604,U1142,2024-11-03,2024-11,2024-W44,Direct,Mobile,/services,2,39,0,1,,1
S01605,U1143,2024-11-03,2024-11,2024-W44,Social,Desktop,/services,2,129,0,1,,0
S01606,U1144,2024-11-03,2024-11,2024-W44,Organic,Desktop,/services,4,501,0,1,,0
S01607,U1145,2024-11-04,2024-11,2024-W45,Paid,Desktop,/,4,599,0,1,,0
S01608,U1146,2024-11-04,2024-11,2024-W45,Organic,Mobile,/contact,1,212,0,1,,0
S01609,U1147,2024-11-04,2024-11,2024-W45,Organic,Desktop,/,5,98,0,1,,0
S01610,U1148,2024-11-04,2024-11,2024-W45,Organic,Tablet,/services,1,98,0,1,,0
S01611,U0248,2024-11-04,2024-11,2024-W45,Direct,Desktop,/about,3,136,0,0,,0
S01612,U1149,2024-11-04,2024-11,2024-W45,Organic,Desktop,/services,2,79,0,1,,0
S01613,U1150,2024-11-04,2024-11,2024-W45,Organic,Desktop,/about,5,39,0,1,,0
S01614,U0849,2024-11-04,2024-11,2024-W45,Paid,Desktop,/tutors,1,159,0,0,,1
S01615,U1151,2024-11-04,2024-11,2024-W45,Email,Mobile,/tutors,5,140,0,1,,0
S01616,U0923,2024-11-04,2024-11,2024-W45,Direct,Mobile,/,4,652,0,0,,0
S01617,U1152,2024-11-04,2024-11,2024-W45,Direct,Mobile,/pricing,2,171,0,1,,0
S01618,U1153,2024-11-04,2024-11,2024-W45,Organic,Mobile,/about,4,220,0,1,,1
S01619,U1154,2024-11-04,2024-11,2024-W45,Social,Desktop,/,7,35,0,1,,0
S01620,U1155,2024-11-04,2024-11,2024-W45,Direct,Tablet,/pricing,3,386,0,1,,0
S01621,U1156,2024-11-04,2024-11,2024-W45,Organic,Mobile,/services,4,83,0,1,,0
S01622,U1157,2024-11-04,2024-11,2024-W45,Organic,Mobile,/pricing,4,100,0,1,,0
S01623,U0263,2024-11-04,2024-11,2024-W45,Organic,Desktop,/services,2,227,0,0,,0
S01624,U1158,2024-11-04,2024-11,2024-W45,Email,Desktop,/,5,57,0,1,,0
S01625,U1159,2024-11-04,2024-11,2024-W45,Organic,Desktop,/,4,93,0,1,,0
S01626,U1160,2024-11-04,2024-11,2024-W45,Email,Mobile,/contact,1,290,0,1,,0
S01627,U1161,2024-11-04,2024-11,2024-W45,Email,Mobile,/,2,85,0,1,,0
S01628,U1162,2024-11-04,2024-11,2024-W45,Social,Desktop,/services,1,92,0,1,,0
S01629,U0274,2024-11-04,2024-11,2024-W45,Organic,Tablet,/,2,174,0,0,,0
S01630,U1163,2024-11-04,2024-11,2024-W45,Direct,Mobile,/services,9,588,0,1,,0
S01631,U1164,2024-11-04,2024-11,2024-W45,Organic,Desktop,/,3,324,0,1,,0
S01632,U1165,2024-11-04,2024-11,2024-W45,Direct,Mobile,/contact,7,83,0,1,,0
S01633,U1166,2024-11-04,2024-11,2024-W45,Direct,Mobile,/pricing,2,145,0,1,,0
S01634,U0430,2024-11-04,2024-11,2024-W45,Organic,Desktop,/,2,83,0,0,,0
S01635,U0708,2024-11-04,2024-11,2024-W45,Direct,Mobile,/services,4,171,0,0,,0
S01636,U0365,2024-11-04,2024-11,2024-W45,Organic,Desktop,/tutors,2,170,0,0,,0
S01637,U1167,2024-11-04,2024-11,2024-W45,Paid,Desktop,/services,3,248,0,1,,0
S01638,U0722,2024-11-04,2024-11,2024-W45,Organic,Desktop,/services,2,197,0,0,,0
S01639,U1168,2024-11-04,2024-11,2024-W45,Direct,Desktop,/about,2,221,0,1,,0
S01640,U1169,2024-11-04,2024-11,2024-W45,Organic,Mobile,/,3,76,0,1,,0
S01641,U1170,2024-11-04,2024-11,2024-W45,Social,Mobile,/tutors,4,424,0,1,,0
S01642,U1171,2024-11-04,2024-11,2024-W45,Social,Desktop,/,1,294,0,1,,0
S01643,U0219,2024-11-04,2024-11,2024-W45,Email,Tablet,/about,2,16,0,0,,1
S01644,U0116,2024-11-04,2024-11,2024-W45,Email,Desktop,/contact,4,65,0,0,,0
S01645,U1172,2024-11-04,2024-11,2024-W45,Direct,Mobile,/pricing,2,83,0,1,,0
S01646,U0514,2024-11-04,2024-11,2024-W45,Direct,Mobile,/about,3,221,0,0,,0
S01647,U0605,2024-11-04,2024-11,2024-W45,Organic,Mobile,/,7,219,0,0,,0
S01648,U1173,2024-11-04,2024-11,2024-W45,Organic,Desktop,/,2,76,0,1,,0
S01649,U1174,2024-11-04,2024-11,2024-W45,Social,Mobile,/tutors,3,341,0,1,,0
S01650,U1175,2024-11-04,2024-11,2024-W45,Email,Desktop,/,2,144,0,1,,0
S01651,U1150,2024-11-04,2024-11,2024-W45,Organic,Desktop,/services,7,438,0,0,,0
S01652,U1176,2024-11-04,2024-11,2024-W45,Direct,Desktop,/pricing,3,24,0,1,,0
S01653,U1177,2024-11-04,2024-11,2024-W45,Email,Tablet,/,5,57,0,1,,0
S01654,U0782,2024-11-04,2024-11,2024-W45,Organic,Desktop,/,2,196,0,0,,0
S01655,U1178,2024-11-04,2024-11,2024-W45,Paid,Desktop,/about,3,206,0,1,,0
S01656,U1179,2024-11-04,2024-11,2024-W45,Direct,Desktop,/tutors,2,100,0,1,,0
S01657,U0515,2024-11-04,2024-11,2024-W45,Direct,Mobile,/,7,154,0,0,,0
S01658,U1180,2024-11-04,2024-11,2024-W45,Paid,Desktop,/services,3,328,0,1,,0
S01659,U1181,2024-11-04,2024-11,2024-W45,Organic,Mobile,/,1,516,0,1,,0
S01660,U1182,2024-11-04,2024-11,2024-W45,Organic,Desktop,/services,5,66,0,1,,0
S01661,U1183,2024-11-04,2024-11,2024-W45,Direct,Desktop,/,2,107,0,1,,0
S01662,U1184,2024-11-04,2024-11,2024-W45,Social,Desktop,/pricing,4,211,0,1,,0
S01663,U1185,2024-11-04,2024-11,2024-W45,Direct,Mobile,/pricing,7,216,0,1,,0
S01664,U1186,2024-11-04,2024-11,2024-W45,Organic,Mobile,/tutors,3,175,0,1,,0
S01665,U0356,2024-11-04,2024-11,2024-W45,Direct,Desktop,/,3,311,0,0,,0
S01666,U0084,2024-11-04,2024-11,2024-W45,Direct,Mobile,/services,1,40,0,0,,0
S01667,U1187,2024-11-04,2024-11,2024-W45,Paid,Desktop,/,8,257,0,1,,0
S01668,U1188,2024-11-04,2024-11,2024-W45,Email,Desktop,/pricing,3,170,0,1,,0
S01669,U1189,2024-11-04,2024-11,2024-W45,Direct,Desktop,/contact,2,43,0,1,,0
S01670,U0315,2024-11-04,2024-11,2024-W45,Organic,Mobile,/,5,238,0,0,,0
S01671,U1190,2024-11-04,2024-11,2024-W45,Email,Desktop,/,4,170,0,1,,0
S01672,U1191,2024-11-04,2024-11,2024-W45,Email,Mobile,/tutors,4,130,0,1,,0
S01673,U1192,2024-11-05,2024-11,2024-W45,Organic,Desktop,/tutors,4,370,0,1,,0
S01674,U1193,2024-11-05,2024-11,2024-W45,Social,Desktop,/pricing,1,236,0,1,,0
S01675,U1194,2024-11-05,2024-11,2024-W45,Organic,Desktop,/,3,38,0,1,,0
S01676,U1195,2024-11-05,2024-11,2024-W45,Email,Mobile,/,4,144,0,1,,0
S01677,U1196,2024-11-05,2024-11,2024-W45,Organic,Desktop,/tutors,4,137,0,1,,0
S01678,U1197,2024-11-05,2024-11,2024-W45,Direct,Desktop,/,2,357,0,1,,0
S01679,U1198,2024-11-05,2024-11,2024-W45,Organic,Mobile,/,9,267,0,1,,0
S01680,U1199,2024-11-05,2024-11,2024-W45,Paid,Desktop,/,2,693,0,1,,0
S01681,U1087,2024-11-05,2024-11,2024-W45,Organic,Desktop,/,5,830,0,0,,0
S01682,U1200,2024-11-05,2024-11,2024-W45,Organic,Desktop,/about,2,166,0,1,,0
S01683,U1201,2024-11-05,2024-11,2024-W45,Paid,Tablet,/pricing,5,168,0,1,,0
S01684,U1202,2024-11-05,2024-11,2024-W45,Organic,Desktop,/about,3,209,0,1,,0
S01685,U1203,2024-11-05,2024-11,2024-W45,Direct,Mobile,/services,1,215,0,1,,0
S01686,U0082,2024-11-05,2024-11,2024-W45,Social,Desktop,/about,4,167,0,0,,0
S01687,U1204,2024-11-05,2024-11,2024-W45,Organic,Desktop,/,2,68,0,1,,0
S01688,U1205,2024-11-05,2024-11,2024-W45,Direct,Mobile,/about,7,143,0,1,,0
S01689,U1206,2024-11-05,2024-11,2024-W45,Email,Desktop,/services,1,319,0,1,,0
S01690,U1207,2024-11-05,2024-11,2024-W45,Email,Desktop,/services,2,337,0,1,,0
S01691,U1208,2024-11-05,2024-11,2024-W45,Email,Desktop,/tutors,2,119,0,1,,0
S01692,U1209,2024-11-05,2024-11,2024-W45,Direct,Mobile,/about,2,115,0,1,,1
S01693,U1210,2024-11-05,2024-11,2024-W45,Organic,Desktop,/,5,189,0,1,,0
S01694,U1211,2024-11-05,2024-11,2024-W45,Organic,Desktop,/,1,154,0,1,,0
S01695,U1102,2024-11-05,2024-11,2024-W45,Paid,Mobile,/contact,1,37,0,0,,0
S01696,U1212,2024-11-05,2024-11,2024-W45,Paid,Desktop,/services,2,124,0,1,,0
S01697,U1213,2024-11-05,2024-11,2024-W45,Organic,Desktop,/contact,1,91,0,1,,0
S01698,U1214,2024-11-05,2024-11,2024-W45,Organic,Mobile,/services,5,63,0,1,,0
S01699,U0892,2024-11-05,2024-11,2024-W45,Paid,Mobile,/contact,7,245,0,0,,0
S01700,U1215,2024-11-05,2024-11,2024-W45,Direct,Desktop,/,5,314,0,1,,0
S01701,U0941,2024-11-05,2024-11,2024-W45,Organic,Mobile,/pricing,3,217,0,0,,0
S01702,U0151,2024-11-05,2024-11,2024-W45,Organic,Desktop,/pricing,1,101,0,0,,1
S01703,U1216,2024-11-05,2024-11,2024-W45,Direct,Desktop,/tutors,5,198,0,1,,0
S01704,U1217,2024-11-05,2024-11,2024-W45,Direct,Mobile,/services,6,125,0,1,,0
S01705,U0795,2024-11-05,2024-11,2024-W45,Email,Mobile,/about,3,189,0,0,,0
S01706,U1218,2024-11-05,2024-11,2024-W45,Social,Desktop,/services,4,116,0,1,,0
S01707,U1219,2024-11-05,2024-11,2024-W45,Organic,Mobile,/services,5,74,0,1,,0
S01708,U0130,2024-11-05,2024-11,2024-W45,Paid,Desktop,/pricing,2,47,0,0,,0
S01709,U1220,2024-11-05,2024-11,2024-W45,Email,Tablet,/contact,1,100,0,1,,0
S01710,U1030,2024-11-05,2024-11,2024-W45,Organic,Desktop,/about,5,338,0,0,,0
S01711,U1221,2024-11-05,2024-11,2024-W45,Organic,Desktop,/services,2,92,0,1,,0
S01712,U0897,2024-11-05,2024-11,2024-W45,Organic,Desktop,/pricing,1,104,0,0,,0
S01713,U1222,2024-11-05,2024-11,2024-W45,Organic,Desktop,/pricing,1,245,0,1,,1
S01714,U0451,2024-11-05,2024-11,2024-W45,Organic,Mobile,/services,5,286,0,0,,0
S01715,U1223,2024-11-05,2024-11,2024-W45,Organic,Desktop,/services,5,142,0,1,,0
S01716,U1224,2024-11-05,2024-11,2024-W45,Organic,Desktop,/services,6,355,0,1,,0
S01717,U0765,2024-11-05,2024-11,2024-W45,Organic,Desktop,/services,3,429,0,0,,0
S01718,U1137,2024-11-05,2024-11,2024-W45,Email,Desktop,/tutors,4,125,0,0,,0
S01719,U1173,2024-11-05,2024-11,2024-W45,Organic,Desktop,/,4,42,0,0,,0
S01720,U1225,2024-11-05,2024-11,2024-W45,Email,Mobile,/tutors,3,79,0,1,,0
S01721,U1226,2024-11-05,2024-11,2024-W45,Organic,Mobile,/services,5,173,0,1,,0
S01722,U1227,2024-11-05,2024-11,2024-W45,Organic,Tablet,/,5,102,0,1,,0
S01723,U1228,2024-11-05,2024-11,2024-W45,Organic,Desktop,/tutors,4,174,0,1,,0
S01724,U1229,2024-11-05,2024-11,2024-W45,Organic,Mobile,/,9,113,0,1,,0
S01725,U0518,2024-11-05,2024-11,2024-W45,Organic,Desktop,/tutors,6,282,0,0,,0
S01726,U1162,2024-11-05,2024-11,2024-W45,Direct,Mobile,/about,3,253,0,0,,0
S01727,U1230,2024-11-05,2024-11,2024-W45,Organic,Desktop,/,3,168,0,1,,0
S01728,U1231,2024-11-05,2024-11,2024-W45,Social,Mobile,/,3,400,0,1,,0
S01729,U1232,2024-11-05,2024-11,2024-W45,Direct,Mobile,/,8,272,0,1,,0
S01730,U0202,2024-11-05,2024-11,2024-W45,Direct,Desktop,/contact,5,1039,0,0,,0
S01731,U1233,2024-11-05,2024-11,2024-W45,Social,Mobile,/tutors,2,254,0,1,,0
S01732,U1234,2024-11-05,2024-11,2024-W45,Direct,Desktop,/,3,36,0,1,,0
S01733,U0584,2024-11-05,2024-11,2024-W45,Organic,Desktop,/pricing,2,120,0,0,,0
S01734,U1235,2024-11-05,2024-11,2024-W45,Organic,Mobile,/pricing,4,567,0,1,,0
S01735,U1236,2024-11-05,2024-11,2024-W45,Organic,Mobile,/services,1,76,0,1,,0
S01736,U1237,2024-11-05,2024-11,2024-W45,Organic,Mobile,/services,1,282,0,1,,0
S01737,U1238,2024-11-05,2024-11,2024-W45,Direct,Mobile,/services,2,2142,0,1,,0
S01738,U1239,2024-11-05,2024-11,2024-W45,Organic,Mobile,/contact,2,254,0,1,,0
S01739,U0505,2024-11-05,2024-11,2024-W45,Social,Desktop,/,1,452,0,0,,0
S01740,U1240,2024-11-05,2024-11,2024-W45,Social,Mobile,/,5,51,0,1,,0
S01741,U0737,2024-11-05,2024-11,2024-W45,Email,Mobile,/services,3,344,0,0,,0
S01742,U1241,2024-11-05,2024-11,2024-W45,Direct,Mobile,/,2,143,0,1,,0
S01743,U1242,2024-11-05,2024-11,2024-W45,Direct,Desktop,/tutors,3,598,0,1,,0
S01744,U1243,2024-11-05,2024-11,2024-W45,Social,Desktop,/,5,139,0,1,,0
S01745,U1243,2024-11-05,2024-11,2024-W45,Social,Mobile,/services,3,606,0,0,,0
S01746,U0287,2024-11-05,2024-11,2024-W45,Social,Mobile,/about,7,16,0,0,,0
S01747,U0157,2024-11-05,2024-11,2024-W45,Direct,Desktop,/services,3,585,0,0,,0
S01748,U1244,2024-11-05,2024-11,2024-W45,Email,Tablet,/tutors,3,434,0,1,,0
S01749,U1245,2024-11-05,2024-11,2024-W45,Organic,Mobile,/services,3,167,0,1,,0
S01750,U1246,2024-11-05,2024-11,2024-W45,Organic,Desktop,/,2,47,0,1,,0
S01751,U0076,2024-11-05,2024-11,2024-W45,Organic,Desktop,/pricing,6,184,0,0,,0
S01752,U1247,2024-11-05,2024-11,2024-W45,Direct,Desktop,/services,3,74,0,1,,0
S01753,U1248,2024-11-05,2024-11,2024-W45,Organic,Mobile,/,6,293,0,1,,0
S01754,U1249,2024-11-06,2024-11,2024-W45,Direct,Mobile,/tutors,4,299,0,1,,0
S01755,U1250,2024-11-06,2024-11,2024-W45,Email,Desktop,/services,2,92,0,1,,0
S01756,U0952,2024-11-06,2024-11,2024-W45,Organic,Mobile,/contact,2,731,0,0,,0
S01757,U0746,2024-11-06,2024-11,2024-W45,Email,Desktop,/contact,5,121,0,0,,0
S01758,U1251,2024-11-06,2024-11,2024-W45,Paid,Mobile,/,2,277,0,1,,0
S01759,U1252,2024-11-06,2024-11,2024-W45,Organic,Desktop,/,1,77,0,1,,0
S01760,U1053,2024-11-06,2024-11,2024-W45,Email,Mobile,/,2,151,0,0,,0
S01761,U1160,2024-11-06,2024-11,2024-W45,Organic,Mobile,/services,2,304,0,0,,0
S01762,U1253,2024-11-06,2024-11,2024-W45,Email,Desktop,/,7,589,0,1,,0
S01763,U1254,2024-11-06,2024-11,2024-W45,Direct,Desktop,/contact,1,1836,0,1,,0
S01764,U1255,2024-11-06,2024-11,2024-W45,Email,Mobile,/,3,199,0,1,,0
S01765,U1256,2024-11-06,2024-11,2024-W45,Organic,Desktop,/pricing,2,45,0,1,,0
S01766,U1257,2024-11-06,2024-11,2024-W45,Organic,Mobile,/services,8,32,0,1,,0
S01767,U0740,2024-11-06,2024-11,2024-W45,Email,Desktop,/,4,86,0,0,,0
S01768,U1258,2024-11-06,2024-11,2024-W45,Direct,Mobile,/,3,45,0,1,,0
S01769,U0664,2024-11-06,2024-11,2024-W45,Paid,Desktop,/pricing,7,144,0,0,,0
S01770,U1259,2024-11-06,2024-11,2024-W45,Email,Desktop,/,1,635,0,1,,0
S01771,U0540,2024-11-06,2024-11,2024-W45,Direct,Mobile,/,1,94,0,0,,0
S01772,U1260,2024-11-06,2024-11,2024-W45,Direct,Desktop,/,1,200,0,1,,0
S01773,U1261,2024-11-06,2024-11,2024-W45,Paid,Desktop,/pricing,2,812,0,1,,0
S01774,U1262,2024-11-06,2024-11,2024-W45,Organic,Mobile,/tutors,2,197,0,1,,0
S01775,U0457,2024-11-06,2024-11,2024-W45,Direct,Desktop,/tutors,1,263,0,0,,0
S01776,U1263,2024-11-06,2024-11,2024-W45,Social,Desktop,/,4,204,0,1,,0
S01777,U1264,2024-11-06,2024-11,2024-W45,Direct,Mobile,/about,5,75,0,1,,0
S01778,U1265,2024-11-06,2024-11,2024-W45,Direct,Mobile,/services,2,221,0,1,,0
S01779,U0340,2024-11-06,2024-11,2024-W45,Organic,Desktop,/tutors,2,155,0,0,,0
S01780,U1266,2024-11-06,2024-11,2024-W45,Organic,Tablet,/contact,3,141,0,1,,0
S01781,U0323,2024-11-06,2024-11,2024-W45,Direct,Desktop,/,4,112,0,0,,0
S01782,U1267,2024-11-06,2024-11,2024-W45,Organic,Mobile,/,2,151,0,1,,0
S01783,U0677,2024-11-06,2024-11,2024-W45,Direct,Desktop,/services,4,627,0,0,,0
S01784,U1268,2024-11-06,2024-11,2024-W45,Organic,Desktop,/services,3,47,0,1,,0
S01785,U0331,2024-11-06,2024-11,2024-W45,Direct,Desktop,/,1,336,0,0,,0
S01786,U1269,2024-11-06,2024-11,2024-W45,Social,Mobile,/tutors,2,355,0,1,,0
S01787,U1214,2024-11-06,2024-11,2024-W45,Organic,Desktop,/,4,67,0,0,,0
S01788,U1270,2024-11-06,2024-11,2024-W45,Paid,Mobile,/pricing,1,256,0,1,,1
S01789,U1271,2024-11-06,2024-11,2024-W45,Organic,Desktop,/pricing,10,85,0,1,,1
S01790,U0369,2024-11-06,2024-11,2024-W45,Social,Tablet,/tutors,3,86,0,0,,0
S01791,U1272,2024-11-06,2024-11,2024-W45,Organic,Desktop,/,3,502,0,1,,0
S01792,U1273,2024-11-06,2024-11,2024-W45,Organic,Mobile,/pricing,2,23,0,1,,0
S01793,U1274,2024-11-06,2024-11,2024-W45,Organic,Tablet,/,2,83,0,1,,0
S01794,U1275,2024-11-06,2024-11,2024-W45,Organic,Mobile,/tutors,1,473,0,1,,0
S01795,U1276,2024-11-06,2024-11,2024-W45,Direct,Desktop,/,2,223,0,1,,0
S01796,U1277,2024-11-06,2024-11,2024-W45,Organic,Desktop,/services,5,56,0,1,,0
S01797,U1278,2024-11-06,2024-11,2024-W45,Organic,Desktop,/about,2,514,0,1,,0
S01798,U1279,2024-11-06,2024-11,2024-W45,Direct,Mobile,/services,1,127,0,1,,0
S01799,U1280,2024-11-06,2024-11,2024-W45,Social,Desktop,/,4,119,0,1,,0
S01800,U0702,2024-11-06,2024-11,2024-W45,Organic,Desktop,/,5,56,0,0,,0
S01801,U1281,2024-11-06,2024-11,2024-W45,Direct,Desktop,/contact,1,51,0,1,,0
S01802,U1282,2024-11-06,2024-11,2024-W45,Direct,Desktop,/pricing,2,896,0,1,,0
S01803,U1071,2024-11-06,2024-11,2024-W45,Organic,Mobile,/tutors,6,58,0,0,,0
S01804,U1283,2024-11-06,2024-11,2024-W45,Social,Mobile,/tutors,3,193,0,1,,0
S01805,U0198,2024-11-06,2024-11,2024-W45,Organic,Desktop,/contact,4,515,0,0,,0
S01806,U1284,2024-11-06,2024-11,2024-W45,Paid,Mobile,/pricing,8,102,0,1,,0
S01807,U1285,2024-11-06,2024-11,2024-W45,Email,Mobile,/,5,430,0,1,,0
S01808,U1286,2024-11-06,2024-11,2024-W45,Organic,Mobile,/,3,106,0,1,,0
S01809,U1287,2024-11-06,2024-11,2024-W45,Paid,Mobile,/,1,239,0,1,,0
S01810,U1288,2024-11-06,2024-11,2024-W45,Email,Mobile,/about,2,138,0,1,,1
S01811,U1289,2024-11-06,2024-11,2024-W45,Organic,Mobile,/contact,2,78,0,1,,0
S01812,U1290,2024-11-06,2024-11,2024-W45,Direct,Mobile,/,2,260,0,1,,0
S01813,U1291,2024-11-06,2024-11,2024-W45,Direct,Desktop,/pricing,1,95,0,1,,0
S01814,U1292,2024-11-06,2024-11,2024-W45,Social,Desktop,/services,3,630,0,1,,0
S01815,U1293,2024-11-06,2024-11,2024-W45,Direct,Mobile,/,5,531,0,1,,0
S01816,U1294,2024-11-06,2024-11,2024-W45,Organic,Mobile,/about,1,111,0,1,,0
S01817,U1295,2024-11-06,2024-11,2024-W45,Direct,Desktop,/tutors,3,67,0,1,,0
S01818,U1296,2024-11-06,2024-11,2024-W45,Social,Mobile,/pricing,4,132,0,1,,0
S01819,U0477,2024-11-06,2024-11,2024-W45,Paid,Mobile,/pricing,4,98,0,0,,0
S01820,U1226,2024-11-06,2024-11,2024-W45,Paid,Desktop,/pricing,5,93,0,0,,0
S01821,U1297,2024-11-06,2024-11,2024-W45,Organic,Tablet,/pricing,2,355,0,1,,0
S01822,U1298,2024-11-06,2024-11,2024-W45,Direct,Mobile,/services,3,88,0,1,,0
S01823,U1299,2024-11-06,2024-11,2024-W45,Direct,Desktop,/about,5,465,0,1,,0
S01824,U0421,2024-11-06,2024-11,2024-W45,Organic,Mobile,/pricing,4,73,0,0,,0
S01825,U1300,2024-11-06,2024-11,2024-W45,Organic,Mobile,/services,4,188,0,1,,0
S01826,U1199,2024-11-06,2024-11,2024-W45,Organic,Mobile,/services,3,67,0,0,,0
S01827,U1301,2024-11-06,2024-11,2024-W45,Social,Desktop,/pricing,3,273,0,1,,0
S01828,U1302,2024-11-06,2024-11,2024-W45,Direct,Mobile,/pricing,3,843,0,1,,0
S01829,U1303,2024-11-06,2024-11,2024-W45,Direct,Desktop,/tutors,5,91,0,1,,0
S01830,U1304,2024-11-07,2024-11,2024-W45,Social,Mobile,/tutors,1,183,0,1,,0
S01831,U1305,2024-11-07,2024-11,2024-W45,Direct,Desktop,/,3,32,0,1,,0
S01832,U1306,2024-11-07,2024-11,2024-W45,Social,Tablet,/services,6,485,0,1,,0
S01833,U1307,2024-11-07,2024-11,2024-W45,Organic,Desktop,/,2,232,0,1,,0
S01834,U1308,2024-11-07,2024-11,2024-W45,Organic,Desktop,/contact,1,216,0,1,,0
S01835,U1309,2024-11-07,2024-11,2024-W45,Organic,Mobile,/tutors,4,75,0,1,,0
S01836,U1310,2024-11-07,2024-11,2024-W45,Social,Desktop,/tutors,4,196,0,1,,0
S01837,U1311,2024-11-07,2024-11,2024-W45,Direct,Desktop,/pricing,2,348,0,1,,0
S01838,U0821,2024-11-07,2024-11,2024-W45,Direct,Desktop,/,1,464,0,0,,0
S01839,U1312,2024-11-07,2024-11,2024-W45,Social,Mobile,/,2,190,0,1,,0
S01840,U1313,2024-11-07,2024-11,2024-W45,Organic,Desktop,/about,2,371,0,1,,1
S01841,U1314,2024-11-07,2024-11,2024-W45,Direct,Mobile,/,6,124,0,1,,0
S01842,U1315,2024-11-07,2024-11,2024-W45,Direct,Desktop,/,2,128,0,1,,0
S01843,U1316,2024-11-07,2024-11,2024-W45,Organic,Mobile,/,2,617,0,1,,0
S01844,U0539,2024-11-07,2024-11,2024-W45,Social,Mobile,/pricing,3,346,0,0,,0
S01845,U0078,2024-11-07,2024-11,2024-W45,Organic,Desktop,/about,5,312,0,0,,0
S01846,U1317,2024-11-07,2024-11,2024-W45,Organic,Mobile,/,7,417,0,1,,0
S01847,U1318,2024-11-07,2024-11,2024-W45,Direct,Mobile,/tutors,3,69,0,1,,0
S01848,U1319,2024-11-07,2024-11,2024-W45,Organic,Mobile,/,4,25,0,1,,0
S01849,U1320,2024-11-07,2024-11,2024-W45,Paid,Mobile,/,1,123,0,1,,0
S01850,U1321,2024-11-07,2024-11,2024-W45,Email,Desktop,/services,4,271,0,1,,1
S01851,U1322,2024-11-07,2024-11,2024-W45,Organic,Desktop,/tutors,3,27,0,1,,0
S01852,U1323,2024-11-07,2024-11,2024-W45,Organic,Mobile,/tutors,5,154,0,1,,0
S01853,U1324,2024-11-07,2024-11,2024-W45,Social,Desktop,/about,2,327,0,1,,0
S01854,U1325,2024-11-07,2024-11,2024-W45,Organic,Mobile,/services,2,309,0,1,,0
S01855,U1326,2024-11-07,2024-11,2024-W45,Social,Mobile,/services,1,170,0,1,,0
S01856,U1327,2024-11-07,2024-11,2024-W45,Organic,Desktop,/tutors,2,1211,0,1,,0
S01857,U0566,2024-11-07,2024-11,2024-W45,Direct,Desktop,/pricing,2,104,0,0,,0
S01858,U1328,2024-11-07,2024-11,2024-W45,Organic,Mobile,/pricing,1,508,0,1,,0
S01859,U1329,2024-11-07,2024-11,2024-W45,Organic,Desktop,/pricing,4,332,0,1,,0
S01860,U1330,2024-11-07,2024-11,2024-W45,Organic,Desktop,/,7,314,0,1,,0
S01861,U0583,2024-11-07,2024-11,2024-W45,Organic,Desktop,/,5,118,0,0,,0
S01862,U1331,2024-11-07,2024-11,2024-W45,Organic,Desktop,/,1,380,0,1,,0
S01863,U1332,2024-11-07,2024-11,2024-W45,Organic,Mobile,/,2,385,0,1,,0
S01864,U0399,2024-11-07,2024-11,2024-W45,Social,Tablet,/contact,3,1010,0,0,,0
S01865,U1333,2024-11-07,2024-11,2024-W45,Organic,Mobile,/,3,109,0,1,,1
S01866,U1037,2024-11-07,2024-11,2024-W45,Paid,Mobile,/,3,57,0,0,,0
S01867,U0603,2024-11-07,2024-11,2024-W45,Organic,Mobile,/,3,43,0,0,,0
S01868,U1052,2024-11-07,2024-11,2024-W45,Social,Mobile,/,1,174,0,0,,0
S01869,U1334,2024-11-07,2024-11,2024-W45,Direct,Mobile,/,3,591,0,1,,0
S01870,U1335,2024-11-07,2024-11,2024-W45,Social,Mobile,/,2,78,0,1,,0
S01871,U1336,2024-11-07,2024-11,2024-W45,Direct,Desktop,/pricing,2,206,0,1,,0
S01872,U1337,2024-11-07,2024-11,2024-W45,Direct,Mobile,/,6,142,0,1,,0
S01873,U1338,2024-11-07,2024-11,2024-W45,Direct,Mobile,/about,3,117,0,1,,0
S01874,U1339,2024-11-07,2024-11,2024-W45,Organic,Desktop,/services,2,254,0,1,,0
S01875,U0239,2024-11-07,2024-11,2024-W45,Organic,Tablet,/about,2,53,0,0,,0
S01876,U1340,2024-11-07,2024-11,2024-W45,Social,Desktop,/tutors,1,281,0,1,,0
S01877,U0471,2024-11-07,2024-11,2024-W45,Direct,Desktop,/tutors,2,36,0,0,,0
S01878,U1341,2024-11-07,2024-11,2024-W45,Organic,Desktop,/services,1,185,0,1,,0
S01879,U1342,2024-11-07,2024-11,2024-W45,Social,Mobile,/,2,103,0,1,,0
S01880,U0589,2024-11-07,2024-11,2024-W45,Organic,Desktop,/,2,53,0,0,,0
S01881,U1343,2024-11-07,2024-11,2024-W45,Paid,Desktop,/,5,107,0,1,,0
S01882,U0366,2024-11-07,2024-11,2024-W45,Direct,Mobile,/about,5,98,0,0,,0
S01883,U1344,2024-11-07,2024-11,2024-W45,Organic,Mobile,/,1,73,0,1,,0
S01884,U0390,2024-11-07,2024-11,2024-W45,Social,Desktop,/services,1,56,0,0,,0
S01885,U0496,2024-11-07,2024-11,2024-W45,Organic,Desktop,/,2,157,0,0,,0
S01886,U0416,2024-11-07,2024-11,2024-W45,Direct,Desktop,/,4,409,0,0,,0
S01887,U1345,2024-11-07,2024-11,2024-W45,Organic,Desktop,/tutors,2,290,0,1,,0
S01888,U1346,2024-11-07,2024-11,2024-W45,Email,Mobile,/services,3,318,0,1,,0
S01889,U1009,2024-11-07,2024-11,2024-W45,Organic,Mobile,/tutors,5,184,0,0,,0
S01890,U1347,2024-11-07,2024-11,2024-W45,Social,Mobile,/pricing,4,331,0,1,,0
S01891,U0988,2024-11-07,2024-11,2024-W45,Direct,Mobile,/tutors,2,254,0,0,,0
S01892,U1348,2024-11-07,2024-11,2024-W45,Email,Mobile,/,1,167,0,1,,0
S01893,U1349,2024-11-07,2024-11,2024-W45,Direct,Desktop,/,2,102,0,1,,0
S01894,U0375,2024-11-07,2024-11,2024-W45,Organic,Tablet,/,7,174,0,0,,0
S01895,U1350,2024-11-07,2024-11,2024-W45,Direct,Mobile,/about,4,828,0,1,,0
S01896,U1182,2024-11-07,2024-11,2024-W45,Direct,Mobile,/,4,188,0,0,,0
S01897,U1351,2024-11-07,2024-11,2024-W45,Social,Desktop,/pricing,4,135,0,1,,0
S01898,U1352,2024-11-07,2024-11,2024-W45,Direct,Mobile,/services,6,382,0,1,,1
S01899,U1353,2024-11-07,2024-11,2024-W45,Organic,Desktop,/,2,162,0,1,,0
S01900,U1354,2024-11-07,2024-11,2024-W45,Organic,Desktop,/,5,171,0,1,,0
S01901,U1062,2024-11-07,2024-11,2024-W45,Email,Desktop,/tutors,8,50,0,0,,0
S01902,U1355,2024-11-07,2024-11,2024-W45,Email,Desktop,/services,7,241,0,1,,1
S01903,U1190,2024-11-07,2024-11,2024-W45,Organic,Mobile,/,1,139,0,0,,0
S01904,U1356,2024-11-07,2024-11,2024-W45,Organic,Desktop,/,6,35,0,1,,0
S01905,U0539,2024-11-07,2024-11,2024-W45,Social,Mobile,/pricing,5,110,0,0,,0
S01906,U1357,2024-11-07,2024-11,2024-W45,Paid,Mobile,/services,1,62,0,1,,0
S01907,U1358,2024-11-07,2024-11,2024-W45,Direct,Mobile,/tutors,4,61,0,1,,0
S01908,U0763,2024-11-07,2024-11,2024-W45,Organic,Mobile,/,5,152,0,0,,0
S01909,U1359,2024-11-07,2024-11,2024-W45,Organic,Desktop,/contact,5,211,0,1,,0
S01910,U1360,2024-11-07,2024-11,2024-W45,Direct,Mobile,/about,1,59,0,1,,0
S01911,U1361,2024-11-07,2024-11,2024-W45,Paid,Tablet,/about,2,287,0,1,,0
S01912,U1362,2024-11-08,2024-11,2024-W45,Organic,Desktop,/contact,6,47,0,1,,0
S01913,U1363,2024-11-08,2024-11,2024-W45,Direct,Tablet,/pricing,1,775,0,1,,0
S01914,U0307,2024-11-08,2024-11,2024-W45,Email,Mobile,/contact,3,234,0,0,,0
S01915,U0864,2024-11-08,2024-11,2024-W45,Organic,Mobile,/,2,211,0,0,,0
S01916,U1364,2024-11-08,2024-11,2024-W45,Direct,Desktop,/,6,171,0,1,,0
S01917,U1365,2024-11-08,2024-11,2024-W45,Paid,Desktop,/pricing,1,138,0,1,,0
S01918,U1366,2024-11-08,2024-11,2024-W45,Organic,Mobile,/pricing,3,232,0,1,,0
S01919,U1367,2024-11-08,2024-11,2024-W45,Direct,Mobile,/,5,83,0,1,,0
S01920,U1368,2024-11-08,2024-11,2024-W45,Direct,Desktop,/contact,1,109,0,1,,0
S01921,U0521,2024-11-08,2024-11,2024-W45,Email,Desktop,/,6,568,0,0,,0
S01922,U1369,2024-11-08,2024-11,2024-W45,Organic,Mobile,/services,4,142,0,1,,0
S01923,U1370,2024-11-08,2024-11,2024-W45,Organic,Mobile,/,5,384,0,1,,0
S01924,U1371,2024-11-08,2024-11,2024-W45,Organic,Desktop,/,3,105,0,1,,0
S01925,U0041,2024-11-08,2024-11,2024-W45,Organic,Mobile,/tutors,3,1018,0,0,,0
S01926,U1372,2024-11-08,2024-11,2024-W45,Direct,Desktop,/tutors,2,186,0,1,,0
S01927,U1373,2024-11-08,2024-11,2024-W45,Social,Desktop,/tutors,3,101,0,1,,0
S01928,U1374,2024-11-08,2024-11,2024-W45,Social,Mobile,/,4,111,0,1,,0
S01929,U1375,2024-11-08,2024-11,2024-W45,Email,Tablet,/services,6,269,0,1,,0
S01930,U1376,2024-11-08,2024-11,2024-W45,Organic,Mobile,/,4,73,0,1,,0
S01931,U1377,2024-11-08,2024-11,2024-W45,Direct,Desktop,/contact,1,202,0,1,,0
S01932,U1257,2024-11-08,2024-11,2024-W45,Direct,Tablet,/,1,151,0,0,,0
S01933,U1378,2024-11-08,2024-11,2024-W45,Social,Desktop,/services,1,303,0,1,,0
S01934,U0691,2024-11-08,2024-11,2024-W45,Email,Desktop,/tutors,1,128,0,0,,0
S01935,U1379,2024-11-08,2024-11,2024-W45,Email,Desktop,/services,1,93,0,1,,0
S01936,U1380,2024-11-08,2024-11,2024-W45,Direct,Tablet,/services,2,159,0,1,,0
S01937,U1381,2024-11-08,2024-11,2024-W45,Social,Desktop,/,1,195,0,1,,0
S01938,U1382,2024-11-08,2024-11,2024-W45,Organic,Mobile,/services,2,147,0,1,,0
S01939,U1383,2024-11-08,2024-11,2024-W45,Paid,Desktop,/,5,197,0,1,,0
S01940,U1384,2024-11-08,2024-11,2024-W45,Direct,Mobile,/contact,5,288,0,1,,0
S01941,U1385,2024-11-08,2024-11,2024-W45,Direct,Mobile,/tutors,3,513,0,1,,0
S01942,U1386,2024-11-08,2024-11,2024-W45,Organic,Mobile,/,5,70,0,1,,0
S01943,U0048,2024-11-08,2024-11,2024-W45,Email,Mobile,/,2,414,0,0,,0
S01944,U0516,2024-11-08,2024-11,2024-W45,Email,Desktop,/,6,457,0,0,,0
S01945,U1387,2024-11-08,2024-11,2024-W45,Email,Desktop,/pricing,1,94,0,1,,1
S01946,U0211,2024-11-08,2024-11,2024-W45,Organic,Mobile,/services,1,347,0,0,,0
S01947,U1388,2024-11-08,2024-11,2024-W45,Organic,Mobile,/,4,101,0,1,,0
S01948,U0814,2024-11-08,2024-11,2024-W45,Organic,Desktop,/services,3,69,0,0,,0
S01949,U1389,2024-11-08,2024-11,2024-W45,Organic,Mobile,/,2,182,0,1,,0
S01950,U1390,2024-11-08,2024-11,2024-W45,Organic,Desktop,/,2,276,0,1,,0
S01951,U1391,2024-11-08,2024-11,2024-W45,Organic,Mobile,/tutors,3,429,0,1,,0
S01952,U0582,2024-11-08,2024-11,2024-W45,Organic,Desktop,/services,3,81,0,0,,0
S01953,U1079,2024-11-08,2024-11,2024-W45,Social,Mobile,/pricing,2,345,0,0,,0
S01954,U1359,2024-11-08,2024-11,2024-W45,Social,Mobile,/contact,4,176,0,0,,0
S01955,U1392,2024-11-08,2024-11,2024-W45,Email,Mobile,/pricing,4,88,0,1,,0
S01956,U1393,2024-11-08,2024-11,2024-W45,Organic,Desktop,/services,5,122,0,1,,0
S01957,U1394,2024-11-08,2024-11,2024-W45,Organic,Desktop,/pricing,7,77,0,1,,0
S01958,U1105,2024-11-08,2024-11,2024-W45,Email,Desktop,/,6,135,0,0,,0
S01959,U1395,2024-11-08,2024-11,2024-W45,Social,Mobile,/tutors,1,316,0,1,,0
S01960,U1396,2024-11-08,2024-11,2024-W45,Direct,Mobile,/,4,261,0,1,,0
S01961,U1397,2024-11-08,2024-11,2024-W45,Organic,Desktop,/,2,282,0,1,,0
S01962,U1398,2024-11-08,2024-11,2024-W45,Direct,Mobile,/tutors,5,438,0,1,,0
S01963,U1399,2024-11-08,2024-11,2024-W45,Direct,Tablet,/tutors,3,198,0,1,,0
S01964,U1400,2024-11-08,2024-11,2024-W45,Organic,Desktop,/contact,1,57,0,1,,0
S01965,U0622,2024-11-08,2024-11,2024-W45,Direct,Mobile,/,5,364,0,0,,1
S01966,U1401,2024-11-08,2024-11,2024-W45,Direct,Desktop,/services,1,158,0,1,,0
S01967,U0588,2024-11-08,2024-11,2024-W45,Social,Desktop,/contact,4,420,0,0,,0
S01968,U1008,2024-11-08,2024-11,2024-W45,Paid,Desktop,/,2,122,0,0,,0
S01969,U1402,2024-11-08,2024-11,2024-W45,Organic,Tablet,/,1,186,0,1,,1
S01970,U1403,2024-11-08,2024-11,2024-W45,Organic,Mobile,/,3,433,0,1,,0
S01971,U0015,2024-11-08,2024-11,2024-W45,Direct,Mobile,/tutors,5,87,0,0,,0
S01972,U1149,2024-11-08,2024-11,2024-W45,Organic,Desktop,/about,3,515,0,0,,0
S01973,U1323,2024-11-08,2024-11,2024-W45,Organic,Desktop,/pricing,5,304,0,0,,0
S01974,U1404,2024-11-08,2024-11,2024-W45,Email,Mobile,/about,2,46,0,1,,0
S01975,U1405,2024-11-08,2024-11,2024-W45,Organic,Desktop,/pricing,4,641,0,1,,0
S01976,U1406,2024-11-08,2024-11,2024-W45,Organic,Desktop,/services,5,271,0,1,,0
S01977,U1407,2024-11-08,2024-11,2024-W45,Organic,Desktop,/,2,532,0,1,,0
S01978,U1090,2024-11-08,2024-11,2024-W45,Email,Desktop,/,1,297,0,0,,0
S01979,U1408,2024-11-08,2024-11,2024-W45,Direct,Mobile,/services,7,181,0,1,,0
S01980,U0594,2024-11-08,2024-11,2024-W45,Social,Desktop,/services,4,358,0,0,,0
S01981,U1409,2024-11-08,2024-11,2024-W45,Email,Mobile,/about,2,371,0,1,,0
S01982,U1410,2024-11-08,2024-11,2024-W45,Organic,Desktop,/pricing,3,159,0,1,,0
S01983,U1411,2024-11-08,2024-11,2024-W45,Direct,Mobile,/,5,228,0,1,,0
S01984,U1412,2024-11-08,2024-11,2024-W45,Organic,Desktop,/services,1,336,0,1,,1
S01985,U1413,2024-11-08,2024-11,2024-W45,Direct,Desktop,/contact,2,381,0,1,,0
S01986,U0898,2024-11-08,2024-11,2024-W45,Email,Desktop,/,1,226,0,0,,0
S01987,U0309,2024-11-08,2024-11,2024-W45,Organic,Mobile,/tutors,7,799,0,0,,1
S01988,U0861,2024-11-08,2024-11,2024-W45,Email,Mobile,/,2,245,0,0,,0
S01989,U1414,2024-11-08,2024-11,2024-W45,Organic,Desktop,/services,2,119,0,1,,0
S01990,U1415,2024-11-08,2024-11,2024-W45,Organic,Mobile,/,1,283,0,1,,0
S01991,U1416,2024-11-08,2024-11,2024-W45,Direct,Mobile,/,4,191,0,1,,0
S01992,U1417,2024-11-08,2024-11,2024-W45,Social,Mobile,/services,7,128,0,1,,0
S01993,U1418,2024-11-08,2024-11,2024-W45,Social,Desktop,/pricing,3,205,0,1,,0
S01994,U1419,2024-11-08,2024-11,2024-W45,Organic,Desktop,/services,2,191,0,1,,0
S01995,U1420,2024-11-08,2024-11,2024-W45,Direct,Mobile,/about,3,83,0,1,,0
S01996,U1421,2024-11-08,2024-11,2024-W45,Direct,Mobile,/,1,104,0,1,,0
S01997,U1422,2024-11-08,2024-11,2024-W45,Organic,Desktop,/,5,291,0,1,,0
S01998,U1423,2024-11-08,2024-11,2024-W45,Direct,Desktop,/pricing,1,333,0,1,,0
S01999,U1424,2024-11-08,2024-11,2024-W45,Email,Mobile,/services,3,155,0,1,,1
S02000,U1425,2024-11-08,2024-11,2024-W45,Organic,Mobile,/about,2,112,0,1,,0
S02001,U1426,2024-11-08,2024-11,2024-W45,Organic,Tablet,/services,1,260,0,1,,0
S02002,U1427,2024-11-08,2024-11,2024-W45,Direct,Desktop,/about,6,207,0,1,,0
S02003,U1428,2024-11-09,2024-11,2024-W45,Organic,Mobile,/,1,54,0,1,,0
S02004,U1429,2024-11-09,2024-11,2024-W45,Direct,Desktop,/services,4,400,0,1,,1
S02005,U1430,2024-11-09,2024-11,2024-W45,Direct,Desktop,/,4,241,0,1,,0
S02006,U1308,2024-11-09,2024-11,2024-W45,Organic,Mobile,/pricing,8,164,0,0,,0
S02007,U1431,2024-11-09,2024-11,2024-W45,Direct,Desktop,/about,3,298,0,1,,1
S02008,U1432,2024-11-09,2024-11,2024-W45,Organic,Mobile,/,5,390,0,1,,0
S02009,U0890,2024-11-09,2024-11,2024-W45,Organic,Mobile,/,1,1385,0,0,,0
S02010,U0566,2024-11-09,2024-11,2024-W45,Direct,Mobile,/about,5,54,0,0,,0
S02011,U1433,2024-11-09,2024-11,2024-W45,Social,Desktop,/,4,300,0,1,,0
S02012,U1434,2024-11-09,2024-11,2024-W45,Paid,Desktop,/,3,157,0,1,,0
S02013,U1435,2024-11-09,2024-11,2024-W45,Direct,Desktop,/,5,107,0,1,,0
S02014,U0184,2024-11-09,2024-11,2024-W45,Social,Desktop,/contact,2,416,0,0,,0
S02015,U1436,2024-11-09,2024-11,2024-W45,Direct,Desktop,/tutors,2,54,0,1,,0
S02016,U1437,2024-11-09,2024-11,2024-W45,Social,Desktop,/,2,199,0,1,,0
S02017,U1438,2024-11-09,2024-11,2024-W45,Organic,Desktop,/tutors,3,172,0,1,,1
S02018,U1439,2024-11-09,2024-11,2024-W45,Social,Desktop,/tutors,7,91,0,1,,0
S02019,U1440,2024-11-09,2024-11,2024-W45,Organic,Mobile,/about,5,115,0,1,,0
S02020,U1441,2024-11-09,2024-11,2024-W45,Direct,Mobile,/tutors,4,130,0,1,,0
S02021,U1442,2024-11-09,2024-11,2024-W45,Paid,Desktop,/pricing,1,93,0,1,,0
S02022,U1443,2024-11-09,2024-11,2024-W45,Social,Mobile,/pricing,1,332,0,1,,0
S02023,U1444,2024-11-09,2024-11,2024-W45,Email,Mobile,/,6,334,0,1,,1
S02024,U1445,2024-11-09,2024-11,2024-W45,Direct,Desktop,/pricing,2,278,0,1,,0
S02025,U0081,2024-11-09,2024-11,2024-W45,Direct,Mobile,/,4,127,0,0,,0
S02026,U1446,2024-11-09,2024-11,2024-W45,Paid,Tablet,/pricing,9,90,0,1,,0
S02027,U1447,2024-11-09,2024-11,2024-W45,Organic,Desktop,/tutors,6,184,0,1,,0
S02028,U0713,2024-11-09,2024-11,2024-W45,Organic,Mobile,/,9,70,0,0,,0
S02029,U1448,2024-11-09,2024-11,2024-W45,Organic,Desktop,/,6,43,0,1,,0
S02030,U1449,2024-11-09,2024-11,2024-W45,Direct,Tablet,/,1,103,0,1,,0
S02031,U1088,2024-11-09,2024-11,2024-W45,Organic,Mobile,/services,2,111,0,0,,0
S02032,U0540,2024-11-09,2024-11,2024-W45,Organic,Mobile,/services,4,34,0,0,,0
S02033,U1450,2024-11-09,2024-11,2024-W45,Direct,Desktop,/tutors,3,322,0,1,,0
S02034,U1451,2024-11-09,2024-11,2024-W45,Organic,Desktop,/services,3,275,0,1,,0
S02035,U1452,2024-11-09,2024-11,2024-W45,Paid,Mobile,/tutors,2,540,0,1,,0
S02036,U1453,2024-11-09,2024-11,2024-W45,Email,Mobile,/contact,4,232,0,1,,0
S02037,U1454,2024-11-09,2024-11,2024-W45,Organic,Desktop,/pricing,2,77,0,1,,0
S02038,U1455,2024-11-09,2024-11,2024-W45,Social,Tablet,/tutors,3,101,0,1,,0
S02039,U1400,2024-11-09,2024-11,2024-W45,Email,Desktop,/,4,349,0,0,,0
S02040,U1456,2024-11-09,2024-11,2024-W45,Direct,Desktop,/,4,340,0,1,,0
S02041,U1457,2024-11-09,2024-11,2024-W45,Direct,Desktop,/services,2,118,0,1,,0
S02042,U1072,2024-11-09,2024-11,2024-W45,Email,Desktop,/services,4,239,0,0,,0
S02043,U0266,2024-11-09,2024-11,2024-W45,Social,Desktop,/,7,205,0,0,,0
S02044,U0220,2024-11-09,2024-11,2024-W45,Social,Desktop,/,2,401,0,0,,0
S02045,U1170,2024-11-09,2024-11,2024-W45,Direct,Mobile,/services,5,186,0,0,,0
S02046,U1458,2024-11-09,2024-11,2024-W45,Organic,Mobile,/services,1,619,0,1,,0
S02047,U1459,2024-11-09,2024-11,2024-W45,Social,Mobile,/about,3,362,0,1,,0
S02048,U0453,2024-11-09,2024-11,2024-W45,Organic,Tablet,/,1,103,0,0,,0
S02049,U0428,2024-11-09,2024-11,2024-W45,Organic,Desktop,/tutors,4,374,0,0,,0
S02050,U1460,2024-11-09,2024-11,2024-W45,Direct,Desktop,/services,4,433,0,1,,0
S02051,U1461,2024-11-09,2024-11,2024-W45,Organic,Desktop,/pricing,3,275,0,1,,0
S02052,U1462,2024-11-09,2024-11,2024-W45,Paid,Mobile,/,3,455,0,1,,0
S02053,U1463,2024-11-09,2024-11,2024-W45,Organic,Mobile,/pricing,3,343,0,1,,0
S02054,U1464,2024-11-09,2024-11,2024-W45,Email,Desktop,/pricing,4,113,0,1,,1
S02055,U1465,2024-11-09,2024-11,2024-W45,Organic,Mobile,/contact,3,127,0,1,,0
S02056,U1466,2024-11-09,2024-11,2024-W45,Email,Mobile,/tutors,2,541,0,1,,0
S02057,U0443,2024-11-09,2024-11,2024-W45,Organic,Desktop,/,2,171,0,0,,0
S02058,U0474,2024-11-09,2024-11,2024-W45,Organic,Mobile,/,5,82,0,0,,0
S02059,U1078,2024-11-09,2024-11,2024-W45,Paid,Desktop,/,2,245,0,0,,0
S02060,U1467,2024-11-09,2024-11,2024-W45,Direct,Desktop,/,6,154,0,1,,0
S02061,U1468,2024-11-09,2024-11,2024-W45,Organic,Desktop,/,3,36,0,1,,0
S02062,U1469,2024-11-09,2024-11,2024-W45,Organic,Desktop,/services,2,203,0,1,,0
S02063,U1470,2024-11-09,2024-11,2024-W45,Organic,Desktop,/contact,3,108,0,1,,0
S02064,U1471,2024-11-09,2024-11,2024-W45,Organic,Mobile,/,3,208,0,1,,0
S02065,U0370,2024-11-09,2024-11,2024-W45,Organic,Mobile,/services,5,94,0,0,,0
S02066,U1472,2024-11-09,2024-11,2024-W45,Direct,Mobile,/about,2,257,0,1,,0
S02067,U1473,2024-11-09,2024-11,2024-W45,Organic,Desktop,/about,4,19,0,1,,0
S02068,U1474,2024-11-09,2024-11,2024-W45,Organic,Mobile,/,4,949,0,1,,0
S02069,U1475,2024-11-09,2024-11,2024-W45,Direct,Desktop,/pricing,7,881,0,1,,0
S02070,U1476,2024-11-10,2024-11,2024-W45,Email,Mobile,/,7,276,0,1,,0
S02071,U1477,2024-11-10,2024-11,2024-W45,Social,Tablet,/services,8,230,0,1,,0
S02072,U1478,2024-11-10,2024-11,2024-W45,Organic,Desktop,/tutors,4,30,0,1,,0
S02073,U1479,2024-11-10,2024-11,2024-W45,Paid,Mobile,/tutors,2,393,0,1,,0
S02074,U1480,2024-11-10,2024-11,2024-W45,Social,Mobile,/pricing,5,987,0,1,,0
S02075,U1481,2024-11-10,2024-11,2024-W45,Organic,Desktop,/pricing,2,201,0,1,,0
S02076,U1482,2024-11-10,2024-11,2024-W45,Organic,Desktop,/pricing,4,149,0,1,,1
S02077,U0583,2024-11-10,2024-11,2024-W45,Organic,Desktop,/pricing,1,318,0,0,,0
S02078,U1483,2024-11-10,2024-11,2024-W45,Email,Desktop,/services,3,390,0,1,,0
S02079,U1484,2024-11-10,2024-11,2024-W45,Organic,Desktop,/pricing,1,55,0,1,,0
S02080,U0645,2024-11-10,2024-11,2024-W45,Organic,Mobile,/,4,33,0,0,,1
S02081,U1485,2024-11-10,2024-11,2024-W45,Direct,Tablet,/services,6,179,0,1,,0
S02082,U1134,2024-11-10,2024-11,2024-W45,Direct,Desktop,/,1,227,0,0,,0
S02083,U1486,2024-11-10,2024-11,2024-W45,Direct,Mobile,/contact,1,209,0,1,,0
S02084,U0943,2024-11-10,2024-11,2024-W45,Social,Desktop,/tutors,4,43,0,0,,0
S02085,U0752,2024-11-10,2024-11,2024-W45,Social,Desktop,/services,3,142,0,0,,0
S02086,U0525,2024-11-10,2024-11,2024-W45,Paid,Tablet,/services,3,203,0,0,,0
S02087,U0819,2024-11-10,2024-11,2024-W45,Direct,Desktop,/tutors,2,408,0,0,,0
S02088,U0159,2024-11-10,2024-11,2024-W45,Organic,Mobile,/tutors,4,406,0,0,,0
S02089,U1487,2024-11-10,2024-11,2024-W45,Paid,Desktop,/,4,260,0,1,,0
S02090,U1488,2024-11-10,2024-11,2024-W45,Direct,Desktop,/services,4,340,0,1,,0
S02091,U1489,2024-11-10,2024-11,2024-W45,Email,Desktop,/,3,301,0,1,,0
S02092,U1490,2024-11-10,2024-11,2024-W45,Organic,Mobile,/contact,4,251,0,1,,0
S02093,U1491,2024-11-10,2024-11,2024-W45,Organic,Desktop,/tutors,3,1083,0,1,,0
S02094,U0115,2024-11-10,2024-11,2024-W45,Direct,Mobile,/,3,346,0,0,,0
S02095,U1492,2024-11-10,2024-11,2024-W45,Email,Mobile,/services,2,129,0,1,,0
S02096,U1493,2024-11-10,2024-11,2024-W45,Email,Desktop,/,2,162,0,1,,0
S02097,U0465,2024-11-10,2024-11,2024-W45,Email,Mobile,/,2,443,0,0,,0
S02098,U1494,2024-11-10,2024-11,2024-W45,Organic,Mobile,/contact,5,270,0,1,,0
S02099,U1495,2024-11-10,2024-11,2024-W45,Email,Mobile,/,2,144,0,1,,0
S02100,U1074,2024-11-10,2024-11,2024-W45,Organic,Desktop,/services,3,206,0,0,,1
S02101,U1496,2024-11-10,2024-11,2024-W45,Organic,Mobile,/contact,5,1012,0,1,,0
S02102,U1497,2024-11-10,2024-11,2024-W45,Direct,Desktop,/,4,81,0,1,,0
S02103,U0805,2024-11-10,2024-11,2024-W45,Organic,Mobile,/tutors,4,170,0,0,,0
S02104,U1498,2024-11-10,2024-11,2024-W45,Direct,Desktop,/services,2,77,0,1,,0
S02105,U0885,2024-11-10,2024-11,2024-W45,Email,Desktop,/services,1,23,1,0,,0
S02106,U1499,2024-11-10,2024-11,2024-W45,Email,Mobile,/contact,1,80,0,1,,0
S02107,U1171,2024-11-10,2024-11,2024-W45,Organic,Tablet,/,6,155,0,0,,0
S02108,U1500,2024-11-10,2024-11,2024-W45,Paid,Mobile,/,4,48,0,1,,0
S02109,U1501,2024-11-10,2024-11,2024-W45,Organic,Mobile,/contact,1,201,0,1,,0
S02110,U1502,2024-11-10,2024-11,2024-W45,Paid,Desktop,/services,3,39,0,1,,0
S02111,U1503,2024-11-10,2024-11,2024-W45,Direct,Desktop,/services,3,169,0,1,,0
S02112,U1504,2024-11-10,2024-11,2024-W45,Email,Mobile,/tutors,4,550,0,1,,0
S02113,U1505,2024-11-10,2024-11,2024-W45,Organic,Mobile,/about,1,26,1,1,,0
S02114,U1506,2024-11-10,2024-11,2024-W45,Organic,Desktop,/,5,239,0,1,,0
S02115,U0881,2024-11-10,2024-11,2024-W45,Direct,Mobile,/contact,4,156,0,0,,0
S02116,U1507,2024-11-10,2024-11,2024-W45,Direct,Mobile,/services,3,148,0,1,,0
S02117,U1508,2024-11-10,2024-11,2024-W45,Social,Mobile,/contact,4,1556,0,1,,0
S02118,U1509,2024-11-10,2024-11,2024-W45,Social,Mobile,/services,4,302,0,1,,0
S02119,U1510,2024-11-10,2024-11,2024-W45,Direct,Desktop,/services,1,365,0,1,,1
S02120,U1511,2024-11-10,2024-11,2024-W45,Social,Mobile,/contact,2,95,0,1,,0
S02121,U1512,2024-11-10,2024-11,2024-W45,Organic,Desktop,/,5,37,0,1,,0
S02122,U1513,2024-11-10,2024-11,2024-W45,Direct,Desktop,/services,4,86,0,1,,0
S02123,U0479,2024-11-10,2024-11,2024-W45,Email,Desktop,/about,3,261,0,0,,0
S02124,U1514,2024-11-10,2024-11,2024-W45,Email,Desktop,/services,2,101,0,1,,0
S02125,U1515,2024-11-10,2024-11,2024-W45,Email,Mobile,/,7,343,0,1,,0
S02126,U1272,2024-11-10,2024-11,2024-W45,Paid,Mobile,/about,5,379,0,0,,0
S02127,U1516,2024-11-10,2024-11,2024-W45,Direct,Mobile,/pricing,6,124,0,1,,0
S02128,U1421,2024-11-10,2024-11,2024-W45,Social,Mobile,/pricing,6,156,0,0,,0
S02129,U1517,2024-11-10,2024-11,2024-W45,Email,Mobile,/pricing,1,408,0,1,,0
S02130,U1518,2024-11-10,2024-11,2024-W45,Email,Mobile,/contact,1,200,0,1,,0
S02131,U1120,2024-11-10,2024-11,2024-W45,Organic,Mobile,/services,3,282,0,0,,0
S02132,U0990,2024-11-10,2024-11,2024-W45,Direct,Desktop,/about,7,360,0,0,,0
S02133,U1519,2024-11-10,2024-11,2024-W45,Social,Tablet,/,1,51,0,1,,0
S02134,U1520,2024-11-10,2024-11,2024-W45,Direct,Mobile,/services,4,566,0,1,,0
S02135,U1521,2024-11-10,2024-11,2024-W45,Organic,Tablet,/contact,3,79,0,1,,0
S02136,U0124,2024-11-10,2024-11,2024-W45,Organic,Desktop,/,2,213,0,0,,0
S02137,U1522,2024-11-11,2024-11,2024-W46,Organic,Desktop,/services,2,71,0,1,,0
S02138,U1341,2024-11-11,2024-11,2024-W46,Organic,Desktop,/,8,144,0,0,,0
S02139,U1353,2024-11-11,2024-11,2024-W46,Email,Tablet,/pricing,4,742,0,0,,0
S02140,U1523,2024-11-11,2024-11,2024-W46,Social,Mobile,/pricing,3,147,0,1,,0
S02141,U1524,2024-11-11,2024-11,2024-W46,Organic,Desktop,/,5,566,0,1,,1
S02142,U1525,2024-11-11,2024-11,2024-W46,Organic,Desktop,/,1,94,0,1,,0
S02143,U0780,2024-11-11,2024-11,2024-W46,Email,Mobile,/,5,345,0,0,,0
S02144,U1526,2024-11-11,2024-11,2024-W46,Email,Mobile,/about,1,292,0,1,,0
S02145,U1527,2024-11-11,2024-11,2024-W46,Social,Desktop,/,2,607,0,1,,0
S02146,U0408,2024-11-11,2024-11,2024-W46,Organic,Desktop,/pricing,1,71,0,0,,0
S02147,U1528,2024-11-11,2024-11,2024-W46,Organic,Mobile,/tutors,2,578,0,1,,0
S02148,U0507,2024-11-11,2024-11,2024-W46,Email,Mobile,/,6,73,0,0,,0
S02149,U1529,2024-11-11,2024-11,2024-W46,Direct,Mobile,/tutors,2,578,0,1,,0
S02150,U1530,2024-11-11,2024-11,2024-W46,Email,Desktop,/,1,222,0,1,,1
S02151,U1531,2024-11-11,2024-11,2024-W46,Email,Desktop,/pricing,4,390,0,1,,0
S02152,U1532,2024-11-11,2024-11,2024-W46,Organic,Desktop,/pricing,3,269,0,1,,0
S02153,U1533,2024-11-11,2024-11,2024-W46,Organic,Desktop,/,2,127,0,1,,0
S02154,U0528,2024-11-11,2024-11,2024-W46,Organic,Mobile,/,2,92,0,0,,0
S02155,U1534,2024-11-11,2024-11,2024-W46,Organic,Desktop,/,2,128,0,1,,0
S02156,U1137,2024-11-11,2024-11,2024-W46,Email,Desktop,/contact,2,899,0,0,,0
S02157,U0700,2024-11-11,2024-11,2024-W46,Direct,Mobile,/services,2,211,0,0,,0
S02158,U1535,2024-11-11,2024-11,2024-W46,Direct,Mobile,/,3,997,0,1,,0
S02159,U1536,2024-11-11,2024-11,2024-W46,Email,Tablet,/contact,3,132,0,1,,0
S02160,U1537,2024-11-11,2024-11,2024-W46,Social,Desktop,/,5,151,0,1,,0
S02161,U0493,2024-11-11,2024-11,2024-W46,Paid,Desktop,/about,1,326,0,0,,0
S02162,U1538,2024-11-11,2024-11,2024-W46,Direct,Mobile,/about,4,524,0,1,,0
S02163,U1539,2024-11-11,2024-11,2024-W46,Direct,Desktop,/,3,91,0,1,,0
S02164,U1337,2024-11-11,2024-11,2024-W46,Organic,Mobile,/tutors,1,268,0,0,,0
S02165,U1540,2024-11-11,2024-11,2024-W46,Email,Desktop,/services,4,83,0,1,,0
S02166,U1541,2024-11-11,2024-11,2024-W46,Direct,Desktop,/,7,38,0,1,,0
S02167,U1542,2024-11-11,2024-11,2024-W46,Social,Mobile,/,2,81,0,1,,0
S02168,U0298,2024-11-11,2024-11,2024-W46,Direct,Desktop,/,1,241,0,0,,0
S02169,U1543,2024-11-11,2024-11,2024-W46,Paid,Desktop,/tutors,7,387,0,1,,0
S02170,U1092,2024-11-11,2024-11,2024-W46,Direct,Desktop,/services,4,125,0,0,,0
S02171,U0651,2024-11-11,2024-11,2024-W46,Organic,Mobile,/tutors,3,100,0,0,,0
S02172,U0061,2024-11-11,2024-11,2024-W46,Organic,Desktop,/pricing,1,273,0,0,,0
S02173,U1544,2024-11-11,2024-11,2024-W46,Direct,Tablet,/,2,111,0,1,,0
S02174,U1545,2024-11-11,2024-11,2024-W46,Direct,Desktop,/tutors,10,200,0,1,,0
S02175,U1546,2024-11-11,2024-11,2024-W46,Email,Desktop,/contact,2,610,0,1,,0
S02176,U1547,2024-11-11,2024-11,2024-W46,Email,Desktop,/services,2,49,0,1,,0
S02177,U1548,2024-11-11,2024-11,2024-W46,Direct,Desktop,/pricing,2,133,0,1,,0
S02178,U1254,2024-11-11,2024-11,2024-W46,Organic,Desktop,/,2,571,0,0,,0
S02179,U1549,2024-11-11,2024-11,2024-W46,Direct,Mobile,/pricing,3,116,0,1,,0
S02180,U1550,2024-11-11,2024-11,2024-W46,Direct,Desktop,/services,3,108,0,1,,0
S02181,U0163,2024-11-11,2024-11,2024-W46,Organic,Desktop,/tutors,4,152,0,0,,0
S02182,U1551,2024-11-11,2024-11,2024-W46,Direct,Desktop,/,5,465,0,1,,0
S02183,U1552,2024-11-11,2024-11,2024-W46,Email,Desktop,/,4,1060,0,1,,0
S02184,U1553,2024-11-11,2024-11,2024-W46,Email,Desktop,/services,6,200,0,1,,0
S02185,U1554,2024-11-11,2024-11,2024-W46,Direct,Desktop,/,3,127,0,1,,0
S02186,U0067,2024-11-11,2024-11,2024-W46,Organic,Desktop,/services,4,449,0,0,,0
S02187,U1555,2024-11-11,2024-11,2024-W46,Email,Desktop,/about,3,149,0,1,,0
S02188,U1556,2024-11-11,2024-11,2024-W46,Organic,Mobile,/services,6,54,0,1,,0
S02189,U1557,2024-11-11,2024-11,2024-W46,Social,Desktop,/tutors,2,13,0,1,,0
S02190,U0363,2024-11-11,2024-11,2024-W46,Email,Tablet,/,3,982,0,0,,0
S02191,U1558,2024-11-11,2024-11,2024-W46,Social,Mobile,/,2,324,0,1,,0
S02192,U1559,2024-11-11,2024-11,2024-W46,Email,Desktop,/,3,486,0,1,,0
S02193,U1560,2024-11-11,2024-11,2024-W46,Organic,Mobile,/,4,104,0,1,,0
S02194,U1561,2024-11-11,2024-11,2024-W46,Organic,Mobile,/,2,287,0,1,,0
S02195,U1562,2024-11-11,2024-11,2024-W46,Email,Desktop,/tutors,2,283,0,1,,0
S02196,U1563,2024-11-11,2024-11,2024-W46,Social,Desktop,/pricing,5,37,0,1,,0
S02197,U1564,2024-11-11,2024-11,2024-W46,Direct,Desktop,/services,3,152,0,1,,0
S02198,U1565,2024-11-11,2024-11,2024-W46,Paid,Mobile,/contact,1,327,0,1,,0
S02199,U1566,2024-11-11,2024-11,2024-W46,Email,Mobile,/pricing,4,426,0,1,,0
S02200,U1567,2024-11-11,2024-11,2024-W46,Social,Mobile,/services,5,90,0,1,,0
S02201,U0504,2024-11-11,2024-11,2024-W46,Organic,Mobile,/contact,8,68,0,0,,0
S02202,U1568,2024-11-11,2024-11,2024-W46,Direct,Desktop,/contact,2,93,0,1,,0
S02203,U1569,2024-11-11,2024-11,2024-W46,Paid,Tablet,/pricing,6,459,0,1,,0
S02204,U1570,2024-11-11,2024-11,2024-W46,Direct,Desktop,/pricing,1,161,0,1,,1
S02205,U0816,2024-11-11,2024-11,2024-W46,Organic,Desktop,/,5,324,0,0,,0
S02206,U1571,2024-11-11,2024-11,2024-W46,Organic,Mobile,/services,4,34,0,1,,0
S02207,U0603,2024-11-11,2024-11,2024-W46,Organic,Mobile,/pricing,4,175,0,0,,0
S02208,U1059,2024-11-11,2024-11,2024-W46,Direct,Desktop,/,6,271,0,0,,0
S02209,U1572,2024-11-11,2024-11,2024-W46,Organic,Desktop,/about,7,184,0,1,,0
S02210,U1026,2024-11-12,2024-11,2024-W46,Organic,Mobile,/about,1,53,0,0,,0
S02211,U1573,2024-11-12,2024-11,2024-W46,Organic,Desktop,/,1,273,0,1,,0
S02212,U1574,2024-11-12,2024-11,2024-W46,Organic,Mobile,/tutors,2,106,0,1,,0
S02213,U1575,2024-11-12,2024-11,2024-W46,Email,Desktop,/pricing,5,130,0,1,,0
S02214,U1209,2024-11-12,2024-11,2024-W46,Direct,Mobile,/pricing,4,53,0,0,,0
S02215,U1576,2024-11-12,2024-11,2024-W46,Social,Mobile,/contact,4,59,0,1,,0
S02216,U0664,2024-11-12,2024-11,2024-W46,Paid,Desktop,/tutors,4,164,0,0,,0
S02217,U1577,2024-11-12,2024-11,2024-W46,Email,Mobile,/contact,3,506,0,1,,0
S02218,U1578,2024-11-12,2024-11,2024-W46,Organic,Desktop,/services,4,188,0,1,,0
S02219,U0921,2024-11-12,2024-11,2024-W46,Organic,Desktop,/services,2,140,0,0,,0
S02220,U1449,2024-11-12,2024-11,2024-W46,Social,Mobile,/about,7,127,0,0,,0
S02221,U1579,2024-11-12,2024-11,2024-W46,Direct,Mobile,/contact,9,166,0,1,,0
S02222,U1580,2024-11-12,2024-11,2024-W46,Email,Tablet,/services,1,123,0,1,,0
S02223,U1581,2024-11-12,2024-11,2024-W46,Organic,Mobile,/,2,104,0,1,,0
S02224,U1582,2024-11-12,2024-11,2024-W46,Email,Desktop,/services,2,43,0,1,,0
S02225,U1583,2024-11-12,2024-11,2024-W46,Organic,Desktop,/,4,116,0,1,,0
S02226,U1584,2024-11-12,2024-11,2024-W46,Organic,Desktop,/contact,5,224,0,1,,0
S02227,U1585,2024-11-12,2024-11,2024-W46,Organic,Desktop,/,4,157,0,1,,0
S02228,U1586,2024-11-12,2024-11,2024-W46,Direct,Desktop,/services,3,13,0,1,,0
S02229,U1587,2024-11-12,2024-11,2024-W46,Social,Mobile,/pricing,6,48,0,1,,0
S02230,U0270,2024-11-12,2024-11,2024-W46,Direct,Tablet,/tutors,1,194,0,0,,0
S02231,U1568,2024-11-12,2024-11,2024-W46,Organic,Desktop,/tutors,1,511,0,0,,0
S02232,U1588,2024-11-12,2024-11,2024-W46,Direct,Mobile,/,5,96,0,1,,0
S02233,U1589,2024-11-12,2024-11,2024-W46,Direct,Mobile,/pricing,3,156,0,1,,1
S02234,U1590,2024-11-12,2024-11,2024-W46,Direct,Desktop,/about,4,92,0,1,,0
S02235,U1591,2024-11-12,2024-11,2024-W46,Direct,Mobile,/services,3,421,0,1,,0
S02236,U1592,2024-11-12,2024-11,2024-W46,Organic,Desktop,/,3,138,0,1,,0
S02237,U1593,2024-11-12,2024-11,2024-W46,Email,Mobile,/about,3,358,0,1,,0
S02238,U1594,2024-11-12,2024-11,2024-W46,Social,Desktop,/services,4,140,0,1,,0
S02239,U1595,2024-11-12,2024-11,2024-W46,Organic,Desktop,/,1,468,0,1,,0
S02240,U0304,2024-11-12,2024-11,2024-W46,Organic,Mobile,/,2,195,0,0,,0
S02241,U1596,2024-11-12,2024-11,2024-W46,Email,Desktop,/pricing,1,379,0,1,,0
S02242,U1184,2024-11-12,2024-11,2024-W46,Email,Desktop,/,1,453,0,0,,0
S02243,U0180,2024-11-12,2024-11,2024-W46,Organic,Desktop,/tutors,4,82,0,0,,1
S02244,U1597,2024-11-12,2024-11,2024-W46,Organic,Mobile,/contact,1,153,0,1,,0
S02245,U1598,2024-11-12,2024-11,2024-W46,Direct,Mobile,/pricing,4,67,0,1,,0
S02246,U1599,2024-11-12,2024-11,2024-W46,Organic,Desktop,/,2,69,0,1,,0
S02247,U1600,2024-11-12,2024-11,2024-W46,Direct,Desktop,/contact,1,91,0,1,,0
S02248,U1601,2024-11-12,2024-11,2024-W46,Paid,Desktop,/about,3,126,0,1,,0
S02249,U1602,2024-11-12,2024-11,2024-W46,Direct,Mobile,/,1,164,0,1,,0
S02250,U0755,2024-11-12,2024-11,2024-W46,Organic,Desktop,/services,1,380,0,0,,0
S02251,U1603,2024-11-12,2024-11,2024-W46,Organic,Desktop,/about,2,836,0,1,,0
S02252,U1604,2024-11-12,2024-11,2024-W46,Direct,Mobile,/about,4,85,0,1,,0
S02253,U1605,2024-11-12,2024-11,2024-W46,Email,Mobile,/tutors,4,135,0,1,,0
S02254,U1606,2024-11-12,2024-11,2024-W46,Paid,Desktop,/services,3,123,0,1,,0
S02255,U1607,2024-11-12,2024-11,2024-W46,Organic,Tablet,/services,3,183,0,1,,0
S02256,U0120,2024-11-12,2024-11,2024-W46,Organic,Desktop,/,3,1193,0,0,,0
S02257,U1608,2024-11-12,2024-11,2024-W46,Paid,Mobile,/tutors,3,317,0,1,,0
S02258,U1609,2024-11-12,2024-11,2024-W46,Organic,Mobile,/about,3,205,0,1,,0
S02259,U1610,2024-11-12,2024-11,2024-W46,Social,Tablet,/,2,394,0,1,,0
S02260,U1611,2024-11-12,2024-11,2024-W46,Social,Desktop,/,3,455,0,1,,0
S02261,U1612,2024-11-12,2024-11,2024-W46,Paid,Desktop,/tutors,1,85,0,1,,0
S02262,U1613,2024-11-12,2024-11,2024-W46,Direct,Mobile,/services,3,109,0,1,,0
S02263,U1614,2024-11-12,2024-11,2024-W46,Organic,Mobile,/services,2,260,0,1,,0
S02264,U1615,2024-11-12,2024-11,2024-W46,Direct,Desktop,/,9,224,0,1,,0
S02265,U1616,2024-11-12,2024-11,2024-W46,Email,Mobile,/,3,185,0,1,,0
S02266,U1249,2024-11-12,2024-11,2024-W46,Direct,Desktop,/,1,234,0,0,,0
S02267,U0397,2024-11-12,2024-11,2024-W46,Social,Desktop,/pricing,4,605,0,0,,1
S02268,U1281,2024-11-12,2024-11,2024-W46,Direct,Desktop,/tutors,3,130,0,0,,0
S02269,U1617,2024-11-12,2024-11,2024-W46,Organic,Desktop,/,3,182,0,1,,0
S02270,U1618,2024-11-12,2024-11,2024-W46,Organic,Mobile,/about,3,65,0,1,,0
S02271,U0717,2024-11-12,2024-11,2024-W46,Paid,Mobile,/contact,4,185,0,0,,0
S02272,U1619,2024-11-12,2024-11,2024-W46,Direct,Mobile,/services,3,135,0,1,,1
S02273,U0577,2024-11-12,2024-11,2024-W46,Social,Desktop,/pricing,2,144,0,0,,0
S02274,U0615,2024-11-12,2024-11,2024-W46,Email,Mobile,/,2,147,0,0,,0
S02275,U1620,2024-11-12,2024-11,2024-W46,Organic,Desktop,/services,1,198,0,1,,1
S02276,U1621,2024-11-12,2024-11,2024-W46,Paid,Mobile,/pricing,6,342,0,1,,0
S02277,U1622,2024-11-12,2024-11,2024-W46,Paid,Mobile,/pricing,6,180,0,1,,0
S02278,U0360,2024-11-12,2024-11,2024-W46,Direct,Desktop,/,4,69,0,0,,0
S02279,U1623,2024-11-12,2024-11,2024-W46,Organic,Desktop,/,2,180,0,1,,0
S02280,U1624,2024-11-12,2024-11,2024-W46,Paid,Desktop,/,2,206,0,1,,0
S02281,U0279,2024-11-12,2024-11,2024-W46,Social,Mobile,/pricing,7,229,0,0,,0
S02282,U1625,2024-11-12,2024-11,2024-W46,Organic,Mobile,/,4,298,0,1,,0
S02283,U1626,2024-11-12,2024-11,2024-W46,Organic,Desktop,/,3,241,0,1,,0
S02284,U1627,2024-11-13,2024-11,2024-W46,Email,Desktop,/pricing,2,236,0,1,,0
S02285,U1628,2024-11-13,2024-11,2024-W46,Organic,Desktop,/pricing,5,93,0,1,,0
S02286,U1485,2024-11-13,2024-11,2024-W46,Direct,Desktop,/services,6,469,0,0,,0
S02287,U1629,2024-11-13,2024-11,2024-W46,Social,Mobile,/services,6,227,0,1,,1
S02288,U1630,2024-11-13,2024-11,2024-W46,Direct,Mobile,/,2,84,0,1,,0
S02289,U1631,2024-11-13,2024-11,2024-W46,Direct,Desktop,/about,4,109,0,1,,0
S02290,U0306,2024-11-13,2024-11,2024-W46,Organic,Mobile,/services,4,195,0,0,,0
S02291,U0769,2024-11-13,2024-11,2024-W46,Organic,Desktop,/services,2,581,0,0,,0
S02292,U1632,2024-11-13,2024-11,2024-W46,Direct,Mobile,/pricing,1,73,0,1,,0
S02293,U1633,2024-11-13,2024-11,2024-W46,Social,Desktop,/about,2,70,0,1,,0
S02294,U1634,2024-11-13,2024-11,2024-W46,Direct,Desktop,/services,3,227,0,1,,0
S02295,U1635,2024-11-13,2024-11,2024-W46,Direct,Desktop,/about,5,135,0,1,,0
S02296,U0848,2024-11-13,2024-11,2024-W46,Organic,Desktop,/contact,1,152,0,0,,0
S02297,U1636,2024-11-13,2024-11,2024-W46,Organic,Desktop,/,1,119,0,1,,0
S02298,U1637,2024-11-13,2024-11,2024-W46,Social,Desktop,/,3,152,0,1,,0
S02299,U1638,2024-11-13,2024-11,2024-W46,Paid,Desktop,/about,5,49,0,1,,0
S02300,U1639,2024-11-13,2024-11,2024-W46,Social,Desktop,/services,3,191,0,1,,1
S02301,U0190,2024-11-13,2024-11,2024-W46,Organic,Desktop,/pricing,7,207,0,0,,0
S02302,U0989,2024-11-13,2024-11,2024-W46,Organic,Desktop,/tutors,6,201,0,0,,0
S02303,U0697,2024-11-13,2024-11,2024-W46,Organic,Mobile,/services,3,568,0,0,,0
S02304,U1640,2024-11-13,2024-11,2024-W46,Direct,Mobile,/,3,222,0,1,,0
S02305,U1641,2024-11-13,2024-11,2024-W46,Organic,Tablet,/about,4,259,0,1,,0
S02306,U1642,2024-11-13,2024-11,2024-W46,Direct,Tablet,/pricing,2,67,0,1,,0
S02307,U1643,2024-11-13,2024-11,2024-W46,Organic,Desktop,/tutors,3,116,0,1,,0
S02308,U1484,2024-11-13,2024-11,2024-W46,Direct,Tablet,/,4,80,0,0,,1
S02309,U1644,2024-11-13,2024-11,2024-W46,Organic,Desktop,/pricing,2,169,0,1,,0
S02310,U0637,2024-11-13,2024-11,2024-W46,Social,Mobile,/,4,774,0,0,,0
S02311,U1645,2024-11-13,2024-11,2024-W46,Organic,Desktop,/services,1,383,0,1,,0
S02312,U0957,2024-11-13,2024-11,2024-W46,Email,Tablet,/,5,435,0,0,,0
S02313,U1570,2024-11-13,2024-11,2024-W46,Organic,Desktop,/pricing,6,102,0,0,,0
S02314,U1646,2024-11-13,2024-11,2024-W46,Organic,Desktop,/,4,278,0,1,,0
S02315,U1647,2024-11-13,2024-11,2024-W46,Social,Desktop,/services,1,656,0,1,,0
S02316,U1648,2024-11-13,2024-11,2024-W46,Organic,Desktop,/pricing,5,47,0,1,,0
S02317,U0654,2024-11-13,2024-11,2024-W46,Direct,Desktop,/about,4,158,0,0,,0
S02318,U1649,2024-11-13,2024-11,2024-W46,Social,Desktop,/services,2,40,0,1,,0
S02319,U0235,2024-11-13,2024-11,2024-W46,Direct,Mobile,/,5,77,0,0,,1
S02320,U1650,2024-11-13,2024-11,2024-W46,Direct,Mobile,/contact,1,171,0,1,,0
S02321,U0718,2024-11-13,2024-11,2024-W46,Social,Desktop,/services,2,316,0,0,,0
S02322,U1443,2024-11-13,2024-11,2024-W46,Social,Desktop,/,1,211,0,0,,0
S02323,U1651,2024-11-13,2024-11,2024-W46,Direct,Mobile,/,4,286,0,1,,0
S02324,U1652,2024-11-13,2024-11,2024-W46,Direct,Tablet,/tutors,3,72,0,1,,0
S02325,U1653,2024-11-13,2024-11,2024-W46,Organic,Desktop,/pricing,2,162,0,1,,1
S02326,U1384,2024-11-13,2024-11,2024-W46,Social,Desktop,/,3,179,0,0,,1
S02327,U1654,2024-11-13,2024-11,2024-W46,Email,Desktop,/services,3,178,0,1,,1
S02328,U1655,2024-11-13,2024-11,2024-W46,Direct,Mobile,/services,4,972,0,1,,0
S02329,U1656,2024-11-13,2024-11,2024-W46,Social,Mobile,/tutors,4,230,0,1,,0
S02330,U1657,2024-11-13,2024-11,2024-W46,Paid,Desktop,/pricing,3,286,0,1,,0
S02331,U1658,2024-11-13,2024-11,2024-W46,Paid,Mobile,/pricing,2,81,0,1,,0
S02332,U1554,2024-11-13,2024-11,2024-W46,Organic,Mobile,/contact,1,69,0,0,,0
S02333,U1659,2024-11-13,2024-11,2024-W46,Email,Desktop,/tutors,2,250,0,1,,0
S02334,U1660,2024-11-13,2024-11,2024-W46,Organic,Desktop,/about,3,26,0,1,,0
S02335,U1644,2024-11-13,2024-11,2024-W46,Direct,Desktop,/pricing,1,84,0,0,,0
S02336,U1661,2024-11-13,2024-11,2024-W46,Email,Desktop,/services,3,3721,0,1,,0
S02337,U1662,2024-11-13,2024-11,2024-W46,Direct,Desktop,/tutors,1,294,0,1,,0
S02338,U1663,2024-11-13,2024-11,2024-W46,Direct,Desktop,/contact,5,511,0,1,,0
S02339,U1264,2024-11-13,2024-11,2024-W46,Organic,Mobile,/,4,24,0,0,,0
S02340,U1664,2024-11-13,2024-11,2024-W46,Paid,Mobile,/,4,175,0,1,,0
S02341,U1665,2024-11-13,2024-11,2024-W46,Direct,Desktop,/,3,185,0,1,,0
S02342,U1666,2024-11-13,2024-11,2024-W46,Organic,Desktop,/,2,210,0,1,,0
S02343,U1667,2024-11-13,2024-11,2024-W46,Direct,Desktop,/services,5,399,0,1,,1
S02344,U0981,2024-11-13,2024-11,2024-W46,Email,Mobile,/services,2,376,0,0,,0
S02345,U1573,2024-11-13,2024-11,2024-W46,Organic,Desktop,/contact,1,136,0,0,,0
S02346,U1668,2024-11-13,2024-11,2024-W46,Email,Mobile,/tutors,4,84,0,1,,0
S02347,U1669,2024-11-13,2024-11,2024-W46,Social,Desktop,/,3,90,0,1,,0
S02348,U1139,2024-11-13,2024-11,2024-W46,Organic,Desktop,/,1,378,0,0,,0
S02349,U1670,2024-11-13,2024-11,2024-W46,Email,Mobile,/,2,205,0,1,,0
S02350,U1671,2024-11-13,2024-11,2024-W46,Social,Desktop,/tutors,4,594,0,1,,0
S02351,U1672,2024-11-13,2024-11,2024-W46,Email,Desktop,/pricing,5,281,0,1,,0
S02352,U1673,2024-11-13,2024-11,2024-W46,Email,Desktop,/,3,198,0,1,,0
S02353,U1674,2024-11-13,2024-11,2024-W46,Direct,Tablet,/services,2,148,0,1,,0
S02354,U1675,2024-11-13,2024-11,2024-W46,Direct,Desktop,/about,5,499,0,1,,0
S02355,U1676,2024-11-13,2024-11,2024-W46,Direct,Desktop,/pricing,3,59,0,1,,0
S02356,U1677,2024-11-13,2024-11,2024-W46,Organic,Mobile,/,7,196,0,1,,0
S02357,U1678,2024-11-13,2024-11,2024-W46,Organic,Desktop,/pricing,4,169,0,1,,0
S02358,U1679,2024-11-13,2024-11,2024-W46,Organic,Tablet,/services,2,399,0,1,,0
S02359,U1680,2024-11-13,2024-11,2024-W46,Social,Mobile,/,3,168,0,1,,0
S02360,U1681,2024-11-13,2024-11,2024-W46,Email,Desktop,/services,4,154,0,1,,0
S02361,U1682,2024-11-13,2024-11,2024-W46,Organic,Desktop,/,5,73,0,1,,0
S02362,U1683,2024-11-13,2024-11,2024-W46,Organic,Mobile,/,2,64,0,1,,0
S02363,U1668,2024-11-13,2024-11,2024-W46,Organic,Desktop,/pricing,2,140,0,0,,0
S02364,U1684,2024-11-13,2024-11,2024-W46,Direct,Desktop,/,1,218,0,1,,0
S02365,U1685,2024-11-13,2024-11,2024-W46,Email,Mobile,/about,3,142,0,1,,1
S02366,U0285,2024-11-13,2024-11,2024-W46,Organic,Mobile,/,4,161,0,0,,0
S02367,U1686,2024-11-13,2024-11,2024-W46,Social,Mobile,/tutors,6,870,0,1,,0
S02368,U0301,2024-11-13,2024-11,2024-W46,Direct,Desktop,/services,4,48,0,0,,0
S02369,U1687,2024-11-13,2024-11,2024-W46,Email,Desktop,/services,2,191,0,1,,0
S02370,U1688,2024-11-13,2024-11,2024-W46,Organic,Desktop,/tutors,5,849,0,1,,0
S02371,U0649,2024-11-14,2024-11,2024-W46,Direct,Tablet,/about,2,162,0,0,,0
S02372,U1689,2024-11-14,2024-11,2024-W46,Social,Mobile,/services,7,141,0,1,,0
S02373,U1690,2024-11-14,2024-11,2024-W46,Organic,Desktop,/,5,213,0,1,,0
S02374,U1691,2024-11-14,2024-11,2024-W46,Email,Desktop,/,2,194,0,1,,0
S02375,U1692,2024-11-14,2024-11,2024-W46,Organic,Desktop,/tutors,3,277,0,1,,0
S02376,U1693,2024-11-14,2024-11,2024-W46,Email,Mobile,/,4,110,0,1,,0
S02377,U1694,2024-11-14,2024-11,2024-W46,Organic,Mobile,/tutors,3,97,0,1,,0
S02378,U1125,2024-11-14,2024-11,2024-W46,Paid,Mobile,/pricing,3,111,0,0,,0
S02379,U1147,2024-11-14,2024-11,2024-W46,Direct,Mobile,/,1,83,0,0,,0
S02380,U1695,2024-11-14,2024-11,2024-W46,Organic,Tablet,/,5,142,0,1,,0
S02381,U1696,2024-11-14,2024-11,2024-W46,Email,Desktop,/pricing,5,201,0,1,,0
S02382,U1697,2024-11-14,2024-11,2024-W46,Paid,Desktop,/about,2,116,0,1,,0
S02383,U1698,2024-11-14,2024-11,2024-W46,Organic,Mobile,/,2,390,0,1,,0
S02384,U1699,2024-11-14,2024-11,2024-W46,Organic,Mobile,/about,5,691,0,1,,0
S02385,U1700,2024-11-14,2024-11,2024-W46,Direct,Mobile,/services,1,85,0,1,,0
S02386,U0788,2024-11-14,2024-11,2024-W46,Paid,Mobile,/,4,801,0,0,,0
S02387,U1701,2024-11-14,2024-11,2024-W46,Social,Mobile,/pricing,6,78,0,1,,0
S02388,U1373,2024-11-14,2024-11,2024-W46,Organic,Mobile,/,4,81,0,0,,0
S02389,U1328,2024-11-14,2024-11,2024-W46,Paid,Mobile,/,3,490,0,0,,1
S02390,U1702,2024-11-14,2024-11,2024-W46,Direct,Desktop,/contact,4,185,0,1,,0
S02391,U1703,2024-11-14,2024-11,2024-W46,Email,Desktop,/,1,91,0,1,,0
S02392,U1316,2024-11-14,2024-11,2024-W46,Social,Mobile,/,3,68,0,0,,0
S02393,U1704,2024-11-14,2024-11,2024-W46,Direct,Mobile,/pricing,3,306,0,1,,0
S02394,U1705,2024-11-14,2024-11,2024-W46,Direct,Mobile,/tutors,2,284,0,1,,0
S02395,U1706,2024-11-14,2024-11,2024-W46,Organic,Mobile,/,3,91,0,1,,0
S02396,U1707,2024-11-14,2024-11,2024-W46,Organic,Tablet,/pricing,1,559,0,1,,0
S02397,U1708,2024-11-14,2024-11,2024-W46,Email,Desktop,/,4,186,0,1,,0
S02398,U1709,2024-11-14,2024-11,2024-W46,Email,Mobile,/pricing,4,205,0,1,,1
S02399,U1710,2024-11-14,2024-11,2024-W46,Organic,Mobile,/about,4,189,0,1,,0
S02400,U1711,2024-11-14,2024-11,2024-W46,Direct,Desktop,/services,3,121,0,1,,0
S02401,U1712,2024-11-14,2024-11,2024-W46,Organic,Mobile,/,3,506,0,1,,0
S02402,U0078,2024-11-14,2024-11,2024-W46,Paid,Desktop,/services,3,160,0,0,,0
S02403,U1713,2024-11-14,2024-11,2024-W46,Organic,Desktop,/pricing,4,142,0,1,,0
S02404,U1714,2024-11-14,2024-11,2024-W46,Direct,Desktop,/about,3,562,0,1,,0
S02405,U1498,2024-11-14,2024-11,2024-W46,Direct,Mobile,/,1,163,0,0,,0
S02406,U1715,2024-11-14,2024-11,2024-W46,Social,Desktop,/pricing,2,133,0,1,,0
S02407,U1059,2024-11-14,2024-11,2024-W46,Direct,Mobile,/,6,265,0,0,,0
S02408,U1716,2024-11-14,2024-11,2024-W46,Email,Mobile,/services,6,159,0,1,,1
S02409,U1717,2024-11-14,2024-11,2024-W46,Social,Mobile,/,2,337,0,1,,0
S02410,U1718,2024-11-14,2024-11,2024-W46,Organic,Mobile,/pricing,5,194,0,1,,0
S02411,U1719,2024-11-14,2024-11,2024-W46,Organic,Desktop,/,3,111,0,1,,0
S02412,U1720,2024-11-14,2024-11,2024-W46,Organic,Desktop,/services,7,94,0,1,,1
S02413,U1721,2024-11-14,2024-11,2024-W46,Organic,Desktop,/contact,1,76,0,1,,0
S02414,U1722,2024-11-14,2024-11,2024-W46,Organic,Desktop,/,3,191,0,1,,0
S02415,U1723,2024-11-14,2024-11,2024-W46,Organic,Desktop,/pricing,3,530,0,1,,0
S02416,U1724,2024-11-14,2024-11,2024-W46,Organic,Mobile,/pricing,4,145,0,1,,0
S02417,U1725,2024-11-14,2024-11,2024-W46,Organic,Tablet,/tutors,2,633,0,1,,0
S02418,U1224,2024-11-14,2024-11,2024-W46,Organic,Desktop,/services,1,310,0,0,,0
S02419,U1726,2024-11-14,2024-11,2024-W46,Direct,Mobile,/tutors,2,75,0,1,,0
S02420,U0970,2024-11-14,2024-11,2024-W46,Paid,Mobile,/,5,272,0,0,,0
S02421,U1727,2024-11-14,2024-11,2024-W46,Email,Desktop,/tutors,5,308,0,1,,0
S02422,U1511,2024-11-14,2024-11,2024-W46,Direct,Desktop,/,2,281,0,0,,0
S02423,U0169,2024-11-14,2024-11,2024-W46,Organic,Mobile,/tutors,1,116,0,0,,0
S02424,U1606,2024-11-14,2024-11,2024-W46,Email,Mobile,/about,1,209,0,0,,0
S02425,U0576,2024-11-14,2024-11,2024-W46,Social,Mobile,/,5,111,0,0,,0
S02426,U1519,2024-11-14,2024-11,2024-W46,Organic,Desktop,/services,5,177,0,0,,0
S02427,U1212,2024-11-14,2024-11,2024-W46,Organic,Mobile,/,6,296,0,0,,0
S02428,U1728,2024-11-14,2024-11,2024-W46,Organic,Desktop,/about,5,201,0,1,,0
S02429,U1603,2024-11-14,2024-11,2024-W46,Direct,Mobile,/,8,162,0,0,,0
S02430,U1729,2024-11-14,2024-11,2024-W46,Social,Mobile,/,5,23,0,1,,0
S02431,U1730,2024-11-14,2024-11,2024-W46,Paid,Desktop,/contact,4,158,0,1,,0
S02432,U0298,2024-11-14,2024-11,2024-W46,Paid,Tablet,/services,5,12,0,0,,0
S02433,U1731,2024-11-14,2024-11,2024-W46,Paid,Desktop,/,1,69,0,1,,0
S02434,U1732,2024-11-14,2024-11,2024-W46,Social,Desktop,/tutors,1,62,0,1,,0
S02435,U1733,2024-11-14,2024-11,2024-W46,Direct,Mobile,/,3,67,0,1,,0
S02436,U1734,2024-11-14,2024-11,2024-W46,Organic,Mobile,/contact,2,118,0,1,,0
S02437,U1735,2024-11-14,2024-11,2024-W46,Social,Mobile,/services,1,1060,0,1,,0
S02438,U0542,2024-11-14,2024-11,2024-W46,Direct,Desktop,/services,3,102,0,0,,0
S02439,U0344,2024-11-14,2024-11,2024-W46,Organic,Desktop,/,3,117,0,0,,0
S02440,U1736,2024-11-14,2024-11,2024-W46,Social,Mobile,/tutors,6,25,0,1,,0
S02441,U1737,2024-11-14,2024-11,2024-W46,Paid,Mobile,/,8,137,0,1,,0
S02442,U1400,2024-11-14,2024-11,2024-W46,Direct,Desktop,/services,2,336,0,0,,0
S02443,U1738,2024-11-14,2024-11,2024-W46,Social,Desktop,/about,2,126,0,1,,0
S02444,U1739,2024-11-14,2024-11,2024-W46,Email,Desktop,/services,6,392,0,1,,1
S02445,U1740,2024-11-14,2024-11,2024-W46,Direct,Desktop,/services,7,93,0,1,,0
S02446,U1741,2024-11-14,2024-11,2024-W46,Direct,Mobile,/tutors,4,104,0,1,,0
S02447,U1742,2024-11-14,2024-11,2024-W46,Social,Mobile,/services,2,43,0,1,,0
S02448,U1743,2024-11-14,2024-11,2024-W46,Organic,Tablet,/,3,498,0,1,,0
S02449,U1744,2024-11-15,2024-11,2024-W46,Social,Tablet,/,3,100,0,1,A,0
S02450,U1745,2024-11-15,2024-11,2024-W46,Email,Mobile,/about,3,33,0,1,B,0
S02451,U1746,2024-11-15,2024-11,2024-W46,Organic,Mobile,/,7,52,0,1,B,0
S02452,U1341,2024-11-15,2024-11,2024-W46,Organic,Desktop,/tutors,5,393,0,0,A,0
S02453,U1747,2024-11-15,2024-11,2024-W46,Organic,Desktop,/about,3,253,0,1,B,0
S02454,U1377,2024-11-15,2024-11,2024-W46,Organic,Mobile,/tutors,4,95,0,0,B,0
S02455,U0692,2024-11-15,2024-11,2024-W46,Paid,Mobile,/,3,222,0,0,A,0
S02456,U1748,2024-11-15,2024-11,2024-W46,Email,Mobile,/about,1,184,0,1,B,0
S02457,U0018,2024-11-15,2024-11,2024-W46,Organic,Tablet,/tutors,2,115,0,0,B,0
S02458,U0201,2024-11-15,2024-11,2024-W46,Organic,Tablet,/services,6,299,0,0,B,0
S02459,U1749,2024-11-15,2024-11,2024-W46,Direct,Tablet,/tutors,2,185,0,1,B,0
S02460,U1750,2024-11-15,2024-11,2024-W46,Organic,Desktop,/tutors,4,432,0,1,A,0
S02461,U1269,2024-11-15,2024-11,2024-W46,Email,Desktop,/,4,149,0,0,B,1
S02462,U1751,2024-11-15,2024-11,2024-W46,Social,Desktop,/services,3,381,0,1,B,0
S02463,U1752,2024-11-15,2024-11,2024-W46,Email,Mobile,/services,4,92,0,1,B,0
S02464,U1753,2024-11-15,2024-11,2024-W46,Direct,Mobile,/,5,844,0,1,B,0
S02465,U1239,2024-11-15,2024-11,2024-W46,Paid,Mobile,/tutors,1,123,0,0,A,0
S02466,U1754,2024-11-15,2024-11,2024-W46,Direct,Mobile,/,1,167,0,1,A,0
S02467,U1755,2024-11-15,2024-11,2024-W46,Organic,Desktop,/,7,214,0,1,B,0
S02468,U1756,2024-11-15,2024-11,2024-W46,Organic,Tablet,/about,8,109,0,1,B,0
S02469,U0957,2024-11-15,2024-11,2024-W46,Organic,Tablet,/contact,4,343,0,0,B,0
S02470,U0929,2024-11-15,2024-11,2024-W46,Email,Desktop,/about,3,183,0,0,A,0
S02471,U0875,2024-11-15,2024-11,2024-W46,Organic,Desktop,/tutors,3,248,0,0,A,0
S02472,U1757,2024-11-15,2024-11,2024-W46,Direct,Mobile,/pricing,1,118,0,1,A,0
S02473,U1599,2024-11-15,2024-11,2024-W46,Organic,Desktop,/pricing,4,230,0,0,A,0
S02474,U1758,2024-11-15,2024-11,2024-W46,Organic,Desktop,/,2,139,0,1,B,0
S02475,U1759,2024-11-15,2024-11,2024-W46,Organic,Mobile,/,1,466,0,1,A,0
S02476,U1760,2024-11-15,2024-11,2024-W46,Direct,Mobile,/pricing,2,135,0,1,B,0
S02477,U1761,2024-11-15,2024-11,2024-W46,Direct,Desktop,/pricing,4,237,0,1,B,0
S02478,U1762,2024-11-15,2024-11,2024-W46,Organic,Desktop,/,2,242,0,1,B,0
S02479,U1008,2024-11-15,2024-11,2024-W46,Email,Desktop,/services,7,302,0,0,B,1
S02480,U1763,2024-11-15,2024-11,2024-W46,Organic,Mobile,/services,6,699,0,1,B,0
S02481,U1764,2024-11-15,2024-11,2024-W46,Direct,Desktop,/,4,542,0,1,B,0
S02482,U1765,2024-11-15,2024-11,2024-W46,Organic,Desktop,/,1,47,0,1,B,0
S02483,U0145,2024-11-15,2024-11,2024-W46,Organic,Mobile,/contact,5,167,0,0,B,0
S02484,U0914,2024-11-15,2024-11,2024-W46,Social,Desktop,/services,3,104,0,0,A,1
S02485,U1766,2024-11-15,2024-11,2024-W46,Social,Desktop,/services,1,1080,0,1,B,0
S02486,U0078,2024-11-15,2024-11,2024-W46,Direct,Desktop,/services,3,136,0,0,B,0
S02487,U1434,2024-11-15,2024-11,2024-W46,Social,Desktop,/,1,110,0,0,A,0
S02488,U1767,2024-11-15,2024-11,2024-W46,Direct,Mobile,/services,3,213,0,1,A,1
S02489,U1768,2024-11-15,2024-11,2024-W46,Email,Mobile,/services,4,127,0,1,A,0
S02490,U1769,2024-11-15,2024-11,2024-W46,Direct,Mobile,/,3,384,0,1,A,0
S02491,U1770,2024-11-15,2024-11,2024-W46,Email,Desktop,/pricing,5,217,0,1,A,0
S02492,U0463,2024-11-15,2024-11,2024-W46,Paid,Mobile,/contact,4,75,0,0,A,1
S02493,U1771,2024-11-15,2024-11,2024-W46,Organic,Desktop,/services,2,206,0,1,B,0
S02494,U1772,2024-11-15,2024-11,2024-W46,Organic,Mobile,/,3,144,0,1,B,0
S02495,U1773,2024-11-15,2024-11,2024-W46,Paid,Mobile,/pricing,2,194,0,1,A,0
S02496,U1774,2024-11-15,2024-11,2024-W46,Organic,Desktop,/,2,155,0,1,B,0
S02497,U1775,2024-11-15,2024-11,2024-W46,Organic,Tablet,/pricing,4,79,0,1,A,0
S02498,U1095,2024-11-15,2024-11,2024-W46,Email,Desktop,/tutors,1,59,0,0,A,0
S02499,U1776,2024-11-15,2024-11,2024-W46,Social,Mobile,/services,3,178,0,1,B,0
S02500,U1777,2024-11-15,2024-11,2024-W46,Direct,Mobile,/contact,3,179,0,1,B,0
S02501,U1136,2024-11-15,2024-11,2024-W46,Social,Mobile,/,5,420,0,0,A,0
S02502,U1778,2024-11-15,2024-11,2024-W46,Direct,Desktop,/,3,93,0,1,A,0
S02503,U1779,2024-11-15,2024-11,2024-W46,Email,Desktop,/services,2,92,0,1,A,0
S02504,U1780,2024-11-15,2024-11,2024-W46,Direct,Tablet,/,2,49,0,1,A,0
S02505,U1296,2024-11-15,2024-11,2024-W46,Email,Desktop,/services,1,197,0,0,A,0
S02506,U0074,2024-11-15,2024-11,2024-W46,Organic,Desktop,/services,4,77,0,0,A,0
S02507,U1781,2024-11-15,2024-11,2024-W46,Email,Desktop,/services,4,163,0,1,B,0
S02508,U1782,2024-11-15,2024-11,2024-W46,Direct,Desktop,/pricing,3,2375,0,1,A,1
S02509,U1783,2024-11-15,2024-11,2024-W46,Organic,Mobile,/contact,1,109,0,1,A,0
S02510,U1784,2024-11-15,2024-11,2024-W46,Organic,Desktop,/services,3,583,0,1,B,0
S02511,U1785,2024-11-15,2024-11,2024-W46,Direct,Desktop,/,4,538,0,1,B,0
S02512,U0115,2024-11-15,2024-11,2024-W46,Paid,Mobile,/,6,183,0,0,B,0
S02513,U1786,2024-11-15,2024-11,2024-W46,Email,Desktop,/,8,131,0,1,A,0
S02514,U1340,2024-11-15,2024-11,2024-W46,Organic,Mobile,/,3,95,0,0,A,0
S02515,U1787,2024-11-15,2024-11,2024-W46,Direct,Desktop,/tutors,7,349,0,1,A,0
S02516,U1788,2024-11-15,2024-11,2024-W46,Paid,Desktop,/pricing,1,961,0,1,A,0
S02517,U1789,2024-11-15,2024-11,2024-W46,Direct,Desktop,/services,2,205,0,1,B,0
S02518,U0290,2024-11-15,2024-11,2024-W46,Organic,Mobile,/,5,416,0,0,B,0
S02519,U1267,2024-11-15,2024-11,2024-W46,Direct,Mobile,/tutors,4,312,0,0,A,0
S02520,U1790,2024-11-15,2024-11,2024-W46,Direct,Desktop,/services,1,95,0,1,A,0
S02521,U0103,2024-11-15,2024-11,2024-W46,Organic,Mobile,/pricing,2,234,0,0,A,0
S02522,U1791,2024-11-15,2024-11,2024-W46,Email,Desktop,/,2,235,0,1,A,1
S02523,U1792,2024-11-15,2024-11,2024-W46,Paid,Mobile,/services,5,215,0,1,A,0
S02524,U1675,2024-11-15,2024-11,2024-W46,Organic,Tablet,/services,3,198,0,0,A,0
S02525,U1793,2024-11-15,2024-11,2024-W46,Direct,Desktop,/services,4,102,0,1,B,0
S02526,U1648,2024-11-15,2024-11,2024-W46,Organic,Desktop,/,3,401,0,0,B,0
S02527,U1794,2024-11-15,2024-11,2024-W46,Direct,Desktop,/about,3,208,0,1,B,0
S02528,U1795,2024-11-16,2024-11,2024-W46,Email,Desktop,/,2,825,0,1,A,0
S02529,U1402,2024-11-16,2024-11,2024-W46,Direct,Mobile,/services,5,359,0,0,A,0
S02530,U1714,2024-11-16,2024-11,2024-W46,Email,Desktop,/,1,390,0,0,A,0
S02531,U0094,2024-11-16,2024-11,2024-W46,Direct,Tablet,/,2,247,0,0,A,0
S02532,U1796,2024-11-16,2024-11,2024-W46,Direct,Desktop,/,4,1966,0,1,B,0
S02533,U0851,2024-11-16,2024-11,2024-W46,Email,Desktop,/about,6,442,0,0,A,0
S02534,U1797,2024-11-16,2024-11,2024-W46,Organic,Desktop,/pricing,1,311,0,1,B,0
S02535,U1192,2024-11-16,2024-11,2024-W46,Organic,Mobile,/pricing,1,430,0,0,A,0
S02536,U1736,2024-11-16,2024-11,2024-W46,Organic,Desktop,/,3,490,0,0,B,0
S02537,U1798,2024-11-16,2024-11,2024-W46,Social,Desktop,/pricing,3,210,0,1,A,0
S02538,U1799,2024-11-16,2024-11,2024-W46,Organic,Desktop,/about,2,85,0,1,A,0
S02539,U0183,2024-11-16,2024-11,2024-W46,Direct,Desktop,/about,3,525,0,0,A,0
S02540,U1800,2024-11-16,2024-11,2024-W46,Social,Mobile,/,5,160,0,1,A,0
S02541,U1801,2024-11-16,2024-11,2024-W46,Direct,Desktop,/,4,135,0,1,A,0
S02542,U1802,2024-11-16,2024-11,2024-W46,Organic,Mobile,/,4,97,0,1,A,0
S02543,U0555,2024-11-16,2024-11,2024-W46,Email,Desktop,/contact,3,189,0,0,B,0
S02544,U1803,2024-11-16,2024-11,2024-W46,Direct,Desktop,/tutors,2,220,0,1,A,0
S02545,U1804,2024-11-16,2024-11,2024-W46,Direct,Mobile,/tutors,1,248,0,1,A,1
S02546,U1024,2024-11-16,2024-11,2024-W46,Email,Mobile,/,7,68,0,0,A,0
S02547,U1693,2024-11-16,2024-11,2024-W46,Social,Desktop,/about,3,114,0,0,A,0
S02548,U1805,2024-11-16,2024-11,2024-W46,Email,Desktop,/,1,390,0,1,A,1
S02549,U0241,2024-11-16,2024-11,2024-W46,Direct,Desktop,/about,5,253,0,0,B,0
S02550,U1806,2024-11-16,2024-11,2024-W46,Social,Mobile,/,2,134,0,1,A,0
S02551,U1807,2024-11-16,2024-11,2024-W46,Organic,Desktop,/contact,4,140,0,1,B,0
S02552,U1808,2024-11-16,2024-11,2024-W46,Social,Desktop,/tutors,3,264,0,1,B,0
S02553,U1809,2024-11-16,2024-11,2024-W46,Organic,Mobile,/contact,1,178,0,1,A,0
S02554,U0231,2024-11-16,2024-11,2024-W46,Email,Desktop,/pricing,3,90,0,0,B,0
S02555,U1810,2024-11-16,2024-11,2024-W46,Paid,Mobile,/about,4,113,0,1,A,0
S02556,U1811,2024-11-16,2024-11,2024-W46,Organic,Desktop,/pricing,2,69,0,1,B,0
S02557,U1812,2024-11-16,2024-11,2024-W46,Email,Desktop,/pricing,4,120,0,1,B,1
S02558,U1813,2024-11-16,2024-11,2024-W46,Organic,Desktop,/about,4,78,0,1,A,0
S02559,U1814,2024-11-16,2024-11,2024-W46,Organic,Tablet,/pricing,7,149,0,1,A,0
S02560,U1815,2024-11-16,2024-11,2024-W46,Organic,Mobile,/services,2,320,0,1,A,0
S02561,U1517,2024-11-16,2024-11,2024-W46,Direct,Mobile,/pricing,6,81,0,0,A,0
S02562,U1816,2024-11-16,2024-11,2024-W46,Paid,Desktop,/,5,120,0,1,B,0
S02563,U1055,2024-11-16,2024-11,2024-W46,Organic,Desktop,/,3,429,0,0,B,0
S02564,U1817,2024-11-16,2024-11,2024-W46,Organic,Desktop,/,3,32,0,1,A,0
S02565,U1818,2024-11-16,2024-11,2024-W46,Social,Mobile,/pricing,6,157,0,1,A,0
S02566,U1387,2024-11-16,2024-11,2024-W46,Direct,Desktop,/services,4,114,0,0,B,0
S02567,U0226,2024-11-16,2024-11,2024-W46,Paid,Desktop,/tutors,7,307,0,0,B,0
S02568,U1511,2024-11-16,2024-11,2024-W46,Organic,Desktop,/about,3,150,0,0,A,0
S02569,U0452,2024-11-16,2024-11,2024-W46,Email,Desktop,/,3,59,0,0,A,1
S02570,U1819,2024-11-16,2024-11,2024-W46,Organic,Desktop,/,1,855,0,1,B,1
S02571,U1820,2024-11-16,2024-11,2024-W46,Organic,Desktop,/pricing,4,494,0,1,A,0
S02572,U1821,2024-11-16,2024-11,2024-W46,Organic,Desktop,/pricing,3,875,0,1,B,0
S02573,U1822,2024-11-16,2024-11,2024-W46,Organic,Desktop,/services,6,80,0,1,B,0
S02574,U0735,2024-11-16,2024-11,2024-W46,Social,Desktop,/services,5,58,0,0,A,0
S02575,U0261,2024-11-16,2024-11,2024-W46,Organic,Desktop,/,4,52,0,0,B,1
S02576,U1823,2024-11-16,2024-11,2024-W46,Email,Mobile,/services,5,368,0,1,A,0
S02577,U0954,2024-11-16,2024-11,2024-W46,Organic,Mobile,/tutors,2,141,0,0,A,0
S02578,U0704,2024-11-16,2024-11,2024-W46,Email,Tablet,/,4,836,0,0,A,0
S02579,U0322,2024-11-16,2024-11,2024-W46,Direct,Mobile,/contact,2,332,0,0,B,0
S02580,U1824,2024-11-16,2024-11,2024-W46,Social,Mobile,/,2,253,0,1,B,0
S02581,U1133,2024-11-16,2024-11,2024-W46,Organic,Mobile,/,4,261,0,0,B,0
S02582,U1756,2024-11-16,2024-11,2024-W46,Email,Mobile,/tutors,2,135,0,0,B,0
S02583,U1825,2024-11-16,2024-11,2024-W46,Direct,Mobile,/,3,196,0,1,B,0
S02584,U1826,2024-11-16,2024-11,2024-W46,Email,Desktop,/,2,207,0,1,B,0
S02585,U0877,2024-11-16,2024-11,2024-W46,Email,Mobile,/pricing,2,102,0,0,B,0
S02586,U0671,2024-11-16,2024-11,2024-W46,Organic,Mobile,/contact,3,307,0,0,B,0
S02587,U1212,2024-11-16,2024-11,2024-W46,Direct,Mobile,/tutors,6,320,0,0,B,0
S02588,U1827,2024-11-16,2024-11,2024-W46,Paid,Desktop,/pricing,5,839,0,1,A,0
S02589,U1828,2024-11-16,2024-11,2024-W46,Social,Mobile,/contact,5,290,0,1,A,0
S02590,U1829,2024-11-16,2024-11,2024-W46,Organic,Desktop,/about,4,58,0,1,B,0
S02591,U1830,2024-11-16,2024-11,2024-W46,Organic,Desktop,/services,3,408,0,1,A,0
S02592,U1831,2024-11-16,2024-11,2024-W46,Email,Mobile,/services,3,496,0,1,B,0
S02593,U1832,2024-11-16,2024-11,2024-W46,Email,Mobile,/services,6,1035,0,1,B,1
S02594,U1833,2024-11-16,2024-11,2024-W46,Direct,Mobile,/services,4,132,0,1,B,0
S02595,U1834,2024-11-16,2024-11,2024-W46,Social,Desktop,/tutors,3,188,0,1,A,0
S02596,U1835,2024-11-16,2024-11,2024-W46,Email,Tablet,/tutors,4,86,0,1,B,0
S02597,U1836,2024-11-16,2024-11,2024-W46,Email,Mobile,/,2,115,0,1,B,0
S02598,U1837,2024-11-16,2024-11,2024-W46,Social,Desktop,/,5,702,0,1,A,1
S02599,U1838,2024-11-16,2024-11,2024-W46,Paid,Desktop,/pricing,4,76,0,1,B,0
S02600,U1839,2024-11-16,2024-11,2024-W46,Social,Mobile,/,3,1174,0,1,A,0
S02601,U1840,2024-11-17,2024-11,2024-W46,Direct,Desktop,/tutors,4,128,0,1,B,0
S02602,U1841,2024-11-17,2024-11,2024-W46,Direct,Mobile,/,4,381,0,1,A,0
S02603,U1842,2024-11-17,2024-11,2024-W46,Social,Mobile,/pricing,2,718,0,1,B,0
S02604,U1843,2024-11-17,2024-11,2024-W46,Organic,Mobile,/,1,565,0,1,B,0
S02605,U1844,2024-11-17,2024-11,2024-W46,Direct,Mobile,/contact,10,128,0,1,A,1
S02606,U1845,2024-11-17,2024-11,2024-W46,Email,Mobile,/contact,1,75,0,1,B,0
S02607,U1846,2024-11-17,2024-11,2024-W46,Direct,Desktop,/,2,42,0,1,A,0
S02608,U1542,2024-11-17,2024-11,2024-W46,Direct,Mobile,/pricing,2,68,0,0,B,0
S02609,U1847,2024-11-17,2024-11,2024-W46,Paid,Desktop,/contact,5,334,0,1,A,0
S02610,U1848,2024-11-17,2024-11,2024-W46,Organic,Mobile,/services,4,51,0,1,A,0
S02611,U1804,2024-11-17,2024-11,2024-W46,Direct,Desktop,/,3,73,0,0,A,0
S02612,U1849,2024-11-17,2024-11,2024-W46,Email,Mobile,/about,1,143,0,1,A,0
S02613,U1850,2024-11-17,2024-11,2024-W46,Organic,Tablet,/tutors,5,33,0,1,A,0
S02614,U0785,2024-11-17,2024-11,2024-W46,Organic,Desktop,/tutors,2,144,0,0,A,0
S02615,U1851,2024-11-17,2024-11,2024-W46,Organic,Desktop,/,1,56,0,1,A,0
S02616,U1145,2024-11-17,2024-11,2024-W46,Social,Mobile,/,1,363,0,0,A,0
S02617,U1852,2024-11-17,2024-11,2024-W46,Direct,Desktop,/pricing,4,37,0,1,A,0
S02618,U0686,2024-11-17,2024-11,2024-W46,Email,Tablet,/tutors,2,154,0,0,B,0
S02619,U0980,2024-11-17,2024-11,2024-W46,Organic,Mobile,/services,2,136,0,0,A,0
S02620,U1853,2024-11-17,2024-11,2024-W46,Organic,Mobile,/pricing,5,386,0,1,A,0
S02621,U1854,2024-11-17,2024-11,2024-W46,Organic,Mobile,/about,2,387,0,1,B,0
S02622,U1855,2024-11-17,2024-11,2024-W46,Organic,Tablet,/tutors,1,316,0,1,A,0
S02623,U1856,2024-11-17,2024-11,2024-W46,Organic,Desktop,/,3,119,0,1,A,0
S02624,U1857,2024-11-17,2024-11,2024-W46,Organic,Mobile,/contact,4,510,0,1,A,0
S02625,U1858,2024-11-17,2024-11,2024-W46,Direct,Mobile,/pricing,6,45,0,1,B,0
S02626,U1859,2024-11-17,2024-11,2024-W46,Social,Mobile,/pricing,3,296,0,1,A,0
S02627,U1860,2024-11-17,2024-11,2024-W46,Direct,Desktop,/services,3,353,0,1,B,0
S02628,U1861,2024-11-17,2024-11,2024-W46,Email,Desktop,/contact,2,401,0,1,B,0
S02629,U1862,2024-11-17,2024-11,2024-W46,Direct,Desktop,/tutors,4,88,0,1,B,0
S02630,U1863,2024-11-17,2024-11,2024-W46,Organic,Desktop,/tutors,4,231,0,1,A,0
S02631,U1864,2024-11-17,2024-11,2024-W46,Direct,Desktop,/services,7,140,0,1,A,0
S02632,U1811,2024-11-17,2024-11,2024-W46,Direct,Mobile,/,1,68,0,0,B,0
S02633,U1839,2024-11-17,2024-11,2024-W46,Direct,Desktop,/,5,133,0,0,A,0
S02634,U1865,2024-11-17,2024-11,2024-W46,Paid,Desktop,/about,7,222,0,1,B,1
S02635,U0230,2024-11-17,2024-11,2024-W46,Direct,Desktop,/,3,178,0,0,B,0
S02636,U1866,2024-11-17,2024-11,2024-W46,Social,Mobile,/contact,2,353,0,1,A,0
S02637,U1867,2024-11-17,2024-11,2024-W46,Organic,Desktop,/,1,69,0,1,B,0
S02638,U1398,2024-11-17,2024-11,2024-W46,Direct,Desktop,/about,2,330,0,0,A,0
S02639,U0711,2024-11-17,2024-11,2024-W46,Organic,Tablet,/,1,79,0,0,B,0
S02640,U1868,2024-11-17,2024-11,2024-W46,Organic,Desktop,/services,2,243,0,1,A,1
S02641,U0046,2024-11-17,2024-11,2024-W46,Email,Desktop,/,5,210,0,0,A,0
S02642,U1065,2024-11-17,2024-11,2024-W46,Paid,Mobile,/,1,384,0,0,B,0
S02643,U1869,2024-11-17,2024-11,2024-W46,Direct,Mobile,/,2,38,0,1,A,0
S02644,U1870,2024-11-17,2024-11,2024-W46,Organic,Mobile,/pricing,6,180,0,1,B,0
S02645,U1871,2024-11-17,2024-11,2024-W46,Social,Desktop,/about,4,280,0,1,B,0
S02646,U1872,2024-11-17,2024-11,2024-W46,Email,Mobile,/contact,7,88,0,1,B,0
S02647,U1873,2024-11-17,2024-11,2024-W46,Organic,Mobile,/,6,170,0,1,B,0
S02648,U1874,2024-11-17,2024-11,2024-W46,Direct,Mobile,/,3,217,0,1,A,0
S02649,U0992,2024-11-17,2024-11,2024-W46,Email,Mobile,/pricing,6,200,0,0,B,0
S02650,U1732,2024-11-17,2024-11,2024-W46,Social,Tablet,/,3,222,0,0,B,1
S02651,U1875,2024-11-17,2024-11,2024-W46,Social,Desktop,/services,3,615,0,1,B,0
S02652,U0330,2024-11-17,2024-11,2024-W46,Paid,Mobile,/pricing,4,440,0,0,B,0
S02653,U0360,2024-11-17,2024-11,2024-W46,Direct,Desktop,/pricing,2,106,0,0,A,0
S02654,U1876,2024-11-17,2024-11,2024-W46,Email,Mobile,/pricing,4,52,0,1,A,0
S02655,U0488,2024-11-17,2024-11,2024-W46,Organic,Mobile,/services,7,139,0,0,B,0
S02656,U1877,2024-11-17,2024-11,2024-W46,Direct,Mobile,/tutors,3,255,0,1,A,0
S02657,U1878,2024-11-17,2024-11,2024-W46,Direct,Desktop,/,4,212,0,1,B,0
S02658,U1449,2024-11-17,2024-11,2024-W46,Organic,Desktop,/,4,518,0,0,A,1
S02659,U1879,2024-11-17,2024-11,2024-W46,Organic,Mobile,/tutors,3,798,0,1,B,0
S02660,U1880,2024-11-17,2024-11,2024-W46,Email,Desktop,/,5,19,0,1,A,0
S02661,U0618,2024-11-17,2024-11,2024-W46,Direct,Desktop,/,8,323,0,0,B,0
S02662,U1023,2024-11-17,2024-11,2024-W46,Direct,Mobile,/services,1,598,0,0,B,0
S02663,U1881,2024-11-17,2024-11,2024-W46,Organic,Mobile,/,3,258,0,1,A,0
S02664,U1513,2024-11-17,2024-11,2024-W46,Organic,Desktop,/about,3,86,0,0,B,0
S02665,U1882,2024-11-17,2024-11,2024-W46,Social,Tablet,/,2,156,0,1,B,0
S02666,U1835,2024-11-17,2024-11,2024-W46,Organic,Desktop,/pricing,2,281,0,0,B,0
S02667,U1883,2024-11-17,2024-11,2024-W46,Organic,Tablet,/services,1,309,0,1,A,0
S02668,U1884,2024-11-17,2024-11,2024-W46,Direct,Mobile,/,2,72,0,1,A,0
S02669,U1885,2024-11-17,2024-11,2024-W46,Organic,Desktop,/,6,182,0,1,B,0
S02670,U1886,2024-11-17,2024-11,2024-W46,Paid,Mobile,/services,3,240,0,1,B,0
S02671,U1887,2024-11-17,2024-11,2024-W46,Organic,Mobile,/services,2,254,0,1,A,0
S02672,U1129,2024-11-17,2024-11,2024-W46,Social,Desktop,/services,1,233,0,0,A,0
S02673,U1265,2024-11-17,2024-11,2024-W46,Email,Tablet,/about,4,243,0,0,A,0
S02674,U1888,2024-11-17,2024-11,2024-W46,Organic,Mobile,/,6,226,0,1,B,0
S02675,U1314,2024-11-17,2024-11,2024-W46,Organic,Mobile,/tutors,1,94,0,0,B,0
S02676,U1889,2024-11-17,2024-11,2024-W46,Direct,Mobile,/,4,91,0,1,A,0
S02677,U1890,2024-11-17,2024-11,2024-W46,Organic,Desktop,/tutors,2,163,0,1,B,0
S02678,U1740,2024-11-17,2024-11,2024-W46,Organic,Desktop,/tutors,3,69,0,0,A,0
S02679,U1891,2024-11-17,2024-11,2024-W46,Direct,Desktop,/contact,8,142,0,1,A,0
S02680,U1892,2024-11-17,2024-11,2024-W46,Organic,Mobile,/,6,261,0,1,B,0
S02681,U1893,2024-11-17,2024-11,2024-W46,Direct,Desktop,/,7,31,0,1,A,0
S02682,U1894,2024-11-17,2024-11,2024-W46,Organic,Desktop,/,1,76,0,1,A,0
S02683,U1895,2024-11-17,2024-11,2024-W46,Direct,Tablet,/,6,268,0,1,A,0
S02684,U1896,2024-11-17,2024-11,2024-W46,Email,Desktop,/pricing,1,215,0,1,B,0
S02685,U1897,2024-11-17,2024-11,2024-W46,Direct,Mobile,/services,3,193,0,1,A,0
S02686,U1898,2024-11-17,2024-11,2024-W46,Organic,Desktop,/services,4,357,0,1,A,0
S02687,U1899,2024-11-17,2024-11,2024-W46,Social,Desktop,/pricing,5,349,0,1,A,0
S02688,U1900,2024-11-17,2024-11,2024-W46,Email,Desktop,/pricing,2,685,0,1,B,0
S02689,U1901,2024-11-18,2024-11,2024-W47,Email,Desktop,/services,3,451,0,1,A,0
S02690,U1651,2024-11-18,2024-11,2024-W47,Direct,Mobile,/,1,260,0,0,B,0
S02691,U1902,2024-11-18,2024-11,2024-W47,Direct,Desktop,/tutors,1,306,0,1,B,0
S02692,U1903,2024-11-18,2024-11,2024-W47,Direct,Desktop,/services,2,471,0,1,B,0
S02693,U1904,2024-11-18,2024-11,2024-W47,Email,Mobile,/tutors,6,160,0,1,A,0
S02694,U1905,2024-11-18,2024-11,2024-W47,Email,Tablet,/pricing,7,201,0,1,B,0
S02695,U1906,2024-11-18,2024-11,2024-W47,Email,Mobile,/,3,239,0,1,B,0
S02696,U1907,2024-11-18,2024-11,2024-W47,Organic,Mobile,/pricing,4,92,0,1,A,0
S02697,U1908,2024-11-18,2024-11,2024-W47,Organic,Mobile,/pricing,7,45,0,1,B,1
S02698,U1909,2024-11-18,2024-11,2024-W47,Social,Desktop,/services,3,82,0,1,A,0
S02699,U0947,2024-11-18,2024-11,2024-W47,Email,Desktop,/services,6,120,0,0,B,0
S02700,U1910,2024-11-18,2024-11,2024-W47,Organic,Mobile,/,4,211,0,1,B,0
S02701,U0782,2024-11-18,2024-11,2024-W47,Organic,Mobile,/,3,322,0,0,A,0
S02702,U1911,2024-11-18,2024-11,2024-W47,Organic,Desktop,/,5,29,0,1,A,0
S02703,U1912,2024-11-18,2024-11,2024-W47,Social,Mobile,/tutors,2,132,0,1,A,0
S02704,U1913,2024-11-18,2024-11,2024-W47,Email,Tablet,/,7,66,0,1,B,0
S02705,U1621,2024-11-18,2024-11,2024-W47,Email,Desktop,/,3,162,0,0,A,1
S02706,U1312,2024-11-18,2024-11,2024-W47,Organic,Desktop,/,5,110,0,0,B,0
S02707,U1914,2024-11-18,2024-11,2024-W47,Direct,Mobile,/,7,144,0,1,A,0
S02708,U1915,2024-11-18,2024-11,2024-W47,Email,Desktop,/,3,115,0,1,B,0
S02709,U1916,2024-11-18,2024-11,2024-W47,Organic,Desktop,/,1,339,0,1,A,0
S02710,U0245,2024-11-18,2024-11,2024-W47,Organic,Desktop,/pricing,2,393,0,0,B,0
S02711,U1917,2024-11-18,2024-11,2024-W47,Email,Mobile,/about,4,348,0,1,A,0
S02712,U1918,2024-11-18,2024-11,2024-W47,Email,Desktop,/about,3,268,0,1,A,0
S02713,U1919,2024-11-18,2024-11,2024-W47,Direct,Desktop,/,3,188,0,1,B,0
S02714,U1405,2024-11-18,2024-11,2024-W47,Direct,Desktop,/services,3,77,0,0,A,0
S02715,U1920,2024-11-18,2024-11,2024-W47,Email,Desktop,/,7,187,0,1,B,1
S02716,U1921,2024-11-18,2024-11,2024-W47,Organic,Desktop,/services,3,754,0,1,A,0
S02717,U1922,2024-11-18,2024-11,2024-W47,Social,Desktop,/pricing,4,171,0,1,B,0
S02718,U0655,2024-11-18,2024-11,2024-W47,Organic,Desktop,/,5,124,0,0,A,0
S02719,U1923,2024-11-18,2024-11,2024-W47,Social,Mobile,/,4,981,0,1,A,0
S02720,U0740,2024-11-18,2024-11,2024-W47,Organic,Desktop,/tutors,1,275,0,0,B,0
S02721,U1924,2024-11-18,2024-11,2024-W47,Social,Mobile,/pricing,3,113,0,1,A,0
S02722,U1085,2024-11-18,2024-11,2024-W47,Organic,Mobile,/tutors,4,132,0,0,B,0
S02723,U0397,2024-11-18,2024-11,2024-W47,Organic,Desktop,/services,6,191,0,0,A,0
S02724,U0194,2024-11-18,2024-11,2024-W47,Organic,Desktop,/tutors,8,231,0,0,A,0
S02725,U0661,2024-11-18,2024-11,2024-W47,Email,Desktop,/services,4,354,0,0,A,0
S02726,U1925,2024-11-18,2024-11,2024-W47,Direct,Desktop,/,1,323,0,1,B,0
S02727,U1926,2024-11-18,2024-11,2024-W47,Direct,Mobile,/services,2,694,0,1,A,0
S02728,U1927,2024-11-18,2024-11,2024-W47,Organic,Desktop,/tutors,2,142,0,1,B,0
S02729,U1928,2024-11-18,2024-11,2024-W47,Direct,Tablet,/,5,408,0,1,A,0
S02730,U1062,2024-11-18,2024-11,2024-W47,Direct,Desktop,/tutors,4,85,0,0,B,0
S02731,U1929,2024-11-18,2024-11,2024-W47,Direct,Desktop,/,3,162,0,1,A,0
S02732,U1930,2024-11-18,2024-11,2024-W47,Organic,Mobile,/pricing,2,154,0,1,A,0
S02733,U1031,2024-11-18,2024-11,2024-W47,Organic,Desktop,/services,7,120,0,0,A,0
S02734,U1838,2024-11-18,2024-11,2024-W47,Social,Desktop,/,3,696,0,0,B,0
S02735,U1931,2024-11-18,2024-11,2024-W47,Social,Desktop,/,2,167,0,1,B,0
S02736,U1932,2024-11-18,2024-11,2024-W47,Organic,Mobile,/tutors,2,82,0,1,B,0
S02737,U1933,2024-11-18,2024-11,2024-W47,Email,Desktop,/about,4,283,0,1,A,0
S02738,U1934,2024-11-18,2024-11,2024-W47,Direct,Desktop,/pricing,5,603,0,1,A,0
S02739,U0269,2024-11-18,2024-11,2024-W47,Paid,Desktop,/,1,91,0,0,A,0
S02740,U1935,2024-11-18,2024-11,2024-W47,Paid,Mobile,/tutors,3,84,0,1,A,0
S02741,U1936,2024-11-18,2024-11,2024-W47,Organic,Mobile,/tutors,4,439,0,1,A,0
S02742,U1937,2024-11-18,2024-11,2024-W47,Organic,Desktop,/pricing,5,515,0,1,B,0
S02743,U1938,2024-11-18,2024-11,2024-W47,Direct,Tablet,/tutors,3,166,0,1,A,0
S02744,U1939,2024-11-19,2024-11,2024-W47,Email,Desktop,/tutors,2,278,0,1,A,1
S02745,U1940,2024-11-19,2024-11,2024-W47,Organic,Mobile,/,2,45,0,1,A,0
S02746,U1941,2024-11-19,2024-11,2024-W47,Social,Tablet,/,1,121,0,1,A,0
S02747,U0257,2024-11-19,2024-11,2024-W47,Paid,Mobile,/,1,53,0,0,B,0
S02748,U1942,2024-11-19,2024-11,2024-W47,Direct,Desktop,/services,3,246,0,1,A,0
S02749,U1943,2024-11-19,2024-11,2024-W47,Organic,Mobile,/,5,95,0,1,A,0
S02750,U0992,2024-11-19,2024-11,2024-W47,Paid,Desktop,/pricing,3,206,0,0,B,0
S02751,U0221,2024-11-19,2024-11,2024-W47,Email,Desktop,/services,2,53,0,0,A,1
S02752,U1944,2024-11-19,2024-11,2024-W47,Direct,Mobile,/tutors,4,45,0,1,B,0
S02753,U1945,2024-11-19,2024-11,2024-W47,Organic,Desktop,/services,5,716,0,1,A,0
S02754,U0618,2024-11-19,2024-11,2024-W47,Email,Mobile,/,2,302,0,0,B,0
S02755,U1946,2024-11-19,2024-11,2024-W47,Organic,Mobile,/tutors,1,664,0,1,A,0
S02756,U1947,2024-11-19,2024-11,2024-W47,Organic,Desktop,/contact,3,178,0,1,B,0
S02757,U1948,2024-11-19,2024-11,2024-W47,Social,Mobile,/contact,3,298,0,1,B,0
S02758,U1949,2024-11-19,2024-11,2024-W47,Organic,Tablet,/pricing,4,1499,0,1,B,0
S02759,U1950,2024-11-19,2024-11,2024-W47,Social,Desktop,/services,5,98,0,1,A,0
S02760,U1951,2024-11-19,2024-11,2024-W47,Social,Desktop,/pricing,1,576,0,1,B,0
S02761,U1026,2024-11-19,2024-11,2024-W47,Organic,Mobile,/services,2,318,0,0,B,0
S02762,U1952,2024-11-19,2024-11,2024-W47,Email,Mobile,/services,6,205,0,1,B,0
S02763,U1679,2024-11-19,2024-11,2024-W47,Social,Desktop,/contact,1,364,0,0,B,0
S02764,U0445,2024-11-19,2024-11,2024-W47,Email,Mobile,/services,1,326,0,0,A,0
S02765,U1953,2024-11-19,2024-11,2024-W47,Direct,Desktop,/about,4,186,0,1,A,0
S02766,U1954,2024-11-19,2024-11,2024-W47,Paid,Desktop,/services,2,63,0,1,B,1
S02767,U1955,2024-11-19,2024-11,2024-W47,Organic,Mobile,/,1,205,0,1,B,0
S02768,U1956,2024-11-19,2024-11,2024-W47,Paid,Desktop,/contact,7,167,0,1,B,0
S02769,U1957,2024-11-19,2024-11,2024-W47,Paid,Desktop,/tutors,2,124,0,1,B,0
S02770,U1380,2024-11-19,2024-11,2024-W47,Direct,Desktop,/tutors,6,349,0,0,B,0
S02771,U0727,2024-11-19,2024-11,2024-W47,Paid,Desktop,/services,6,71,0,0,B,0
S02772,U1958,2024-11-19,2024-11,2024-W47,Direct,Desktop,/tutors,3,413,0,1,A,0
S02773,U1959,2024-11-19,2024-11,2024-W47,Organic,Desktop,/services,2,249,0,1,B,0
S02774,U1960,2024-11-19,2024-11,2024-W47,Direct,Desktop,/,1,34,0,1,A,0
S02775,U1961,2024-11-19,2024-11,2024-W47,Direct,Desktop,/services,4,306,0,1,B,0
S02776,U1962,2024-11-19,2024-11,2024-W47,Organic,Mobile,/about,2,131,0,1,B,0
S02777,U1963,2024-11-19,2024-11,2024-W47,Organic,Desktop,/,3,536,0,1,B,0
S02778,U1964,2024-11-19,2024-11,2024-W47,Email,Mobile,/services,4,158,0,1,B,0
S02779,U1965,2024-11-19,2024-11,2024-W47,Direct,Tablet,/,2,198,0,1,A,0
S02780,U1966,2024-11-19,2024-11,2024-W47,Direct,Desktop,/services,4,176,0,1,B,0
S02781,U0835,2024-11-19,2024-11,2024-W47,Organic,Mobile,/pricing,4,158,0,0,A,0
S02782,U1967,2024-11-19,2024-11,2024-W47,Direct,Desktop,/pricing,1,63,0,1,A,0
S02783,U1723,2024-11-19,2024-11,2024-W47,Paid,Mobile,/tutors,1,189,0,0,A,0
S02784,U1968,2024-11-19,2024-11,2024-W47,Direct,Mobile,/about,5,458,0,1,B,0
S02785,U1381,2024-11-19,2024-11,2024-W47,Organic,Tablet,/services,1,73,0,0,A,0
S02786,U0898,2024-11-19,2024-11,2024-W47,Organic,Mobile,/contact,2,104,0,0,B,0
S02787,U1969,2024-11-19,2024-11,2024-W47,Email,Desktop,/about,5,325,0,1,B,1
S02788,U1970,2024-11-19,2024-11,2024-W47,Paid,Desktop,/services,2,358,0,1,B,0
S02789,U1971,2024-11-19,2024-11,2024-W47,Paid,Desktop,/tutors,4,795,0,1,B,0
S02790,U1972,2024-11-19,2024-11,2024-W47,Organic,Desktop,/services,4,265,0,1,A,0
S02791,U1973,2024-11-19,2024-11,2024-W47,Direct,Mobile,/,8,78,0,1,B,0
S02792,U1729,2024-11-19,2024-11,2024-W47,Organic,Desktop,/about,1,53,0,0,B,0
S02793,U1717,2024-11-19,2024-11,2024-W47,Paid,Mobile,/,2,135,0,0,B,0
S02794,U1974,2024-11-19,2024-11,2024-W47,Organic,Desktop,/,1,248,0,1,A,0
S02795,U1975,2024-11-19,2024-11,2024-W47,Organic,Tablet,/,5,98,0,1,A,0
S02796,U1976,2024-11-19,2024-11,2024-W47,Direct,Desktop,/services,3,97,0,1,A,0
S02797,U1977,2024-11-19,2024-11,2024-W47,Direct,Mobile,/services,5,300,0,1,B,0
S02798,U1978,2024-11-19,2024-11,2024-W47,Organic,Desktop,/services,4,122,0,1,A,0
S02799,U1979,2024-11-19,2024-11,2024-W47,Email,Mobile,/,4,87,0,1,A,0
S02800,U0932,2024-11-19,2024-11,2024-W47,Organic,Desktop,/contact,4,52,0,0,A,0
S02801,U1019,2024-11-19,2024-11,2024-W47,Organic,Desktop,/pricing,4,400,0,0,B,0
S02802,U1980,2024-11-19,2024-11,2024-W47,Email,Mobile,/services,3,293,0,1,A,1
S02803,U1981,2024-11-19,2024-11,2024-W47,Organic,Desktop,/pricing,4,46,0,1,A,0
S02804,U1982,2024-11-19,2024-11,2024-W47,Social,Desktop,/tutors,4,336,0,1,A,1
S02805,U1239,2024-11-19,2024-11,2024-W47,Organic,Desktop,/services,3,359,0,0,A,0
S02806,U1274,2024-11-19,2024-11,2024-W47,Organic,Desktop,/pricing,6,526,0,0,B,0
S02807,U1983,2024-11-19,2024-11,2024-W47,Email,Mobile,/,4,617,0,1,B,0
S02808,U1984,2024-11-19,2024-11,2024-W47,Direct,Desktop,/services,4,399,0,1,A,0
S02809,U1985,2024-11-19,2024-11,2024-W47,Direct,Mobile,/,3,214,0,1,B,0
S02810,U1986,2024-11-19,2024-11,2024-W47,Organic,Desktop,/,5,186,0,1,B,0
S02811,U1987,2024-11-19,2024-11,2024-W47,Organic,Desktop,/services,3,1013,0,1,B,0
S02812,U1988,2024-11-19,2024-11,2024-W47,Social,Desktop,/,2,768,0,1,A,1
S02813,U1989,2024-11-19,2024-11,2024-W47,Social,Desktop,/,1,173,0,1,B,0
S02814,U1990,2024-11-19,2024-11,2024-W47,Direct,Desktop,/,4,177,0,1,B,0
S02815,U1991,2024-11-19,2024-11,2024-W47,Organic,Mobile,/services,6,582,0,1,B,0
S02816,U1992,2024-11-19,2024-11,2024-W47,Direct,Desktop,/,4,224,0,1,A,1
S02817,U1351,2024-11-19,2024-11,2024-W47,Social,Desktop,/pricing,4,76,0,0,B,0
S02818,U1993,2024-11-19,2024-11,2024-W47,Organic,Tablet,/,2,308,0,1,B,0
S02819,U1994,2024-11-19,2024-11,2024-W47,Email,Mobile,/,3,118,0,1,B,0
S02820,U1995,2024-11-19,2024-11,2024-W47,Direct,Desktop,/,4,73,0,1,B,0
S02821,U1383,2024-11-19,2024-11,2024-W47,Direct,Mobile,/,5,105,0,0,A,0
S02822,U1996,2024-11-19,2024-11,2024-W47,Direct,Mobile,/tutors,1,174,0,1,A,0
S02823,U1997,2024-11-19,2024-11,2024-W47,Social,Desktop,/services,2,282,0,1,A,0
S02824,U0115,2024-11-19,2024-11,2024-W47,Social,Mobile,/,3,108,0,0,B,0
S02825,U1998,2024-11-19,2024-11,2024-W47,Paid,Tablet,/tutors,1,142,0,1,B,0
S02826,U1999,2024-11-19,2024-11,2024-W47,Organic,Desktop,/services,5,145,0,1,B,0
S02827,U2000,2024-11-19,2024-11,2024-W47,Organic,Desktop,/services,2,18,0,1,B,0
S02828,U0093,2024-11-19,2024-11,2024-W47,Organic,Desktop,/tutors,2,285,0,0,B,0
S02829,U2001,2024-11-19,2024-11,2024-W47,Organic,Mobile,/,3,332,0,1,A,0
S02830,U2002,2024-11-19,2024-11,2024-W47,Paid,Desktop,/tutors,3,494,0,1,B,0
S02831,U2003,2024-11-19,2024-11,2024-W47,Organic,Desktop,/,2,363,0,1,B,0
S02832,U2004,2024-11-19,2024-11,2024-W47,Organic,Tablet,/pricing,1,92,0,1,B,0
S02833,U2005,2024-11-19,2024-11,2024-W47,Organic,Mobile,/about,4,156,0,1,A,0
S02834,U0481,2024-11-20,2024-11,2024-W47,Direct,Mobile,/services,1,58,0,0,B,0
S02835,U2006,2024-11-20,2024-11,2024-W47,Email,Mobile,/,3,521,0,1,B,0
S02836,U0625,2024-11-20,2024-11,2024-W47,Organic,Mobile,/tutors,6,323,0,0,A,0
S02837,U1103,2024-11-20,2024-11,2024-W47,Direct,Desktop,/pricing,2,225,0,0,A,0
S02838,U2007,2024-11-20,2024-11,2024-W47,Organic,Desktop,/,6,184,0,1,B,0
S02839,U2008,2024-11-20,2024-11,2024-W47,Organic,Desktop,/tutors,3,55,0,1,B,0
S02840,U1426,2024-11-20,2024-11,2024-W47,Organic,Tablet,/services,4,268,0,0,A,0
S02841,U0649,2024-11-20,2024-11,2024-W47,Organic,Mobile,/about,5,268,0,0,B,0
S02842,U2009,2024-11-20,2024-11,2024-W47,Social,Desktop,/services,3,1242,0,1,B,0
S02843,U2010,2024-11-20,2024-11,2024-W47,Paid,Desktop,/contact,4,356,0,1,A,0
S02844,U2011,2024-11-20,2024-11,2024-W47,Direct,Mobile,/contact,1,267,0,1,A,0
S02845,U2012,2024-11-20,2024-11,2024-W47,Email,Desktop,/services,2,1192,0,1,A,0
S02846,U2013,2024-11-20,2024-11,2024-W47,Direct,Mobile,/about,5,113,0,1,A,0
S02847,U2014,2024-11-20,2024-11,2024-W47,Paid,Mobile,/,4,160,0,1,B,0
S02848,U2015,2024-11-20,2024-11,2024-W47,Organic,Desktop,/services,2,237,0,1,A,0
S02849,U2016,2024-11-20,2024-11,2024-W47,Paid,Mobile,/services,4,232,0,1,B,0
S02850,U2017,2024-11-20,2024-11,2024-W47,Direct,Desktop,/pricing,6,164,0,1,A,0
S02851,U1175,2024-11-20,2024-11,2024-W47,Direct,Mobile,/contact,4,204,0,0,B,0
S02852,U1522,2024-11-20,2024-11,2024-W47,Direct,Desktop,/services,2,85,0,0,A,0
S02853,U2018,2024-11-20,2024-11,2024-W47,Organic,Desktop,/,2,146,0,1,A,0
S02854,U2019,2024-11-20,2024-11,2024-W47,Direct,Mobile,/services,1,666,0,1,B,0
S02855,U2020,2024-11-20,2024-11,2024-W47,Organic,Mobile,/,3,82,0,1,B,0
S02856,U2021,2024-11-20,2024-11,2024-W47,Email,Mobile,/services,6,42,0,1,B,0
S02857,U1688,2024-11-20,2024-11,2024-W47,Organic,Desktop,/services,4,682,0,0,B,0
S02858,U2022,2024-11-20,2024-11,2024-W47,Organic,Mobile,/tutors,1,215,0,1,A,0
S02859,U2023,2024-11-20,2024-11,2024-W47,Direct,Desktop,/tutors,3,144,0,1,A,0
S02860,U2024,2024-11-20,2024-11,2024-W47,Organic,Desktop,/,4,74,0,1,A,0
S02861,U2025,2024-11-20,2024-11,2024-W47,Direct,Mobile,/contact,4,473,0,1,B,0
S02862,U0039,2024-11-20,2024-11,2024-W47,Organic,Mobile,/pricing,2,284,0,0,A,0
S02863,U2026,2024-11-20,2024-11,2024-W47,Organic,Desktop,/,5,280,0,1,A,0
S02864,U2027,2024-11-20,2024-11,2024-W47,Organic,Mobile,/tutors,1,54,0,1,A,0
S02865,U2028,2024-11-20,2024-11,2024-W47,Social,Desktop,/tutors,2,208,0,1,A,0
S02866,U1307,2024-11-20,2024-11,2024-W47,Organic,Mobile,/,10,239,0,0,A,0
S02867,U2029,2024-11-20,2024-11,2024-W47,Organic,Desktop,/,3,156,0,1,B,0
S02868,U2030,2024-11-20,2024-11,2024-W47,Social,Mobile,/pricing,6,75,0,1,B,0
S02869,U2031,2024-11-20,2024-11,2024-W47,Direct,Mobile,/,7,190,0,1,A,0
S02870,U2032,2024-11-20,2024-11,2024-W47,Organic,Mobile,/services,4,43,0,1,A,0
S02871,U1404,2024-11-20,2024-11,2024-W47,Organic,Desktop,/,1,1248,0,0,B,0
S02872,U2033,2024-11-20,2024-11,2024-W47,Organic,Desktop,/pricing,1,89,0,1,A,0
S02873,U2034,2024-11-20,2024-11,2024-W47,Direct,Desktop,/tutors,3,142,0,1,A,0
S02874,U2035,2024-11-20,2024-11,2024-W47,Organic,Mobile,/tutors,1,112,0,1,A,0
S02875,U0588,2024-11-20,2024-11,2024-W47,Email,Mobile,/tutors,3,248,0,0,B,0
S02876,U1232,2024-11-20,2024-11,2024-W47,Email,Desktop,/pricing,5,33,0,0,B,0
S02877,U0308,2024-11-20,2024-11,2024-W47,Direct,Desktop,/about,4,166,0,0,A,0
S02878,U1695,2024-11-20,2024-11,2024-W47,Organic,Tablet,/,1,207,0,0,B,0
S02879,U2036,2024-11-20,2024-11,2024-W47,Organic,Desktop,/,8,100,0,1,A,0
S02880,U2037,2024-11-20,2024-11,2024-W47,Social,Mobile,/services,4,319,0,1,A,0
S02881,U0559,2024-11-20,2024-11,2024-W47,Organic,Desktop,/,4,439,0,0,B,0
S02882,U1646,2024-11-20,2024-11,2024-W47,Paid,Desktop,/,3,119,0,0,B,0
S02883,U2038,2024-11-20,2024-11,2024-W47,Direct,Mobile,/tutors,2,274,0,1,B,0
S02884,U1480,2024-11-20,2024-11,2024-W47,Organic,Mobile,/,3,108,0,0,B,0
S02885,U1761,2024-11-20,2024-11,2024-W47,Email,Mobile,/services,1,174,0,0,B,0
S02886,U2039,2024-11-20,2024-11,2024-W47,Social,Desktop,/services,5,40,0,1,B,0
S02887,U1957,2024-11-20,2024-11,2024-W47,Paid,Tablet,/,5,105,0,0,B,0
S02888,U2040,2024-11-20,2024-11,2024-W47,Direct,Desktop,/,4,53,0,1,B,0
S02889,U1932,2024-11-20,2024-11,2024-W47,Direct,Mobile,/services,5,732,0,0,B,0
S02890,U2041,2024-11-20,2024-11,2024-W47,Organic,Mobile,/services,6,61,0,1,A,0
S02891,U2042,2024-11-20,2024-11,2024-W47,Paid,Mobile,/,4,221,0,1,B,0
S02892,U1361,2024-11-20,2024-11,2024-W47,Direct,Desktop,/,3,43,0,0,B,0
S02893,U2043,2024-11-20,2024-11,2024-W47,Direct,Desktop,/,1,324,0,1,B,0
S02894,U1812,2024-11-20,2024-11,2024-W47,Direct,Desktop,/,3,160,0,0,B,0
S02895,U2044,2024-11-20,2024-11,2024-W47,Organic,Mobile,/,3,407,0,1,B,0
S02896,U2045,2024-11-20,2024-11,2024-W47,Organic,Desktop,/,4,130,0,1,B,0
S02897,U2046,2024-11-20,2024-11,2024-W47,Organic,Mobile,/about,5,189,0,1,A,0
S02898,U2047,2024-11-20,2024-11,2024-W47,Organic,Desktop,/services,3,240,0,1,A,0
S02899,U0219,2024-11-20,2024-11,2024-W47,Email,Mobile,/services,4,93,0,0,A,0
S02900,U2048,2024-11-20,2024-11,2024-W47,Social,Mobile,/,3,490,0,1,A,0
S02901,U0230,2024-11-20,2024-11,2024-W47,Email,Desktop,/services,6,468,0,0,B,0
S02902,U2049,2024-11-20,2024-11,2024-W47,Email,Mobile,/tutors,3,531,0,1,A,0
S02903,U2050,2024-11-20,2024-11,2024-W47,Organic,Desktop,/services,2,175,0,1,A,0
S02904,U2051,2024-11-21,2024-11,2024-W47,Direct,Tablet,/about,1,159,0,1,B,0
S02905,U2052,2024-11-21,2024-11,2024-W47,Paid,Desktop,/services,3,112,0,1,A,0
S02906,U2053,2024-11-21,2024-11,2024-W47,Direct,Tablet,/pricing,3,187,0,1,B,0
S02907,U2054,2024-11-21,2024-11,2024-W47,Email,Mobile,/pricing,3,236,0,1,A,1
S02908,U2055,2024-11-21,2024-11,2024-W47,Email,Desktop,/about,1,196,0,1,B,0
S02909,U2056,2024-11-21,2024-11,2024-W47,Organic,Desktop,/contact,4,109,0,1,A,0
S02910,U2057,2024-11-21,2024-11,2024-W47,Organic,Desktop,/tutors,2,49,0,1,B,0
S02911,U2058,2024-11-21,2024-11,2024-W47,Email,Desktop,/services,4,254,0,1,A,0
S02912,U2059,2024-11-21,2024-11,2024-W47,Direct,Mobile,/,2,877,0,1,B,0
S02913,U2060,2024-11-21,2024-11,2024-W47,Email,Desktop,/services,11,106,0,1,A,0
S02914,U2061,2024-11-21,2024-11,2024-W47,Social,Desktop,/,5,683,0,1,A,0
S02915,U2062,2024-11-21,2024-11,2024-W47,Direct,Desktop,/services,3,98,0,1,A,0
S02916,U2063,2024-11-21,2024-11,2024-W47,Organic,Tablet,/services,1,144,0,1,A,0
S02917,U2064,2024-11-21,2024-11,2024-W47,Social,Mobile,/about,5,98,0,1,B,0
S02918,U0370,2024-11-21,2024-11,2024-W47,Direct,Desktop,/,2,254,0,0,B,0
S02919,U2065,2024-11-21,2024-11,2024-W47,Organic,Mobile,/,3,187,0,1,B,0
S02920,U2066,2024-11-21,2024-11,2024-W47,Direct,Mobile,/pricing,2,382,0,1,B,0
S02921,U2067,2024-11-21,2024-11,2024-W47,Organic,Desktop,/,4,231,0,1,A,0
S02922,U2068,2024-11-21,2024-11,2024-W47,Organic,Desktop,/pricing,3,187,0,1,A,0
S02923,U2069,2024-11-21,2024-11,2024-W47,Organic,Desktop,/,1,458,0,1,A,0
S02924,U2014,2024-11-21,2024-11,2024-W47,Paid,Mobile,/,3,103,0,0,B,0
S02925,U2070,2024-11-21,2024-11,2024-W47,Direct,Mobile,/pricing,1,80,0,1,B,0
S02926,U2071,2024-11-21,2024-11,2024-W47,Email,Desktop,/services,4,205,0,1,A,0
S02927,U2072,2024-11-21,2024-11,2024-W47,Organic,Mobile,/contact,7,213,0,1,A,0
S02928,U2073,2024-11-21,2024-11,2024-W47,Organic,Mobile,/tutors,3,126,0,1,A,0
S02929,U2074,2024-11-21,2024-11,2024-W47,Email,Desktop,/,4,56,0,1,A,0
S02930,U2075,2024-11-21,2024-11,2024-W47,Organic,Desktop,/about,3,101,0,1,A,0
S02931,U2076,2024-11-21,2024-11,2024-W47,Organic,Mobile,/tutors,6,109,0,1,A,1
S02932,U0753,2024-11-21,2024-11,2024-W47,Direct,Mobile,/services,3,83,0,0,B,0
S02933,U2077,2024-11-21,2024-11,2024-W47,Organic,Desktop,/,4,198,0,1,B,0
S02934,U2078,2024-11-21,2024-11,2024-W47,Social,Mobile,/about,4,1809,0,1,B,0
S02935,U2079,2024-11-21,2024-11,2024-W47,Organic,Desktop,/tutors,4,470,0,1,B,0
S02936,U0533,2024-11-21,2024-11,2024-W47,Paid,Desktop,/,1,87,0,0,B,0
S02937,U2080,2024-11-21,2024-11,2024-W47,Organic,Desktop,/tutors,2,186,0,1,B,0
S02938,U2081,2024-11-21,2024-11,2024-W47,Social,Desktop,/tutors,3,377,0,1,A,0
S02939,U2082,2024-11-21,2024-11,2024-W47,Direct,Desktop,/services,2,57,0,1,A,0
S02940,U2083,2024-11-21,2024-11,2024-W47,Email,Mobile,/tutors,4,33,0,1,A,0
S02941,U2084,2024-11-21,2024-11,2024-W47,Social,Tablet,/,1,295,0,1,B,0
S02942,U2085,2024-11-21,2024-11,2024-W47,Organic,Desktop,/services,4,1229,0,1,A,0
S02943,U2086,2024-11-21,2024-11,2024-W47,Organic,Tablet,/services,1,201,0,1,A,0
S02944,U2087,2024-11-21,2024-11,2024-W47,Email,Desktop,/,5,37,0,1,A,0
S02945,U2088,2024-11-21,2024-11,2024-W47,Organic,Tablet,/contact,4,285,0,1,B,0
S02946,U2089,2024-11-21,2024-11,2024-W47,Paid,Mobile,/about,7,117,0,1,B,0
S02947,U2090,2024-11-21,2024-11,2024-W47,Organic,Desktop,/about,4,57,0,1,B,0
S02948,U0692,2024-11-21,2024-11,2024-W47,Direct,Desktop,/about,3,152,0,0,A,1
S02949,U2091,2024-11-21,2024-11,2024-W47,Organic,Mobile,/pricing,1,32,0,1,B,0
S02950,U1508,2024-11-21,2024-11,2024-W47,Organic,Desktop,/services,5,136,0,0,A,0
S02951,U2092,2024-11-21,2024-11,2024-W47,Social,Mobile,/tutors,3,50,0,1,B,1
S02952,U2093,2024-11-21,2024-11,2024-W47,Organic,Desktop,/tutors,4,105,0,1,B,0
S02953,U2094,2024-11-21,2024-11,2024-W47,Direct,Mobile,/tutors,8,885,0,1,A,0
S02954,U2095,2024-11-21,2024-11,2024-W47,Direct,Desktop,/,5,1228,0,1,B,0
S02955,U1091,2024-11-21,2024-11,2024-W47,Organic,Desktop,/services,8,716,0,0,B,0
S02956,U2096,2024-11-21,2024-11,2024-W47,Direct,Mobile,/,5,63,0,1,A,0
S02957,U2097,2024-11-21,2024-11,2024-W47,Email,Desktop,/services,5,179,0,1,A,0
S02958,U2098,2024-11-21,2024-11,2024-W47,Organic,Desktop,/,4,176,0,1,B,0
S02959,U2099,2024-11-21,2024-11,2024-W47,Direct,Desktop,/pricing,5,229,0,1,B,0
S02960,U2100,2024-11-21,2024-11,2024-W47,Direct,Tablet,/,5,96,0,1,B,0
S02961,U1073,2024-11-21,2024-11,2024-W47,Direct,Tablet,/pricing,2,1129,0,0,A,0
S02962,U2101,2024-11-21,2024-11,2024-W47,Paid,Desktop,/,1,183,0,1,A,0
S02963,U2102,2024-11-21,2024-11,2024-W47,Organic,Mobile,/tutors,5,100,0,1,B,0
S02964,U1921,2024-11-21,2024-11,2024-W47,Social,Desktop,/tutors,3,101,0,0,A,0
S02965,U2103,2024-11-21,2024-11,2024-W47,Email,Desktop,/services,2,67,0,1,B,0
S02966,U2104,2024-11-21,2024-11,2024-W47,Organic,Mobile,/services,4,221,0,1,B,0
S02967,U2105,2024-11-21,2024-11,2024-W47,Direct,Desktop,/,1,43,0,1,A,0
S02968,U0391,2024-11-21,2024-11,2024-W47,Email,Mobile,/,2,151,0,0,B,0
S02969,U0962,2024-11-21,2024-11,2024-W47,Email,Mobile,/tutors,3,106,0,0,B,0
S02970,U2106,2024-11-21,2024-11,2024-W47,Direct,Mobile,/tutors,2,95,0,1,A,0
S02971,U2107,2024-11-21,2024-11,2024-W47,Social,Desktop,/,4,347,0,1,A,0
S02972,U2108,2024-11-21,2024-11,2024-W47,Organic,Desktop,/,1,285,0,1,B,0
S02973,U2067,2024-11-21,2024-11,2024-W47,Direct,Desktop,/,1,733,0,0,A,0
S02974,U2109,2024-11-21,2024-11,2024-W47,Direct,Desktop,/pricing,4,282,0,1,B,0
S02975,U2110,2024-11-22,2024-11,2024-W47,Paid,Desktop,/,4,124,0,1,A,0
S02976,U2111,2024-11-22,2024-11,2024-W47,Organic,Mobile,/,4,472,0,1,A,0
S02977,U2064,2024-11-22,2024-11,2024-W47,Direct,Desktop,/tutors,6,156,0,0,B,0
S02978,U2112,2024-11-22,2024-11,2024-W47,Social,Mobile,/contact,3,54,0,1,B,0
S02979,U1774,2024-11-22,2024-11,2024-W47,Social,Mobile,/about,1,85,0,0,B,0
S02980,U0181,2024-11-22,2024-11,2024-W47,Organic,Desktop,/,6,288,0,0,A,0
S02981,U2113,2024-11-22,2024-11,2024-W47,Direct,Tablet,/tutors,6,62,0,1,B,0
S02982,U1477,2024-11-22,2024-11,2024-W47,Email,Desktop,/services,4,53,0,0,B,0
S02983,U1079,2024-11-22,2024-11,2024-W47,Social,Desktop,/contact,7,63,0,0,B,0
S02984,U2114,2024-11-22,2024-11,2024-W47,Organic,Desktop,/tutors,1,263,0,1,A,0
S02985,U2115,2024-11-22,2024-11,2024-W47,Direct,Desktop,/,3,21,0,1,B,0
S02986,U2116,2024-11-22,2024-11,2024-W47,Direct,Desktop,/pricing,4,76,0,1,A,0
S02987,U2117,2024-11-22,2024-11,2024-W47,Email,Desktop,/pricing,2,90,0,1,A,0
S02988,U2118,2024-11-22,2024-11,2024-W47,Social,Desktop,/pricing,4,691,0,1,B,0
S02989,U2119,2024-11-22,2024-11,2024-W47,Social,Desktop,/services,4,616,0,1,A,1
S02990,U0942,2024-11-22,2024-11,2024-W47,Social,Desktop,/,2,243,0,0,A,0
S02991,U2120,2024-11-22,2024-11,2024-W47,Organic,Desktop,/,5,80,0,1,A,0
S02992,U2121,2024-11-22,2024-11,2024-W47,Social,Desktop,/tutors,1,312,0,1,B,0
S02993,U2122,2024-11-22,2024-11,2024-W47,Organic,Mobile,/pricing,4,465,0,1,A,0
S02994,U2123,2024-11-22,2024-11,2024-W47,Organic,Desktop,/,5,525,0,1,A,0
S02995,U2124,2024-11-22,2024-11,2024-W47,Paid,Mobile,/services,2,493,0,1,B,0
S02996,U0607,2024-11-22,2024-11,2024-W47,Social,Desktop,/tutors,2,125,0,0,B,0
S02997,U1164,2024-11-22,2024-11,2024-W47,Organic,Mobile,/tutors,6,93,0,0,B,0
S02998,U2084,2024-11-22,2024-11,2024-W47,Email,Mobile,/,1,149,0,0,B,0
S02999,U2125,2024-11-22,2024-11,2024-W47,Social,Mobile,/pricing,3,49,0,1,B,0
S03000,U0017,2024-11-22,2024-11,2024-W47,Direct,Desktop,/,3,238,0,0,A,0
S03001,U2126,2024-11-22,2024-11,2024-W47,Organic,Desktop,/,5,42,0,1,B,0
S03002,U2041,2024-11-22,2024-11,2024-W47,Organic,Desktop,/tutors,1,184,0,0,A,0
S03003,U2127,2024-11-22,2024-11,2024-W47,Paid,Desktop,/,4,169,0,1,A,1
S03004,U2128,2024-11-22,2024-11,2024-W47,Direct,Mobile,/pricing,5,191,0,1,A,0
S03005,U2129,2024-11-22,2024-11,2024-W47,Organic,Desktop,/pricing,6,226,0,1,B,0
S03006,U2130,2024-11-22,2024-11,2024-W47,Organic,Desktop,/,1,84,0,1,A,0
S03007,U0333,2024-11-22,2024-11,2024-W47,Direct,Desktop,/,5,166,0,0,B,0
S03008,U2131,2024-11-22,2024-11,2024-W47,Email,Desktop,/services,4,77,0,1,A,0
S03009,U2132,2024-11-22,2024-11,2024-W47,Direct,Tablet,/about,5,153,0,1,A,0
S03010,U2133,2024-11-22,2024-11,2024-W47,Direct,Desktop,/contact,4,134,0,1,B,0
S03011,U1856,2024-11-22,2024-11,2024-W47,Direct,Desktop,/contact,2,121,0,0,A,0
S03012,U2134,2024-11-22,2024-11,2024-W47,Email,Desktop,/tutors,4,85,0,1,A,0
S03013,U2135,2024-11-22,2024-11,2024-W47,Direct,Mobile,/contact,1,115,0,1,A,0
S03014,U0200,2024-11-22,2024-11,2024-W47,Direct,Desktop,/services,2,306,0,0,B,0
S03015,U0228,2024-11-22,2024-11,2024-W47,Email,Desktop,/tutors,5,161,0,0,B,0
S03016,U2136,2024-11-22,2024-11,2024-W47,Direct,Mobile,/pricing,2,120,0,1,A,0
S03017,U1046,2024-11-22,2024-11,2024-W47,Direct,Desktop,/services,2,1119,0,0,B,0
S03018,U2137,2024-11-22,2024-11,2024-W47,Organic,Desktop,/services,3,332,0,1,B,0
S03019,U0853,2024-11-22,2024-11,2024-W47,Organic,Mobile,/pricing,2,75,0,0,B,0
S03020,U2138,2024-11-22,2024-11,2024-W47,Direct,Mobile,/tutors,3,214,0,1,A,0
S03021,U2139,2024-11-22,2024-11,2024-W47,Organic,Mobile,/about,4,462,0,1,A,0
S03022,U2011,2024-11-22,2024-11,2024-W47,Direct,Tablet,/about,2,50,0,0,A,0
S03023,U2140,2024-11-22,2024-11,2024-W47,Email,Desktop,/,4,270,0,1,B,0
S03024,U2141,2024-11-22,2024-11,2024-W47,Social,Desktop,/tutors,3,122,0,1,B,0
S03025,U2142,2024-11-22,2024-11,2024-W47,Social,Desktop,/contact,4,139,0,1,A,0
S03026,U2143,2024-11-22,2024-11,2024-W47,Organic,Mobile,/about,3,471,0,1,B,0
S03027,U2144,2024-11-22,2024-11,2024-W47,Direct,Desktop,/pricing,3,67,0,1,A,0
S03028,U1733,2024-11-22,2024-11,2024-W47,Social,Desktop,/tutors,5,501,0,0,A,0
S03029,U2145,2024-11-22,2024-11,2024-W47,Social,Mobile,/pricing,4,137,0,1,A,0
S03030,U1745,2024-11-22,2024-11,2024-W47,Direct,Desktop,/tutors,2,342,0,0,B,0
S03031,U2146,2024-11-22,2024-11,2024-W47,Direct,Desktop,/services,4,94,0,1,A,0
S03032,U2147,2024-11-22,2024-11,2024-W47,Organic,Mobile,/services,6,421,0,1,A,0
S03033,U2148,2024-11-22,2024-11,2024-W47,Email,Mobile,/services,4,79,0,1,A,0
S03034,U2149,2024-11-22,2024-11,2024-W47,Organic,Mobile,/about,2,93,0,1,B,0
S03035,U1918,2024-11-22,2024-11,2024-W47,Organic,Desktop,/pricing,6,140,0,0,A,0
S03036,U2150,2024-11-22,2024-11,2024-W47,Organic,Mobile,/,5,137,0,1,A,0
S03037,U0524,2024-11-22,2024-11,2024-W47,Direct,Mobile,/services,3,78,0,0,B,0
S03038,U2151,2024-11-22,2024-11,2024-W47,Email,Desktop,/,3,73,0,1,A,0
S03039,U2152,2024-11-22,2024-11,2024-W47,Organic,Desktop,/,5,87,0,1,A,0
S03040,U2153,2024-11-22,2024-11,2024-W47,Direct,Tablet,/,7,239,0,1,B,0
S03041,U2154,2024-11-22,2024-11,2024-W47,Direct,Desktop,/tutors,4,72,0,1,A,0
S03042,U2155,2024-11-22,2024-11,2024-W47,Email,Desktop,/services,3,39,0,1,B,0
S03043,U2156,2024-11-22,2024-11,2024-W47,Direct,Tablet,/services,3,262,0,1,A,0
S03044,U2157,2024-11-22,2024-11,2024-W47,Email,Mobile,/,2,314,0,1,B,0
S03045,U2158,2024-11-22,2024-11,2024-W47,Organic,Desktop,/contact,4,257,0,1,B,1
S03046,U2159,2024-11-22,2024-11,2024-W47,Organic,Mobile,/,4,303,0,1,A,0
S03047,U2160,2024-11-22,2024-11,2024-W47,Direct,Tablet,/contact,4,326,0,1,B,0
S03048,U1705,2024-11-22,2024-11,2024-W47,Paid,Mobile,/pricing,3,185,0,0,B,0
S03049,U1864,2024-11-22,2024-11,2024-W47,Organic,Desktop,/,3,255,0,0,A,0
S03050,U2161,2024-11-22,2024-11,2024-W47,Direct,Desktop,/tutors,2,162,0,1,B,0
S03051,U2162,2024-11-22,2024-11,2024-W47,Organic,Desktop,/services,3,450,0,1,B,0
S03052,U2163,2024-11-22,2024-11,2024-W47,Social,Desktop,/,3,141,0,1,A,0
S03053,U1063,2024-11-22,2024-11,2024-W47,Organic,Desktop,/services,5,140,0,0,B,0
S03054,U0074,2024-11-22,2024-11,2024-W47,Social,Desktop,/services,1,48,0,0,A,1
S03055,U0704,2024-11-22,2024-11,2024-W47,Organic,Desktop,/services,4,349,0,0,A,0
S03056,U2164,2024-11-22,2024-11,2024-W47,Organic,Desktop,/,2,73,0,1,B,0
S03057,U2165,2024-11-23,2024-11,2024-W47,Paid,Desktop,/contact,8,955,0,1,B,0
S03058,U2166,2024-11-23,2024-11,2024-W47,Organic,Desktop,/tutors,3,118,0,1,B,0
S03059,U2167,2024-11-23,2024-11,2024-W47,Paid,Desktop,/pricing,1,233,0,1,A,0
S03060,U2168,2024-11-23,2024-11,2024-W47,Social,Desktop,/services,5,283,0,1,A,0
S03061,U2169,2024-11-23,2024-11,2024-W47,Paid,Desktop,/,4,101,0,1,B,0
S03062,U0554,2024-11-23,2024-11,2024-W47,Organic,Mobile,/,5,73,0,0,A,1
S03063,U0066,2024-11-23,2024-11,2024-W47,Organic,Desktop,/,4,104,0,0,B,0
S03064,U0110,2024-11-23,2024-11,2024-W47,Organic,Desktop,/,5,86,0,0,B,0
S03065,U2170,2024-11-23,2024-11,2024-W47,Direct,Mobile,/,1,637,0,1,A,0
S03066,U2171,2024-11-23,2024-11,2024-W47,Email,Mobile,/,1,325,0,1,B,0
S03067,U2172,2024-11-23,2024-11,2024-W47,Organic,Desktop,/,2,259,0,1,A,0
S03068,U2173,2024-11-23,2024-11,2024-W47,Organic,Mobile,/services,2,186,0,1,A,0
S03069,U2174,2024-11-23,2024-11,2024-W47,Organic,Mobile,/services,3,35,0,1,A,1
S03070,U0625,2024-11-23,2024-11,2024-W47,Organic,Desktop,/,4,138,0,0,A,0
S03071,U2175,2024-11-23,2024-11,2024-W47,Direct,Mobile,/,2,496,0,1,A,0
S03072,U1842,2024-11-23,2024-11,2024-W47,Direct,Desktop,/about,6,693,0,0,B,0
S03073,U1605,2024-11-23,2024-11,2024-W47,Direct,Mobile,/services,4,161,0,0,A,0
S03074,U1769,2024-11-23,2024-11,2024-W47,Direct,Mobile,/,4,219,0,0,A,0
S03075,U2176,2024-11-23,2024-11,2024-W47,Email,Desktop,/,6,60,0,1,B,0
S03076,U2177,2024-11-23,2024-11,2024-W47,Social,Mobile,/pricing,1,69,0,1,A,0
S03077,U1997,2024-11-23,2024-11,2024-W47,Direct,Mobile,/pricing,1,125,0,0,A,0
S03078,U2178,2024-11-23,2024-11,2024-W47,Organic,Desktop,/services,2,326,0,1,B,0
S03079,U2179,2024-11-23,2024-11,2024-W47,Organic,Mobile,/tutors,3,191,0,1,A,0
S03080,U2180,2024-11-23,2024-11,2024-W47,Direct,Mobile,/,4,214,0,1,B,0
S03081,U0078,2024-11-23,2024-11,2024-W47,Direct,Desktop,/pricing,2,145,0,0,B,0
S03082,U2181,2024-11-23,2024-11,2024-W47,Paid,Mobile,/services,3,103,0,1,B,1
S03083,U2182,2024-11-23,2024-11,2024-W47,Organic,Mobile,/pricing,4,356,0,1,B,0
S03084,U2183,2024-11-23,2024-11,2024-W47,Direct,Mobile,/services,2,42,0,1,A,0
S03085,U2184,2024-11-23,2024-11,2024-W47,Direct,Mobile,/pricing,3,365,0,1,A,0
S03086,U2185,2024-11-23,2024-11,2024-W47,Paid,Mobile,/services,3,67,0,1,A,1
S03087,U0788,2024-11-23,2024-11,2024-W47,Organic,Desktop,/services,3,150,0,0,A,0
S03088,U2186,2024-11-23,2024-11,2024-W47,Direct,Desktop,/pricing,1,428,0,1,A,0
S03089,U2187,2024-11-23,2024-11,2024-W47,Social,Desktop,/,4,422,0,1,A,0
S03090,U2188,2024-11-23,2024-11,2024-W47,Organic,Mobile,/tutors,2,229,0,1,A,0
S03091,U2189,2024-11-23,2024-11,2024-W47,Organic,Mobile,/pricing,4,58,0,1,A,0
S03092,U2190,2024-11-23,2024-11,2024-W47,Social,Desktop,/,2,69,0,1,B,0
S03093,U2191,2024-11-23,2024-11,2024-W47,Direct,Desktop,/pricing,4,143,0,1,B,0
S03094,U2192,2024-11-23,2024-11,2024-W47,Direct,Desktop,/,2,66,0,1,A,0
S03095,U2193,2024-11-23,2024-11,2024-W47,Paid,Desktop,/tutors,3,640,0,1,B,0
S03096,U2194,2024-11-23,2024-11,2024-W47,Direct,Desktop,/pricing,5,120,0,1,A,0
S03097,U0354,2024-11-23,2024-11,2024-W47,Direct,Mobile,/services,1,131,0,0,A,0
S03098,U0818,2024-11-23,2024-11,2024-W47,Organic,Desktop,/,4,191,0,0,A,0
S03099,U2195,2024-11-23,2024-11,2024-W47,Direct,Mobile,/,3,32,0,1,B,0
S03100,U2196,2024-11-23,2024-11,2024-W47,Organic,Desktop,/,7,91,0,1,A,0
S03101,U0193,2024-11-23,2024-11,2024-W47,Email,Tablet,/pricing,4,150,0,0,B,0
S03102,U2197,2024-11-23,2024-11,2024-W47,Direct,Desktop,/services,2,155,0,1,B,0
S03103,U2198,2024-11-23,2024-11,2024-W47,Organic,Tablet,/contact,1,65,0,1,B,0
S03104,U2199,2024-11-23,2024-11,2024-W47,Organic,Desktop,/tutors,5,96,0,1,B,0
S03105,U2200,2024-11-23,2024-11,2024-W47,Paid,Desktop,/contact,2,108,0,1,B,0
S03106,U0929,2024-11-23,2024-11,2024-W47,Direct,Desktop,/tutors,3,231,0,0,A,0
S03107,U1057,2024-11-23,2024-11,2024-W47,Social,Mobile,/,6,85,0,0,A,0
S03108,U2201,2024-11-23,2024-11,2024-W47,Direct,Desktop,/tutors,2,142,0,1,B,0
S03109,U2202,2024-11-23,2024-11,2024-W47,Organic,Mobile,/tutors,4,255,0,1,A,0
S03110,U2203,2024-11-23,2024-11,2024-W47,Direct,Desktop,/services,4,107,0,1,B,0
S03111,U2204,2024-11-23,2024-11,2024-W47,Organic,Desktop,/contact,2,335,0,1,A,0
S03112,U0207,2024-11-23,2024-11,2024-W47,Organic,Desktop,/pricing,7,310,0,0,B,0
S03113,U2205,2024-11-23,2024-11,2024-W47,Organic,Mobile,/services,1,133,0,1,A,0
S03114,U2206,2024-11-23,2024-11,2024-W47,Social,Mobile,/tutors,1,173,0,1,A,0
S03115,U0418,2024-11-23,2024-11,2024-W47,Organic,Desktop,/about,6,381,0,0,B,0
S03116,U0432,2024-11-23,2024-11,2024-W47,Email,Desktop,/services,4,232,0,0,B,0
S03117,U0842,2024-11-24,2024-11,2024-W47,Organic,Desktop,/pricing,5,130,0,0,A,0
S03118,U1197,2024-11-24,2024-11,2024-W47,Email,Desktop,/contact,4,327,0,0,B,0
S03119,U2207,2024-11-24,2024-11,2024-W47,Direct,Tablet,/,2,327,0,1,B,0
S03120,U2208,2024-11-24,2024-11,2024-W47,Direct,Mobile,/services,1,277,0,1,A,0
S03121,U2209,2024-11-24,2024-11,2024-W47,Direct,Desktop,/tutors,1,792,0,1,A,0
S03122,U0827,2024-11-24,2024-11,2024-W47,Social,Desktop,/,2,182,0,0,A,0
S03123,U2210,2024-11-24,2024-11,2024-W47,Social,Mobile,/services,5,99,0,1,B,0
S03124,U1941,2024-11-24,2024-11,2024-W47,Direct,Desktop,/pricing,4,127,0,0,A,0
S03125,U2211,2024-11-24,2024-11,2024-W47,Social,Desktop,/pricing,4,369,0,1,A,0
S03126,U2212,2024-11-24,2024-11,2024-W47,Email,Mobile,/tutors,2,470,0,1,A,0
S03127,U2213,2024-11-24,2024-11,2024-W47,Email,Desktop,/,3,398,0,1,B,0
S03128,U2170,2024-11-24,2024-11,2024-W47,Paid,Mobile,/tutors,1,172,0,0,A,0
S03129,U1757,2024-11-24,2024-11,2024-W47,Organic,Mobile,/services,6,96,0,0,A,0
S03130,U2214,2024-11-24,2024-11,2024-W47,Social,Mobile,/pricing,1,150,0,1,A,0
S03131,U2215,2024-11-24,2024-11,2024-W47,Organic,Desktop,/,2,50,0,1,A,0
S03132,U2216,2024-11-24,2024-11,2024-W47,Direct,Desktop,/services,5,134,0,1,B,1
S03133,U0041,2024-11-24,2024-11,2024-W47,Organic,Mobile,/,4,177,0,0,B,0
S03134,U2217,2024-11-24,2024-11,2024-W47,Social,Desktop,/pricing,6,72,0,1,A,0
S03135,U2218,2024-11-24,2024-11,2024-W47,Direct,Mobile,/services,3,193,0,1,A,0
S03136,U2219,2024-11-24,2024-11,2024-W47,Email,Desktop,/services,4,235,0,1,B,0
S03137,U2220,2024-11-24,2024-11,2024-W47,Direct,Desktop,/services,5,335,0,1,B,1
S03138,U2221,2024-11-24,2024-11,2024-W47,Social,Mobile,/,1,72,0,1,B,0
S03139,U2222,2024-11-24,2024-11,2024-W47,Organic,Mobile,/services,4,64,0,1,B,0
S03140,U2223,2024-11-24,2024-11,2024-W47,Social,Desktop,/tutors,4,473,0,1,B,0
S03141,U2224,2024-11-24,2024-11,2024-W47,Organic,Desktop,/tutors,3,84,0,1,A,0
S03142,U2225,2024-11-24,2024-11,2024-W47,Organic,Desktop,/pricing,3,259,0,1,A,0
S03143,U2226,2024-11-24,2024-11,2024-W47,Social,Tablet,/tutors,3,411,0,1,B,0
S03144,U2227,2024-11-24,2024-11,2024-W47,Direct,Desktop,/pricing,1,155,0,1,B,0
S03145,U2228,2024-11-24,2024-11,2024-W47,Organic,Mobile,/pricing,4,160,0,1,A,0
S03146,U2229,2024-11-24,2024-11,2024-W47,Organic,Desktop,/about,2,147,0,1,B,0
S03147,U1655,2024-11-24,2024-11,2024-W47,Paid,Desktop,/pricing,2,496,0,0,B,0
S03148,U1812,2024-11-24,2024-11,2024-W47,Email,Desktop,/pricing,2,290,0,0,B,0
S03149,U2230,2024-11-24,2024-11,2024-W47,Organic,Mobile,/,1,144,0,1,B,0
S03150,U2231,2024-11-24,2024-11,2024-W47,Direct,Mobile,/,3,283,0,1,B,0
S03151,U2232,2024-11-24,2024-11,2024-W47,Email,Mobile,/pricing,1,56,0,1,B,1
S03152,U2233,2024-11-24,2024-11,2024-W47,Social,Mobile,/services,2,273,0,1,A,0
S03153,U2234,2024-11-24,2024-11,2024-W47,Organic,Mobile,/,3,709,0,1,A,0
S03154,U2235,2024-11-24,2024-11,2024-W47,Direct,Desktop,/,4,456,0,1,A,0
S03155,U1279,2024-11-24,2024-11,2024-W47,Direct,Mobile,/,1,838,0,0,B,0
S03156,U2236,2024-11-24,2024-11,2024-W47,Organic,Mobile,/,3,76,0,1,A,0
S03157,U2212,2024-11-24,2024-11,2024-W47,Direct,Desktop,/tutors,8,43,0,0,A,0
S03158,U1245,2024-11-24,2024-11,2024-W47,Organic,Mobile,/,3,382,0,0,A,0
S03159,U2237,2024-11-24,2024-11,2024-W47,Direct,Desktop,/tutors,3,70,0,1,B,0
S03160,U1528,2024-11-24,2024-11,2024-W47,Organic,Desktop,/,5,129,0,0,A,0
S03161,U2238,2024-11-24,2024-11,2024-W47,Organic,Mobile,/,2,114,0,1,B,0
S03162,U2239,2024-11-24,2024-11,2024-W47,Organic,Mobile,/pricing,2,126,0,1,A,0
S03163,U2240,2024-11-24,2024-11,2024-W47,Direct,Mobile,/,3,51,0,1,B,0
S03164,U1389,2024-11-24,2024-11,2024-W47,Organic,Tablet,/tutors,4,144,0,0,B,0
S03165,U2241,2024-11-24,2024-11,2024-W47,Email,Mobile,/,3,415,0,1,B,0
S03166,U2242,2024-11-24,2024-11,2024-W47,Organic,Mobile,/pricing,3,415,0,1,A,0
S03167,U2243,2024-11-24,2024-11,2024-W47,Social,Mobile,/,3,99,0,1,A,0
S03168,U2244,2024-11-24,2024-11,2024-W47,Social,Desktop,/about,3,566,0,1,A,0
S03169,U0574,2024-11-24,2024-11,2024-W47,Email,Mobile,/pricing,4,83,0,0,A,0
S03170,U2245,2024-11-24,2024-11,2024-W47,Paid,Desktop,/,4,284,0,1,A,0
S03171,U2246,2024-11-24,2024-11,2024-W47,Paid,Mobile,/tutors,1,422,0,1,A,0
S03172,U2247,2024-11-24,2024-11,2024-W47,Organic,Desktop,/contact,2,232,0,1,A,0
S03173,U1744,2024-11-24,2024-11,2024-W47,Organic,Desktop,/services,2,902,0,0,A,0
S03174,U0255,2024-11-24,2024-11,2024-W47,Email,Mobile,/services,1,254,0,0,A,0
S03175,U0880,2024-11-24,2024-11,2024-W47,Organic,Mobile,/,4,76,0,0,B,0
S03176,U2248,2024-11-24,2024-11,2024-W47,Organic,Mobile,/tutors,5,26,0,1,A,0
S03177,U2249,2024-11-24,2024-11,2024-W47,Organic,Desktop,/,5,141,0,1,A,0
S03178,U2250,2024-11-24,2024-11,2024-W47,Organic,Mobile,/contact,1,193,0,1,B,0
S03179,U2251,2024-11-24,2024-11,2024-W47,Social,Mobile,/,2,249,0,1,A,0
S03180,U2252,2024-11-24,2024-11,2024-W47,Social,Desktop,/,1,288,0,1,A,0
S03181,U2253,2024-11-24,2024-11,2024-W47,Social,Mobile,/services,12,233,0,1,A,0
S03182,U2254,2024-11-24,2024-11,2024-W47,Organic,Desktop,/contact,4,1824,0,1,A,0
S03183,U1875,2024-11-24,2024-11,2024-W47,Email,Mobile,/tutors,3,469,0,0,B,1
S03184,U2255,2024-11-24,2024-11,2024-W47,Direct,Desktop,/services,2,228,0,1,A,0
S03185,U0871,2024-11-24,2024-11,2024-W47,Direct,Mobile,/,3,199,0,0,B,0
S03186,U0643,2024-11-24,2024-11,2024-W47,Direct,Desktop,/tutors,5,242,0,0,B,0
S03187,U2256,2024-11-24,2024-11,2024-W47,Organic,Desktop,/about,4,201,0,1,A,0
S03188,U2257,2024-11-24,2024-11,2024-W47,Email,Mobile,/pricing,2,622,0,1,A,0
S03189,U1187,2024-11-24,2024-11,2024-W47,Paid,Mobile,/services,4,192,0,0,B,1
S03190,U1522,2024-11-24,2024-11,2024-W47,Paid,Desktop,/services,3,96,0,0,A,0
S03191,U2258,2024-11-24,2024-11,2024-W47,Email,Desktop,/tutors,1,202,0,1,B,0
S03192,U0586,2024-11-24,2024-11,2024-W47,Social,Desktop,/,2,142,0,0,B,0
S03193,U2259,2024-11-24,2024-11,2024-W47,Direct,Mobile,/services,4,230,0,1,A,0
S03194,U2260,2024-11-24,2024-11,2024-W47,Direct,Desktop,/,1,142,0,1,A,0
S03195,U2003,2024-11-24,2024-11,2024-W47,Organic,Mobile,/contact,2,130,0,0,B,1
S03196,U2261,2024-11-24,2024-11,2024-W47,Organic,Desktop,/about,1,173,0,1,A,0
S03197,U1971,2024-11-24,2024-11,2024-W47,Organic,Tablet,/tutors,4,226,0,0,B,0
S03198,U2262,2024-11-24,2024-11,2024-W47,Organic,Desktop,/,2,82,0,1,A,0
S03199,U2263,2024-11-24,2024-11,2024-W47,Direct,Desktop,/tutors,3,84,0,1,A,0
S03200,U2264,2024-11-25,2024-11,2024-W48,Organic,Desktop,/,2,150,0,1,B,0
S03201,U2265,2024-11-25,2024-11,2024-W48,Organic,Desktop,/pricing,2,330,0,1,A,0
S03202,U2266,2024-11-25,2024-11,2024-W48,Direct,Desktop,/tutors,4,158,0,1,B,0
S03203,U2267,2024-11-25,2024-11,2024-W48,Social,Tablet,/,4,84,0,1,A,0
S03204,U2268,2024-11-25,2024-11,2024-W48,Direct,Tablet,/,8,392,0,1,A,0
S03205,U2269,2024-11-25,2024-11,2024-W48,Organic,Desktop,/tutors,4,66,0,1,A,0
S03206,U1620,2024-11-25,2024-11,2024-W48,Organic,Desktop,/services,3,435,0,0,A,0
S03207,U1815,2024-11-25,2024-11,2024-W48,Social,Tablet,/services,1,117,0,0,A,0
S03208,U2270,2024-11-25,2024-11,2024-W48,Email,Mobile,/,4,130,0,1,B,0
S03209,U2271,2024-11-25,2024-11,2024-W48,Organic,Desktop,/tutors,4,43,0,1,A,0
S03210,U2272,2024-11-25,2024-11,2024-W48,Organic,Desktop,/,2,224,0,1,A,0
S03211,U2273,2024-11-25,2024-11,2024-W48,Organic,Tablet,/services,5,215,0,1,B,0
S03212,U2274,2024-11-25,2024-11,2024-W48,Organic,Desktop,/pricing,1,736,0,1,A,0
S03213,U2275,2024-11-25,2024-11,2024-W48,Organic,Mobile,/tutors,2,201,0,1,B,0
S03214,U2138,2024-11-25,2024-11,2024-W48,Direct,Desktop,/services,5,1012,0,0,A,0
S03215,U2276,2024-11-25,2024-11,2024-W48,Organic,Tablet,/about,4,84,0,1,B,0
S03216,U2179,2024-11-25,2024-11,2024-W48,Direct,Desktop,/,1,46,0,0,A,0
S03217,U0843,2024-11-25,2024-11,2024-W48,Direct,Desktop,/pricing,1,272,0,0,A,0
S03218,U2277,2024-11-25,2024-11,2024-W48,Direct,Desktop,/services,3,1227,0,1,A,0
S03219,U2278,2024-11-25,2024-11,2024-W48,Direct,Desktop,/tutors,2,471,0,1,B,0
S03220,U2279,2024-11-25,2024-11,2024-W48,Organic,Mobile,/pricing,1,569,0,1,A,0
S03221,U0096,2024-11-25,2024-11,2024-W48,Email,Mobile,/,6,248,0,0,B,0
S03222,U0099,2024-11-25,2024-11,2024-W48,Organic,Desktop,/pricing,3,317,0,0,B,0
S03223,U2280,2024-11-25,2024-11,2024-W48,Direct,Desktop,/,1,382,0,1,A,0
S03224,U0407,2024-11-25,2024-11,2024-W48,Email,Mobile,/tutors,1,136,0,0,B,0
S03225,U0749,2024-11-25,2024-11,2024-W48,Email,Desktop,/pricing,1,241,0,0,A,0
S03226,U1257,2024-11-25,2024-11,2024-W48,Direct,Desktop,/,3,60,0,0,B,0
S03227,U2281,2024-11-25,2024-11,2024-W48,Direct,Mobile,/,5,1099,0,1,A,0
S03228,U2282,2024-11-25,2024-11,2024-W48,Organic,Mobile,/about,5,506,0,1,B,0
S03229,U2283,2024-11-25,2024-11,2024-W48,Organic,Desktop,/services,3,214,0,1,B,0
S03230,U0584,2024-11-25,2024-11,2024-W48,Organic,Mobile,/,1,25,1,0,A,0
S03231,U2284,2024-11-25,2024-11,2024-W48,Social,Desktop,/contact,3,46,0,1,B,0
S03232,U2285,2024-11-25,2024-11,2024-W48,Direct,Mobile,/tutors,2,50,0,1,A,0
S03233,U0969,2024-11-25,2024-11,2024-W48,Paid,Desktop,/,5,156,0,0,B,0
S03234,U2286,2024-11-25,2024-11,2024-W48,Organic,Desktop,/pricing,4,278,0,1,B,0
S03235,U0249,2024-11-25,2024-11,2024-W48,Organic,Mobile,/,3,228,0,0,B,0
S03236,U2287,2024-11-25,2024-11,2024-W48,Direct,Mobile,/services,3,121,0,1,B,0
S03237,U0958,2024-11-25,2024-11,2024-W48,Social,Desktop,/,3,788,0,0,B,0
S03238,U2270,2024-11-25,2024-11,2024-W48,Social,Mobile,/pricing,3,125,0,0,B,0
S03239,U2288,2024-11-25,2024-11,2024-W48,Email,Mobile,/pricing,3,115,0,1,B,0
S03240,U2289,2024-11-25,2024-11,2024-W48,Paid,Desktop,/,1,86,0,1,B,0
S03241,U2290,2024-11-25,2024-11,2024-W48,Email,Mobile,/pricing,5,198,0,1,A,0
S03242,U2050,2024-11-25,2024-11,2024-W48,Organic,Desktop,/,2,89,0,0,A,0
S03243,U2291,2024-11-25,2024-11,2024-W48,Email,Mobile,/,4,154,0,1,B,0
S03244,U2292,2024-11-25,2024-11,2024-W48,Organic,Desktop,/,4,132,0,1,B,0
S03245,U2293,2024-11-25,2024-11,2024-W48,Social,Mobile,/,2,57,0,1,B,0
S03246,U2294,2024-11-25,2024-11,2024-W48,Organic,Desktop,/services,3,56,0,1,B,0
S03247,U1904,2024-11-25,2024-11,2024-W48,Email,Desktop,/pricing,3,158,0,0,A,0
S03248,U2295,2024-11-25,2024-11,2024-W48,Organic,Desktop,/,2,115,0,1,A,0
S03249,U0247,2024-11-25,2024-11,2024-W48,Organic,Desktop,/,3,385,0,0,B,0
S03250,U2296,2024-11-25,2024-11,2024-W48,Direct,Desktop,/services,2,276,0,1,A,0
S03251,U2297,2024-11-25,2024-11,2024-W48,Paid,Desktop,/,4,81,0,1,B,0
S03252,U2298,2024-11-25,2024-11,2024-W48,Organic,Tablet,/tutors,1,94,0,1,A,0
S03253,U2299,2024-11-25,2024-11,2024-W48,Direct,Tablet,/,4,129,0,1,B,0
S03254,U2188,2024-11-25,2024-11,2024-W48,Direct,Mobile,/,2,252,0,0,A,0
S03255,U2300,2024-11-25,2024-11,2024-W48,Social,Desktop,/,3,1144,0,1,B,0
S03256,U0573,2024-11-25,2024-11,2024-W48,Organic,Desktop,/pricing,2,279,0,0,A,0
S03257,U2301,2024-11-25,2024-11,2024-W48,Organic,Mobile,/about,2,70,0,1,B,0
S03258,U2068,2024-11-25,2024-11,2024-W48,Direct,Mobile,/,2,471,0,0,A,0
S03259,U2302,2024-11-25,2024-11,2024-W48,Social,Mobile,/,3,84,0,1,B,0
S03260,U2303,2024-11-25,2024-11,2024-W48,Organic,Desktop,/,4,191,0,1,A,0
S03261,U2304,2024-11-25,2024-11,2024-W48,Email,Mobile,/,1,58,0,1,B,0
S03262,U1318,2024-11-25,2024-11,2024-W48,Direct,Desktop,/pricing,4,75,0,0,A,0
S03263,U2305,2024-11-25,2024-11,2024-W48,Direct,Desktop,/tutors,4,85,0,1,A,0
S03264,U0548,2024-11-25,2024-11,2024-W48,Email,Desktop,/tutors,3,810,0,0,A,0
S03265,U1952,2024-11-25,2024-11,2024-W48,Social,Mobile,/,3,418,0,0,B,1
S03266,U0711,2024-11-25,2024-11,2024-W48,Organic,Desktop,/,2,258,0,0,B,0
S03267,U2306,2024-11-25,2024-11,2024-W48,Direct,Mobile,/tutors,3,219,0,1,A,0
S03268,U2307,2024-11-25,2024-11,2024-W48,Direct,Mobile,/,5,225,0,1,A,0
S03269,U2308,2024-11-25,2024-11,2024-W48,Organic,Desktop,/,4,153,0,1,B,0
S03270,U0127,2024-11-25,2024-11,2024-W48,Email,Desktop,/tutors,4,139,0,0,B,0
S03271,U2309,2024-11-25,2024-11,2024-W48,Organic,Desktop,/,9,410,0,1,A,0
S03272,U1542,2024-11-25,2024-11,2024-W48,Social,Mobile,/,2,407,0,0,B,0
S03273,U2310,2024-11-25,2024-11,2024-W48,Direct,Desktop,/tutors,5,29,0,1,B,0
S03274,U2311,2024-11-25,2024-11,2024-W48,Organic,Mobile,/,4,235,0,1,A,0
S03275,U1896,2024-11-25,2024-11,2024-W48,Organic,Desktop,/,1,405,0,0,B,0
S03276,U0039,2024-11-25,2024-11,2024-W48,Organic,Desktop,/about,5,353,0,0,A,0
S03277,U1152,2024-11-25,2024-11,2024-W48,Organic,Desktop,/tutors,7,140,0,0,A,0
S03278,U2312,2024-11-25,2024-11,2024-W48,Email,Mobile,/tutors,1,106,0,1,B,0
S03279,U2313,2024-11-25,2024-11,2024-W48,Social,Desktop,/services,3,42,0,1,B,0
S03280,U2314,2024-11-25,2024-11,2024-W48,Social,Desktop,/,4,66,0,1,B,0
S03281,U2315,2024-11-25,2024-11,2024-W48,Direct,Mobile,/,4,125,0,1,B,0
S03282,U2019,2024-11-25,2024-11,2024-W48,Direct,Desktop,/,3,166,0,0,B,0
S03283,U2316,2024-11-25,2024-11,2024-W48,Direct,Desktop,/,1,77,0,1,B,0
S03284,U1623,2024-11-26,2024-11,2024-W48,Direct,Desktop,/pricing,6,830,0,0,B,0
S03285,U2050,2024-11-26,2024-11,2024-W48,Social,Desktop,/services,4,226,0,0,A,0
S03286,U2317,2024-11-26,2024-11,2024-W48,Direct,Mobile,/services,4,165,0,1,A,0
S03287,U2318,2024-11-26,2024-11,2024-W48,Social,Desktop,/,1,111,0,1,A,0
S03288,U2319,2024-11-26,2024-11,2024-W48,Email,Desktop,/contact,4,361,0,1,B,1
S03289,U0267,2024-11-26,2024-11,2024-W48,Organic,Desktop,/services,7,571,0,0,A,0
S03290,U2320,2024-11-26,2024-11,2024-W48,Social,Desktop,/services,4,72,0,1,B,0
S03291,U2321,2024-11-26,2024-11,2024-W48,Social,Tablet,/tutors,1,168,0,1,B,0
S03292,U0095,2024-11-26,2024-11,2024-W48,Organic,Mobile,/pricing,3,624,0,0,B,0
S03293,U2322,2024-11-26,2024-11,2024-W48,Direct,Mobile,/services,2,90,0,1,B,0
S03294,U2295,2024-11-26,2024-11,2024-W48,Organic,Mobile,/pricing,4,112,0,0,A,0
S03295,U1750,2024-11-26,2024-11,2024-W48,Organic,Desktop,/,1,54,0,0,A,0
S03296,U2323,2024-11-26,2024-11,2024-W48,Direct,Mobile,/,6,221,0,1,B,1
S03297,U2324,2024-11-26,2024-11,2024-W48,Organic,Desktop,/about,3,59,0,1,A,0
S03298,U2325,2024-11-26,2024-11,2024-W48,Social,Mobile,/about,1,365,0,1,A,0
S03299,U2326,2024-11-26,2024-11,2024-W48,Organic,Desktop,/services,3,45,0,1,A,0
S03300,U2327,2024-11-26,2024-11,2024-W48,Organic,Mobile,/services,2,237,0,1,B,0
S03301,U2328,2024-11-26,2024-11,2024-W48,Organic,Desktop,/contact,4,126,0,1,B,0
S03302,U1721,2024-11-26,2024-11,2024-W48,Email,Mobile,/,5,371,0,0,B,0
S03303,U2329,2024-11-26,2024-11,2024-W48,Social,Desktop,/tutors,4,33,0,1,A,0
S03304,U2330,2024-11-26,2024-11,2024-W48,Organic,Desktop,/services,1,200,0,1,A,0
S03305,U2331,2024-11-26,2024-11,2024-W48,Direct,Desktop,/contact,2,130,0,1,B,0
S03306,U1736,2024-11-26,2024-11,2024-W48,Organic,Desktop,/,3,233,0,0,B,0
S03307,U2332,2024-11-26,2024-11,2024-W48,Email,Desktop,/tutors,4,181,0,1,A,0
S03308,U2333,2024-11-26,2024-11,2024-W48,Paid,Mobile,/,1,73,0,1,A,0
S03309,U2334,2024-11-26,2024-11,2024-W48,Paid,Tablet,/,2,326,0,1,B,1
S03310,U2335,2024-11-26,2024-11,2024-W48,Direct,Mobile,/services,2,72,0,1,B,1
S03311,U2336,2024-11-26,2024-11,2024-W48,Email,Mobile,/services,3,1411,0,1,A,0
S03312,U2337,2024-11-26,2024-11,2024-W48,Organic,Desktop,/pricing,5,246,0,1,A,0
S03313,U2338,2024-11-26,2024-11,2024-W48,Organic,Mobile,/,1,103,0,1,A,0
S03314,U2339,2024-11-26,2024-11,2024-W48,Direct,Desktop,/tutors,2,139,0,1,B,0
S03315,U2340,2024-11-26,2024-11,2024-W48,Organic,Desktop,/,3,78,0,1,B,0
S03316,U1797,2024-11-26,2024-11,2024-W48,Organic,Mobile,/contact,3,96,0,0,B,0
S03317,U2341,2024-11-26,2024-11,2024-W48,Organic,Mobile,/,1,386,0,1,B,0
S03318,U0249,2024-11-26,2024-11,2024-W48,Paid,Tablet,/,3,137,0,0,B,0
S03319,U2342,2024-11-26,2024-11,2024-W48,Paid,Desktop,/,3,142,0,1,A,0
S03320,U2343,2024-11-26,2024-11,2024-W48,Organic,Desktop,/,4,132,0,1,B,0
S03321,U1811,2024-11-26,2024-11,2024-W48,Email,Mobile,/tutors,3,83,0,0,B,1
S03322,U2344,2024-11-26,2024-11,2024-W48,Direct,Desktop,/services,3,94,0,1,B,0
S03323,U0229,2024-11-26,2024-11,2024-W48,Organic,Tablet,/pricing,4,102,0,0,B,0
S03324,U1563,2024-11-26,2024-11,2024-W48,Direct,Desktop,/,2,229,0,0,B,0
S03325,U2345,2024-11-26,2024-11,2024-W48,Email,Mobile,/tutors,3,72,0,1,A,0
S03326,U2346,2024-11-26,2024-11,2024-W48,Email,Desktop,/services,5,101,0,1,A,0
S03327,U2347,2024-11-26,2024-11,2024-W48,Organic,Mobile,/,4,110,0,1,A,0
S03328,U2348,2024-11-26,2024-11,2024-W48,Social,Mobile,/tutors,2,158,0,1,A,0
S03329,U2349,2024-11-26,2024-11,2024-W48,Direct,Mobile,/tutors,1,94,0,1,B,0
S03330,U2350,2024-11-26,2024-11,2024-W48,Direct,Mobile,/,4,49,0,1,A,0
S03331,U2119,2024-11-26,2024-11,2024-W48,Paid,Mobile,/,3,57,0,0,A,0
S03332,U0421,2024-11-26,2024-11,2024-W48,Paid,Mobile,/tutors,3,205,0,0,B,1
S03333,U2351,2024-11-26,2024-11,2024-W48,Direct,Desktop,/,2,170,0,1,B,0
S03334,U2352,2024-11-26,2024-11,2024-W48,Organic,Desktop,/tutors,9,102,0,1,A,0
S03335,U2085,2024-11-26,2024-11,2024-W48,Organic,Desktop,/about,1,100,0,0,A,0
S03336,U2353,2024-11-26,2024-11,2024-W48,Organic,Desktop,/,3,96,0,1,B,0
S03337,U2354,2024-11-26,2024-11,2024-W48,Direct,Mobile,/,3,78,0,1,A,0
S03338,U2355,2024-11-26,2024-11,2024-W48,Social,Mobile,/services,3,76,0,1,A,0
S03339,U2356,2024-11-26,2024-11,2024-W48,Organic,Desktop,/pricing,4,303,0,1,B,0
S03340,U2357,2024-11-26,2024-11,2024-W48,Organic,Mobile,/services,3,47,0,1,B,0
S03341,U2358,2024-11-26,2024-11,2024-W48,Social,Mobile,/pricing,9,27,0,1,A,0
S03342,U2359,2024-11-26,2024-11,2024-W48,Organic,Desktop,/,4,71,0,1,A,0
S03343,U2360,2024-11-26,2024-11,2024-W48,Direct,Desktop,/about,1,43,0,1,A,0
S03344,U2361,2024-11-26,2024-11,2024-W48,Organic,Desktop,/tutors,4,52,0,1,A,1
S03345,U2362,2024-11-26,2024-11,2024-W48,Email,Desktop,/,2,161,0,1,B,0
S03346,U2078,2024-11-26,2024-11,2024-W48,Paid,Desktop,/services,3,64,0,0,B,0
S03347,U2363,2024-11-26,2024-11,2024-W48,Direct,Desktop,/pricing,2,151,0,1,A,1
S03348,U2364,2024-11-26,2024-11,2024-W48,Organic,Mobile,/services,1,256,0,1,A,0
S03349,U2365,2024-11-26,2024-11,2024-W48,Email,Desktop,/,1,177,0,1,B,0
S03350,U0776,2024-11-26,2024-11,2024-W48,Organic,Mobile,/,4,186,0,0,A,0
S03351,U2366,2024-11-26,2024-11,2024-W48,Organic,Desktop,/services,4,203,0,1,A,0
S03352,U2367,2024-11-26,2024-11,2024-W48,Organic,Desktop,/pricing,4,40,0,1,A,0
S03353,U2368,2024-11-26,2024-11,2024-W48,Organic,Desktop,/contact,3,763,0,1,A,0
S03354,U2369,2024-11-26,2024-11,2024-W48,Organic,Desktop,/,6,287,0,1,B,0
S03355,U1861,2024-11-26,2024-11,2024-W48,Organic,Mobile,/,2,368,0,0,B,0
S03356,U2370,2024-11-26,2024-11,2024-W48,Email,Desktop,/services,6,35,0,1,A,0
S03357,U2371,2024-11-26,2024-11,2024-W48,Email,Mobile,/,5,63,0,1,A,0
S03358,U2372,2024-11-26,2024-11,2024-W48,Social,Mobile,/pricing,5,172,0,1,A,0
S03359,U1970,2024-11-26,2024-11,2024-W48,Email,Desktop,/tutors,1,174,0,0,B,0
S03360,U2373,2024-11-27,2024-11,2024-W48,Email,Desktop,/about,1,506,0,1,B,0
S03361,U2374,2024-11-27,2024-11,2024-W48,Paid,Desktop,/services,1,254,0,1,A,0
S03362,U0028,2024-11-27,2024-11,2024-W48,Social,Desktop,/,2,602,0,0,B,0
S03363,U0123,2024-11-27,2024-11,2024-W48,Social,Desktop,/tutors,4,204,0,0,B,0
S03364,U1804,2024-11-27,2024-11,2024-W48,Email,Mobile,/,3,568,0,0,A,0
S03365,U2375,2024-11-27,2024-11,2024-W48,Organic,Mobile,/pricing,3,107,0,1,A,0
S03366,U0122,2024-11-27,2024-11,2024-W48,Organic,Mobile,/tutors,4,553,0,0,B,0
S03367,U0897,2024-11-27,2024-11,2024-W48,Direct,Mobile,/tutors,3,273,0,0,A,0
S03368,U2376,2024-11-27,2024-11,2024-W48,Social,Desktop,/tutors,6,219,0,1,A,0
S03369,U2377,2024-11-27,2024-11,2024-W48,Organic,Desktop,/contact,3,97,0,1,A,0
S03370,U1073,2024-11-27,2024-11,2024-W48,Organic,Desktop,/services,4,414,0,0,A,0
S03371,U0563,2024-11-27,2024-11,2024-W48,Email,Desktop,/services,1,121,0,0,A,0
S03372,U2378,2024-11-27,2024-11,2024-W48,Direct,Desktop,/pricing,5,88,0,1,A,0
S03373,U2379,2024-11-27,2024-11,2024-W48,Organic,Desktop,/tutors,6,63,0,1,B,0
S03374,U1526,2024-11-27,2024-11,2024-W48,Organic,Mobile,/,2,209,0,0,B,0
S03375,U2380,2024-11-27,2024-11,2024-W48,Direct,Desktop,/pricing,4,164,0,1,B,0
S03376,U2381,2024-11-27,2024-11,2024-W48,Organic,Desktop,/tutors,2,549,0,1,B,0
S03377,U2382,2024-11-27,2024-11,2024-W48,Social,Desktop,/tutors,4,36,0,1,A,0
S03378,U0536,2024-11-27,2024-11,2024-W48,Organic,Desktop,/contact,2,388,0,0,B,0
S03379,U1550,2024-11-27,2024-11,2024-W48,Direct,Desktop,/about,4,62,0,0,A,0
S03380,U2383,2024-11-27,2024-11,2024-W48,Email,Desktop,/tutors,2,310,0,1,B,0
S03381,U2384,2024-11-27,2024-11,2024-W48,Organic,Mobile,/pricing,1,144,0,1,A,0
S03382,U2385,2024-11-27,2024-11,2024-W48,Direct,Desktop,/tutors,7,119,0,1,A,0
S03383,U2386,2024-11-27,2024-11,2024-W48,Social,Mobile,/contact,5,151,0,1,B,0
S03384,U1013,2024-11-27,2024-11,2024-W48,Organic,Desktop,/tutors,5,306,0,0,A,1
S03385,U2387,2024-11-27,2024-11,2024-W48,Social,Tablet,/services,4,240,0,1,B,0
S03386,U2388,2024-11-27,2024-11,2024-W48,Social,Desktop,/,5,237,0,1,B,0
S03387,U2389,2024-11-27,2024-11,2024-W48,Email,Desktop,/,1,183,0,1,A,0
S03388,U1928,2024-11-27,2024-11,2024-W48,Social,Desktop,/,1,65,0,0,A,0
S03389,U2390,2024-11-27,2024-11,2024-W48,Direct,Desktop,/tutors,3,273,0,1,B,0
S03390,U2391,2024-11-27,2024-11,2024-W48,Direct,Desktop,/pricing,2,389,0,1,B,0
S03391,U2392,2024-11-27,2024-11,2024-W48,Email,Desktop,/,1,48,0,1,A,0
S03392,U2393,2024-11-27,2024-11,2024-W48,Organic,Mobile,/pricing,8,66,0,1,B,0
S03393,U2394,2024-11-27,2024-11,2024-W48,Direct,Desktop,/about,6,118,0,1,A,0
S03394,U2395,2024-11-27,2024-11,2024-W48,Organic,Mobile,/tutors,4,785,0,1,B,0
S03395,U2396,2024-11-27,2024-11,2024-W48,Direct,Desktop,/services,1,71,0,1,B,0
S03396,U2397,2024-11-27,2024-11,2024-W48,Direct,Desktop,/,6,286,0,1,B,0
S03397,U2398,2024-11-27,2024-11,2024-W48,Organic,Mobile,/tutors,2,99,0,1,B,0
S03398,U2399,2024-11-27,2024-11,2024-W48,Direct,Mobile,/,7,29,0,1,B,0
S03399,U0896,2024-11-27,2024-11,2024-W48,Direct,Mobile,/,2,100,0,0,A,0
S03400,U2400,2024-11-27,2024-11,2024-W48,Organic,Mobile,/,4,1717,0,1,B,0
S03401,U2401,2024-11-27,2024-11,2024-W48,Social,Mobile,/about,2,137,0,1,A,0
S03402,U2402,2024-11-27,2024-11,2024-W48,Organic,Desktop,/about,3,814,0,1,A,0
S03403,U1821,2024-11-27,2024-11,2024-W48,Organic,Mobile,/tutors,3,214,0,0,B,0
S03404,U0169,2024-11-27,2024-11,2024-W48,Social,Desktop,/tutors,1,189,0,0,B,0
S03405,U2403,2024-11-27,2024-11,2024-W48,Direct,Mobile,/pricing,1,99,0,1,A,0
S03406,U2404,2024-11-27,2024-11,2024-W48,Social,Tablet,/,1,173,0,1,B,0
S03407,U2405,2024-11-27,2024-11,2024-W48,Direct,Tablet,/about,2,411,0,1,A,0
S03408,U2406,2024-11-27,2024-11,2024-W48,Organic,Desktop,/tutors,2,487,0,1,A,0
S03409,U0311,2024-11-27,2024-11,2024-W48,Direct,Mobile,/tutors,3,147,0,0,A,0
S03410,U2056,2024-11-27,2024-11,2024-W48,Organic,Mobile,/pricing,2,170,0,0,A,0
S03411,U2407,2024-11-27,2024-11,2024-W48,Organic,Desktop,/pricing,4,369,0,1,B,0
S03412,U2408,2024-11-27,2024-11,2024-W48,Organic,Desktop,/services,4,371,0,1,B,0
S03413,U0157,2024-11-27,2024-11,2024-W48,Direct,Mobile,/,2,88,0,0,A,0
S03414,U2409,2024-11-27,2024-11,2024-W48,Organic,Mobile,/,1,810,0,1,B,0
S03415,U1125,2024-11-27,2024-11,2024-W48,Organic,Mobile,/,2,221,0,0,B,0
S03416,U2410,2024-11-27,2024-11,2024-W48,Social,Desktop,/services,2,233,0,1,A,0
S03417,U2411,2024-11-27,2024-11,2024-W48,Direct,Desktop,/tutors,4,196,0,1,A,0
S03418,U2412,2024-11-27,2024-11,2024-W48,Organic,Desktop,/,6,317,0,1,B,0
S03419,U2413,2024-11-27,2024-11,2024-W48,Organic,Mobile,/,5,124,0,1,A,0
S03420,U2414,2024-11-27,2024-11,2024-W48,Paid,Desktop,/about,5,86,0,1,B,0
S03421,U2415,2024-11-27,2024-11,2024-W48,Direct,Mobile,/tutors,1,127,0,1,A,0
S03422,U2416,2024-11-27,2024-11,2024-W48,Organic,Desktop,/pricing,1,607,0,1,A,1
S03423,U2417,2024-11-27,2024-11,2024-W48,Organic,Desktop,/,1,352,0,1,A,0
S03424,U2418,2024-11-27,2024-11,2024-W48,Paid,Desktop,/,3,266,0,1,A,0
S03425,U0860,2024-11-27,2024-11,2024-W48,Social,Tablet,/tutors,4,256,0,0,A,0
S03426,U2419,2024-11-27,2024-11,2024-W48,Social,Desktop,/about,5,384,0,1,B,0
S03427,U2420,2024-11-27,2024-11,2024-W48,Direct,Desktop,/services,3,133,0,1,A,0
S03428,U2421,2024-11-27,2024-11,2024-W48,Paid,Mobile,/pricing,4,184,0,1,B,0
S03429,U2422,2024-11-27,2024-11,2024-W48,Organic,Mobile,/,3,117,0,1,B,0
S03430,U2423,2024-11-27,2024-11,2024-W48,Organic,Mobile,/about,1,32,0,1,B,0
S03431,U1844,2024-11-27,2024-11,2024-W48,Direct,Desktop,/services,3,929,0,0,A,0
S03432,U0570,2024-11-27,2024-11,2024-W48,Social,Desktop,/,2,137,0,0,B,0
S03433,U0040,2024-11-27,2024-11,2024-W48,Email,Mobile,/,2,118,0,0,B,0
S03434,U2424,2024-11-27,2024-11,2024-W48,Email,Desktop,/contact,1,272,0,1,B,0
S03435,U1744,2024-11-27,2024-11,2024-W48,Social,Tablet,/,2,115,0,0,A,0
S03436,U2425,2024-11-27,2024-11,2024-W48,Organic,Desktop,/services,1,166,0,1,B,0
S03437,U2426,2024-11-27,2024-11,2024-W48,Organic,Desktop,/services,1,123,0,1,A,0
S03438,U0132,2024-11-27,2024-11,2024-W48,Direct,Tablet,/services,3,232,0,0,A,0
S03439,U1353,2024-11-27,2024-11,2024-W48,Organic,Desktop,/,3,261,0,0,A,0
S03440,U2427,2024-11-27,2024-11,2024-W48,Organic,Mobile,/,2,107,0,1,B,0
S03441,U2428,2024-11-27,2024-11,2024-W48,Paid,Tablet,/,2,321,0,1,A,0
S03442,U2429,2024-11-27,2024-11,2024-W48,Organic,Desktop,/,5,81,0,1,A,0
S03443,U1583,2024-11-27,2024-11,2024-W48,Direct,Desktop,/about,4,97,0,0,A,0
S03444,U2333,2024-11-27,2024-11,2024-W48,Organic,Desktop,/tutors,5,357,0,0,A,0
S03445,U2430,2024-11-27,2024-11,2024-W48,Social,Tablet,/tutors,1,188,0,1,A,0
S03446,U2265,2024-11-27,2024-11,2024-W48,Organic,Desktop,/tutors,3,160,0,0,A,0
S03447,U2431,2024-11-27,2024-11,2024-W48,Organic,Mobile,/services,5,131,0,1,A,0
S03448,U0816,2024-11-28,2024-11,2024-W48,Direct,Mobile,/,4,274,0,0,A,0
S03449,U2432,2024-11-28,2024-11,2024-W48,Direct,Mobile,/pricing,2,973,0,1,A,0
S03450,U2148,2024-11-28,2024-11,2024-W48,Organic,Desktop,/,5,224,0,0,A,0
S03451,U2124,2024-11-28,2024-11,2024-W48,Organic,Desktop,/tutors,5,222,0,0,B,1
S03452,U2433,2024-11-28,2024-11,2024-W48,Paid,Desktop,/pricing,1,107,0,1,B,0
S03453,U2434,2024-11-28,2024-11,2024-W48,Organic,Mobile,/tutors,3,168,0,1,B,0
S03454,U1714,2024-11-28,2024-11,2024-W48,Organic,Desktop,/about,3,116,0,0,A,0
S03455,U0846,2024-11-28,2024-11,2024-W48,Email,Mobile,/,4,146,0,0,B,1
S03456,U1771,2024-11-28,2024-11,2024-W48,Organic,Mobile,/,2,1996,0,0,B,0
S03457,U2435,2024-11-28,2024-11,2024-W48,Direct,Desktop,/services,6,183,0,1,A,0
S03458,U2436,2024-11-28,2024-11,2024-W48,Organic,Desktop,/tutors,2,99,0,1,A,0
S03459,U1880,2024-11-28,2024-11,2024-W48,Organic,Mobile,/services,4,311,0,0,A,0
S03460,U0585,2024-11-28,2024-11,2024-W48,Organic,Desktop,/contact,2,224,0,0,A,0
S03461,U2437,2024-11-28,2024-11,2024-W48,Organic,Tablet,/services,3,96,0,1,B,0
S03462,U1348,2024-11-28,2024-11,2024-W48,Email,Mobile,/,3,233,0,0,A,0
S03463,U2438,2024-11-28,2024-11,2024-W48,Direct,Mobile,/tutors,5,84,0,1,B,0
S03464,U2439,2024-11-28,2024-11,2024-W48,Organic,Desktop,/,1,89,0,1,B,0
S03465,U1870,2024-11-28,2024-11,2024-W48,Organic,Mobile,/pricing,1,89,0,0,B,0
S03466,U2440,2024-11-28,2024-11,2024-W48,Organic,Desktop,/,6,257,0,1,B,0
S03467,U2441,2024-11-28,2024-11,2024-W48,Direct,Mobile,/,5,262,0,1,B,0
S03468,U2442,2024-11-28,2024-11,2024-W48,Direct,Desktop,/pricing,2,242,0,1,B,0
S03469,U1770,2024-11-28,2024-11,2024-W48,Organic,Desktop,/about,6,167,0,0,A,0
S03470,U2443,2024-11-28,2024-11,2024-W48,Paid,Mobile,/tutors,5,694,0,1,B,0
S03471,U2444,2024-11-28,2024-11,2024-W48,Social,Mobile,/tutors,6,158,0,1,A,0
S03472,U2445,2024-11-28,2024-11,2024-W48,Direct,Mobile,/services,4,56,0,1,A,0
S03473,U2446,2024-11-28,2024-11,2024-W48,Social,Desktop,/pricing,2,86,0,1,A,0
S03474,U2447,2024-11-28,2024-11,2024-W48,Organic,Mobile,/pricing,4,62,0,1,A,0
S03475,U2448,2024-11-28,2024-11,2024-W48,Social,Desktop,/services,4,71,0,1,B,0
S03476,U2449,2024-11-28,2024-11,2024-W48,Organic,Desktop,/tutors,6,367,0,1,A,0
S03477,U2450,2024-11-28,2024-11,2024-W48,Organic,Desktop,/,2,88,0,1,B,0
S03478,U2451,2024-11-28,2024-11,2024-W48,Organic,Tablet,/pricing,2,215,0,1,A,0
S03479,U0431,2024-11-28,2024-11,2024-W48,Paid,Desktop,/,2,113,0,0,A,0
S03480,U2452,2024-11-28,2024-11,2024-W48,Social,Mobile,/tutors,5,254,0,1,B,0
S03481,U0850,2024-11-28,2024-11,2024-W48,Email,Desktop,/,4,69,0,0,B,0
S03482,U2453,2024-11-28,2024-11,2024-W48,Direct,Mobile,/about,3,89,0,1,B,0
S03483,U2454,2024-11-28,2024-11,2024-W48,Social,Mobile,/,3,282,0,1,B,0
S03484,U2455,2024-11-28,2024-11,2024-W48,Direct,Desktop,/,4,529,0,1,A,0
S03485,U2456,2024-11-28,2024-11,2024-W48,Organic,Desktop,/services,2,162,0,1,A,0
S03486,U0470,2024-11-28,2024-11,2024-W48,Organic,Mobile,/pricing,3,284,0,0,B,0
S03487,U1902,2024-11-28,2024-11,2024-W48,Social,Mobile,/pricing,6,82,0,0,B,0
S03488,U2247,2024-11-28,2024-11,2024-W48,Organic,Desktop,/,4,88,0,0,A,0
S03489,U2457,2024-11-28,2024-11,2024-W48,Direct,Mobile,/tutors,8,98,0,1,A,0
S03490,U2458,2024-11-28,2024-11,2024-W48,Social,Desktop,/about,6,202,0,1,A,0
S03491,U0074,2024-11-28,2024-11,2024-W48,Direct,Mobile,/,4,108,0,0,A,0
S03492,U0509,2024-11-28,2024-11,2024-W48,Direct,Desktop,/tutors,1,253,0,0,B,0
S03493,U2459,2024-11-28,2024-11,2024-W48,Organic,Mobile,/,1,286,0,1,A,0
S03494,U2460,2024-11-28,2024-11,2024-W48,Direct,Tablet,/tutors,2,296,0,1,A,0
S03495,U1467,2024-11-28,2024-11,2024-W48,Direct,Desktop,/,7,925,0,0,B,0
S03496,U2461,2024-11-28,2024-11,2024-W48,Social,Desktop,/about,1,131,0,1,A,0
S03497,U2462,2024-11-28,2024-11,2024-W48,Direct,Mobile,/tutors,2,99,0,1,B,0
S03498,U2142,2024-11-28,2024-11,2024-W48,Email,Mobile,/,4,90,0,0,A,0
S03499,U2463,2024-11-28,2024-11,2024-W48,Organic,Desktop,/tutors,4,1255,0,1,B,0
S03500,U2464,2024-11-28,2024-11,2024-W48,Paid,Desktop,/,1,175,0,1,B,0
S03501,U0020,2024-11-28,2024-11,2024-W48,Direct,Mobile,/tutors,7,145,0,0,A,0
S03502,U2465,2024-11-28,2024-11,2024-W48,Email,Mobile,/,1,719,0,1,A,0
S03503,U0978,2024-11-28,2024-11,2024-W48,Organic,Mobile,/services,4,60,0,0,A,0
S03504,U0115,2024-11-28,2024-11,2024-W48,Organic,Desktop,/,3,130,0,0,B,0
S03505,U2466,2024-11-28,2024-11,2024-W48,Organic,Desktop,/services,3,390,0,1,A,0
S03506,U2467,2024-11-28,2024-11,2024-W48,Organic,Desktop,/services,4,77,0,1,B,0
S03507,U2468,2024-11-28,2024-11,2024-W48,Direct,Desktop,/,1,152,0,1,B,0
S03508,U2469,2024-11-28,2024-11,2024-W48,Organic,Desktop,/,2,116,0,1,B,0
S03509,U1703,2024-11-28,2024-11,2024-W48,Organic,Desktop,/,2,212,0,0,A,0
S03510,U2470,2024-11-28,2024-11,2024-W48,Organic,Tablet,/tutors,1,129,0,1,B,0
S03511,U2471,2024-11-28,2024-11,2024-W48,Organic,Desktop,/,6,101,0,1,A,0
S03512,U2472,2024-11-28,2024-11,2024-W48,Email,Tablet,/,3,249,0,1,A,0
S03513,U2473,2024-11-28,2024-11,2024-W48,Direct,Mobile,/pricing,3,314,0,1,B,0
S03514,U1325,2024-11-28,2024-11,2024-W48,Organic,Desktop,/services,6,146,0,0,B,0
S03515,U2474,2024-11-28,2024-11,2024-W48,Organic,Desktop,/tutors,2,95,0,1,A,0
S03516,U2475,2024-11-28,2024-11,2024-W48,Direct,Desktop,/services,3,99,0,1,A,0
S03517,U1141,2024-11-28,2024-11,2024-W48,Organic,Mobile,/contact,3,230,0,0,A,0
S03518,U2476,2024-11-28,2024-11,2024-W48,Organic,Tablet,/services,2,267,0,1,B,0
S03519,U1236,2024-11-28,2024-11,2024-W48,Social,Mobile,/,5,131,0,0,A,0
S03520,U2477,2024-11-28,2024-11,2024-W48,Organic,Tablet,/,1,67,0,1,B,0
S03521,U2478,2024-11-28,2024-11,2024-W48,Organic,Mobile,/about,1,369,0,1,B,0
S03522,U2479,2024-11-28,2024-11,2024-W48,Organic,Mobile,/,1,439,0,1,B,0
S03523,U0389,2024-11-28,2024-11,2024-W48,Direct,Mobile,/services,2,170,0,0,A,0
S03524,U2480,2024-11-28,2024-11,2024-W48,Social,Desktop,/tutors,3,159,0,1,A,0
S03525,U2481,2024-11-29,2024-11,2024-W48,Organic,Desktop,/services,3,256,0,1,A,0
S03526,U2482,2024-11-29,2024-11,2024-W48,Organic,Desktop,/,2,304,0,1,A,0
S03527,U2483,2024-11-29,2024-11,2024-W48,Paid,Mobile,/tutors,4,173,0,1,A,0
S03528,U2484,2024-11-29,2024-11,2024-W48,Email,Mobile,/about,3,146,0,1,A,0
S03529,U2485,2024-11-29,2024-11,2024-W48,Paid,Mobile,/,1,450,0,1,A,0
S03530,U2486,2024-11-29,2024-11,2024-W48,Email,Desktop,/pricing,6,126,0,1,B,0
S03531,U2487,2024-11-29,2024-11,2024-W48,Organic,Desktop,/,5,100,0,1,B,0
S03532,U2407,2024-11-29,2024-11,2024-W48,Organic,Desktop,/,2,219,0,0,B,0
S03533,U0087,2024-11-29,2024-11,2024-W48,Direct,Desktop,/pricing,5,259,0,0,A,0
S03534,U2488,2024-11-29,2024-11,2024-W48,Social,Desktop,/tutors,3,583,0,1,B,0
S03535,U2489,2024-11-29,2024-11,2024-W48,Organic,Mobile,/services,2,349,0,1,B,0
S03536,U2490,2024-11-29,2024-11,2024-W48,Social,Desktop,/,3,59,0,1,B,1
S03537,U2491,2024-11-29,2024-11,2024-W48,Social,Mobile,/about,3,135,0,1,B,0
S03538,U0838,2024-11-29,2024-11,2024-W48,Organic,Mobile,/about,6,623,0,0,B,0
S03539,U2450,2024-11-29,2024-11,2024-W48,Email,Desktop,/,1,160,0,0,B,0
S03540,U2492,2024-11-29,2024-11,2024-W48,Organic,Desktop,/,2,163,0,1,B,0
S03541,U1301,2024-11-29,2024-11,2024-W48,Email,Desktop,/,2,72,0,0,B,0
S03542,U2493,2024-11-29,2024-11,2024-W48,Organic,Desktop,/pricing,3,208,0,1,A,0
S03543,U2494,2024-11-29,2024-11,2024-W48,Organic,Mobile,/about,2,154,0,1,B,0
S03544,U0098,2024-11-29,2024-11,2024-W48,Organic,Mobile,/,7,158,0,0,A,0
S03545,U2495,2024-11-29,2024-11,2024-W48,Email,Desktop,/pricing,3,78,0,1,B,0
S03546,U0222,2024-11-29,2024-11,2024-W48,Email,Desktop,/,2,191,0,0,A,0
S03547,U2496,2024-11-29,2024-11,2024-W48,Direct,Tablet,/services,8,220,0,1,A,0
S03548,U2497,2024-11-29,2024-11,2024-W48,Organic,Desktop,/pricing,3,71,0,1,A,0
S03549,U2498,2024-11-29,2024-11,2024-W48,Organic,Desktop,/pricing,1,61,0,1,A,0
S03550,U2499,2024-11-29,2024-11,2024-W48,Direct,Desktop,/pricing,5,678,0,1,B,0
S03551,U2014,2024-11-29,2024-11,2024-W48,Social,Mobile,/tutors,3,161,0,0,B,0
S03552,U0580,2024-11-29,2024-11,2024-W48,Social,Desktop,/services,4,357,0,0,B,0
S03553,U0712,2024-11-29,2024-11,2024-W48,Organic,Desktop,/services,4,145,0,0,A,0
S03554,U2500,2024-11-29,2024-11,2024-W48,Organic,Mobile,/pricing,2,125,0,1,B,0
S03555,U0321,2024-11-29,2024-11,2024-W48,Direct,Mobile,/,1,2193,0,0,A,0
S03556,U2501,2024-11-29,2024-11,2024-W48,Organic,Desktop,/tutors,8,282,0,1,A,0
S03557,U1737,2024-11-29,2024-11,2024-W48,Direct,Desktop,/services,6,307,0,0,A,0
S03558,U1169,2024-11-29,2024-11,2024-W48,Email,Desktop,/,2,804,0,0,B,0
S03559,U2502,2024-11-29,2024-11,2024-W48,Social,Desktop,/contact,2,111,0,1,B,0
S03560,U2503,2024-11-29,2024-11,2024-W48,Organic,Mobile,/,1,60,0,1,A,0
S03561,U2504,2024-11-29,2024-11,2024-W48,Direct,Desktop,/pricing,3,512,0,1,B,0
S03562,U2505,2024-11-29,2024-11,2024-W48,Organic,Desktop,/services,6,150,0,1,B,0
S03563,U2506,2024-11-29,2024-11,2024-W48,Social,Desktop,/,4,103,0,1,A,0
S03564,U2507,2024-11-29,2024-11,2024-W48,Direct,Mobile,/services,2,78,0,1,B,0
S03565,U2508,2024-11-29,2024-11,2024-W48,Organic,Desktop,/,3,339,0,1,A,0
S03566,U2509,2024-11-29,2024-11,2024-W48,Social,Mobile,/,3,172,0,1,B,0
S03567,U1230,2024-11-29,2024-11,2024-W48,Organic,Desktop,/tutors,2,59,0,0,A,0
S03568,U0720,2024-11-29,2024-11,2024-W48,Direct,Mobile,/services,4,417,0,0,B,0
S03569,U2510,2024-11-29,2024-11,2024-W48,Direct,Mobile,/pricing,5,310,0,1,A,0
S03570,U2511,2024-11-29,2024-11,2024-W48,Organic,Mobile,/,1,71,0,1,A,0
S03571,U0560,2024-11-29,2024-11,2024-W48,Organic,Desktop,/,7,296,0,0,A,0
S03572,U0777,2024-11-29,2024-11,2024-W48,Email,Desktop,/,1,103,0,0,B,1
S03573,U2512,2024-11-29,2024-11,2024-W48,Social,Tablet,/about,2,60,0,1,A,0
S03574,U2513,2024-11-29,2024-11,2024-W48,Email,Mobile,/,9,85,0,1,A,0
S03575,U2514,2024-11-29,2024-11,2024-W48,Organic,Mobile,/pricing,2,274,0,1,B,0
S03576,U2515,2024-11-29,2024-11,2024-W48,Paid,Desktop,/about,4,59,0,1,A,0
S03577,U2516,2024-11-29,2024-11,2024-W48,Organic,Desktop,/,4,458,0,1,B,0
S03578,U0160,2024-11-29,2024-11,2024-W48,Email,Desktop,/about,1,252,0,0,A,0
S03579,U2317,2024-11-29,2024-11,2024-W48,Social,Desktop,/,1,353,0,0,A,0
S03580,U2517,2024-11-29,2024-11,2024-W48,Organic,Tablet,/tutors,2,56,0,1,A,0
S03581,U2518,2024-11-29,2024-11,2024-W48,Direct,Mobile,/,5,43,0,1,B,0
S03582,U2519,2024-11-29,2024-11,2024-W48,Direct,Mobile,/services,2,119,0,1,B,0
S03583,U2520,2024-11-29,2024-11,2024-W48,Social,Mobile,/,4,71,0,1,A,0
S03584,U1579,2024-11-29,2024-11,2024-W48,Email,Mobile,/tutors,3,70,0,0,A,0
S03585,U2521,2024-11-29,2024-11,2024-W48,Email,Mobile,/services,5,268,0,1,B,0
S03586,U1481,2024-11-29,2024-11,2024-W48,Organic,Tablet,/contact,1,107,0,0,A,0
S03587,U2522,2024-11-29,2024-11,2024-W48,Email,Desktop,/,4,151,0,1,B,0
S03588,U2523,2024-11-29,2024-11,2024-W48,Direct,Desktop,/,3,122,0,1,A,0
S03589,U2524,2024-11-29,2024-11,2024-W48,Direct,Mobile,/,3,158,0,1,A,0
S03590,U2467,2024-11-29,2024-11,2024-W48,Email,Mobile,/,3,1563,0,0,B,0
S03591,U2525,2024-11-29,2024-11,2024-W48,Direct,Mobile,/about,3,362,0,1,B,0
S03592,U0379,2024-11-29,2024-11,2024-W48,Organic,Tablet,/services,4,235,0,0,A,0
S03593,U2526,2024-11-29,2024-11,2024-W48,Email,Mobile,/pricing,2,145,0,1,A,0
S03594,U2527,2024-11-30,2024-11,2024-W48,Paid,Desktop,/services,5,71,0,1,B,0
S03595,U2528,2024-11-30,2024-11,2024-W48,Email,Desktop,/,9,105,0,1,B,0
S03596,U2529,2024-11-30,2024-11,2024-W48,Organic,Mobile,/services,5,667,0,1,A,0
S03597,U1238,2024-11-30,2024-11,2024-W48,Social,Mobile,/about,4,113,0,0,B,0
S03598,U2530,2024-11-30,2024-11,2024-W48,Organic,Desktop,/,5,157,0,1,B,0
S03599,U2531,2024-11-30,2024-11,2024-W48,Direct,Desktop,/pricing,5,163,0,1,A,0
S03600,U2532,2024-11-30,2024-11,2024-W48,Direct,Desktop,/,5,206,0,1,B,0
S03601,U2533,2024-11-30,2024-11,2024-W48,Paid,Desktop,/services,2,405,0,1,B,0
S03602,U2534,2024-11-30,2024-11,2024-W48,Organic,Desktop,/,2,653,0,1,A,0
S03603,U2535,2024-11-30,2024-11,2024-W48,Organic,Desktop,/contact,3,62,0,1,B,0
S03604,U1631,2024-11-30,2024-11,2024-W48,Social,Mobile,/,2,132,0,0,A,0
S03605,U0690,2024-11-30,2024-11,2024-W48,Organic,Desktop,/services,4,129,0,0,B,0
S03606,U0287,2024-11-30,2024-11,2024-W48,Organic,Mobile,/,2,191,0,0,B,0
S03607,U2536,2024-11-30,2024-11,2024-W48,Paid,Tablet,/pricing,2,96,0,1,A,0
S03608,U1766,2024-11-30,2024-11,2024-W48,Organic,Tablet,/tutors,1,473,0,0,B,0
S03609,U2537,2024-11-30,2024-11,2024-W48,Social,Tablet,/contact,5,103,0,1,B,0
S03610,U0746,2024-11-30,2024-11,2024-W48,Organic,Mobile,/services,3,297,0,0,B,0
S03611,U2323,2024-11-30,2024-11,2024-W48,Paid,Mobile,/,5,57,0,0,B,0
S03612,U0242,2024-11-30,2024-11,2024-W48,Direct,Desktop,/pricing,2,245,0,0,B,0
S03613,U2538,2024-11-30,2024-11,2024-W48,Email,Mobile,/tutors,4,75,0,1,B,0
S03614,U2539,2024-11-30,2024-11,2024-W48,Paid,Desktop,/,2,89,0,1,A,0
S03615,U2540,2024-11-30,2024-11,2024-W48,Organic,Desktop,/contact,4,229,0,1,B,0
S03616,U0681,2024-11-30,2024-11,2024-W48,Organic,Mobile,/pricing,1,1690,0,0,A,0
S03617,U0511,2024-11-30,2024-11,2024-W48,Paid,Desktop,/,3,97,0,0,A,0
S03618,U2541,2024-11-30,2024-11,2024-W48,Direct,Mobile,/,3,101,0,1,A,0
S03619,U2542,2024-11-30,2024-11,2024-W48,Email,Desktop,/,2,198,0,1,A,0
S03620,U0251,2024-11-30,2024-11,2024-W48,Social,Desktop,/pricing,2,126,0,0,A,0
S03621,U2543,2024-11-30,2024-11,2024-W48,Social,Desktop,/,2,130,0,1,B,0
S03622,U2544,2024-11-30,2024-11,2024-W48,Direct,Tablet,/pricing,2,707,0,1,A,1
S03623,U0030,2024-11-30,2024-11,2024-W48,Direct,Mobile,/tutors,3,267,0,0,B,0
S03624,U2545,2024-11-30,2024-11,2024-W48,Organic,Mobile,/tutors,4,98,0,1,B,0
S03625,U1991,2024-11-30,2024-11,2024-W48,Paid,Mobile,/pricing,5,127,0,0,B,0
S03626,U2546,2024-11-30,2024-11,2024-W48,Organic,Mobile,/,2,381,0,1,B,0
S03627,U2547,2024-11-30,2024-11,2024-W48,Direct,Desktop,/,3,915,0,1,B,0
S03628,U2548,2024-11-30,2024-11,2024-W48,Organic,Desktop,/,1,24,1,1,B,0
S03629,U2549,2024-11-30,2024-11,2024-W48,Email,Desktop,/services,5,90,0,1,A,0
S03630,U2550,2024-11-30,2024-11,2024-W48,Organic,Mobile,/services,5,134,0,1,A,0
S03631,U2551,2024-11-30,2024-11,2024-W48,Social,Mobile,/,7,51,0,1,B,0
S03632,U1872,2024-11-30,2024-11,2024-W48,Social,Mobile,/pricing,5,621,0,0,B,0
S03633,U2552,2024-11-30,2024-11,2024-W48,Organic,Mobile,/pricing,3,254,0,1,B,0
S03634,U2553,2024-11-30,2024-11,2024-W48,Organic,Desktop,/pricing,8,86,0,1,A,1
S03635,U2174,2024-11-30,2024-11,2024-W48,Email,Desktop,/,1,267,0,0,A,0
S03636,U2554,2024-11-30,2024-11,2024-W48,Direct,Desktop,/tutors,4,174,0,1,B,0
S03637,U2555,2024-11-30,2024-11,2024-W48,Social,Mobile,/,1,169,0,1,B,0
S03638,U2556,2024-11-30,2024-11,2024-W48,Direct,Desktop,/,3,189,0,1,B,0
S03639,U2557,2024-11-30,2024-11,2024-W48,Direct,Mobile,/,2,192,0,1,B,0
S03640,U2558,2024-11-30,2024-11,2024-W48,Social,Desktop,/pricing,2,190,0,1,B,0
S03641,U2559,2024-11-30,2024-11,2024-W48,Organic,Desktop,/pricing,4,259,0,1,A,1
S03642,U2560,2024-11-30,2024-11,2024-W48,Paid,Desktop,/,1,89,0,1,B,1
S03643,U2561,2024-11-30,2024-11,2024-W48,Organic,Desktop,/services,7,359,0,1,A,0
S03644,U2562,2024-11-30,2024-11,2024-W48,Paid,Desktop,/tutors,1,156,0,1,A,0
S03645,U2563,2024-11-30,2024-11,2024-W48,Social,Desktop,/,3,60,0,1,B,0
S03646,U1753,2024-11-30,2024-11,2024-W48,Organic,Desktop,/,2,307,0,0,B,0
S03647,U2564,2024-11-30,2024-11,2024-W48,Social,Desktop,/pricing,4,516,0,1,B,0
S03648,U2565,2024-11-30,2024-11,2024-W48,Social,Desktop,/services,5,57,0,1,B,0
S03649,U1577,2024-11-30,2024-11,2024-W48,Email,Mobile,/,4,77,0,0,B,0
S03650,U0587,2024-11-30,2024-11,2024-W48,Direct,Mobile,/,3,329,0,0,A,0
S03651,U2566,2024-11-30,2024-11,2024-W48,Paid,Desktop,/pricing,7,75,0,1,A,0
S03652,U2567,2024-11-30,2024-11,2024-W48,Organic,Mobile,/tutors,2,326,0,1,B,1
S03653,U2568,2024-11-30,2024-11,2024-W48,Direct,Desktop,/services,4,260,0,1,B,0
S03654,U2569,2024-11-30,2024-11,2024-W48,Organic,Mobile,/pricing,4,187,0,1,A,0
S03655,U2570,2024-11-30,2024-11,2024-W48,Direct,Desktop,/,3,133,0,1,B,0
S03656,U2571,2024-11-30,2024-11,2024-W48,Social,Desktop,/about,7,253,0,1,B,0
S03657,U2572,2024-11-30,2024-11,2024-W48,Direct,Mobile,/contact,3,192,0,1,B,0
S03658,U0699,2024-11-30,2024-11,2024-W48,Email,Tablet,/,4,164,0,0,B,0
S03659,U2573,2024-11-30,2024-11,2024-W48,Social,Desktop,/tutors,3,120,0,1,B,0
S03660,U2574,2024-11-30,2024-11,2024-W48,Social,Desktop,/about,1,538,0,1,A,0
S03661,U1338,2024-11-30,2024-11,2024-W48,Paid,Desktop,/services,1,231,0,0,B,0
S03662,U2575,2024-11-30,2024-11,2024-W48,Organic,Desktop,/,1,99,0,1,A,0
S03663,U1951,2024-11-30,2024-11,2024-W48,Organic,Mobile,/services,5,53,0,0,B,0
S03664,U2576,2024-11-30,2024-11,2024-W48,Direct,Mobile,/,4,238,0,1,A,0
S03665,U2577,2024-12-01,2024-12,2024-W48,Email,Mobile,/services,1,252,0,1,A,0
S03666,U2578,2024-12-01,2024-12,2024-W48,Email,Desktop,/,4,63,0,1,B,0
S03667,U2579,2024-12-01,2024-12,2024-W48,Direct,Mobile,/contact,5,489,0,1,B,0
S03668,U2580,2024-12-01,2024-12,2024-W48,Paid,Mobile,/services,3,284,0,1,A,0
S03669,U1406,2024-12-01,2024-12,2024-W48,Direct,Desktop,/services,1,98,0,0,B,0
S03670,U2581,2024-12-01,2024-12,2024-W48,Organic,Desktop,/about,2,238,0,1,B,0
S03671,U2582,2024-12-01,2024-12,2024-W48,Organic,Mobile,/contact,5,133,0,1,B,0
S03672,U2583,2024-12-01,2024-12,2024-W48,Organic,Desktop,/tutors,2,85,0,1,A,0
S03673,U2584,2024-12-01,2024-12,2024-W48,Organic,Mobile,/,2,267,0,1,A,0
S03674,U0360,2024-12-01,2024-12,2024-W48,Organic,Desktop,/about,3,81,0,0,A,0
S03675,U2585,2024-12-01,2024-12,2024-W48,Organic,Desktop,/,5,491,0,1,A,0
S03676,U0476,2024-12-01,2024-12,2024-W48,Direct,Desktop,/pricing,4,427,0,0,A,0
S03677,U1284,2024-12-01,2024-12,2024-W48,Social,Tablet,/pricing,4,479,0,0,A,0
S03678,U2586,2024-12-01,2024-12,2024-W48,Direct,Desktop,/,4,99,0,1,B,1
S03679,U2194,2024-12-01,2024-12,2024-W48,Organic,Desktop,/services,4,52,0,0,A,0
S03680,U2587,2024-12-01,2024-12,2024-W48,Organic,Desktop,/contact,5,73,0,1,A,0
S03681,U2588,2024-12-01,2024-12,2024-W48,Email,Mobile,/,1,148,0,1,A,0
S03682,U2589,2024-12-01,2024-12,2024-W48,Direct,Desktop,/tutors,3,203,0,1,A,0
S03683,U2590,2024-12-01,2024-12,2024-W48,Organic,Mobile,/,2,212,0,1,B,0
S03684,U0038,2024-12-01,2024-12,2024-W48,Direct,Mobile,/,2,549,0,0,B,0
S03685,U2591,2024-12-01,2024-12,2024-W48,Email,Desktop,/tutors,5,94,0,1,B,1
S03686,U2592,2024-12-01,2024-12,2024-W48,Email,Mobile,/about,3,130,0,1,A,0
S03687,U2593,2024-12-01,2024-12,2024-W48,Direct,Desktop,/services,4,102,0,1,B,0
S03688,U2594,2024-12-01,2024-12,2024-W48,Social,Desktop,/services,1,420,0,1,A,0
S03689,U2595,2024-12-01,2024-12,2024-W48,Social,Desktop,/contact,4,311,0,1,B,0
S03690,U2596,2024-12-01,2024-12,2024-W48,Paid,Mobile,/contact,4,81,0,1,A,0
S03691,U2597,2024-12-01,2024-12,2024-W48,Email,Mobile,/contact,3,90,0,1,B,0
S03692,U2351,2024-12-01,2024-12,2024-W48,Direct,Mobile,/contact,2,158,0,0,B,0
S03693,U2598,2024-12-01,2024-12,2024-W48,Organic,Mobile,/,5,115,0,1,B,0
S03694,U2599,2024-12-01,2024-12,2024-W48,Organic,Mobile,/contact,5,59,0,1,B,0
S03695,U2600,2024-12-01,2024-12,2024-W48,Organic,Desktop,/services,1,107,0,1,B,0
S03696,U2601,2024-12-02,2024-12,2024-W49,Organic,Desktop,/pricing,2,179,0,1,A,0
S03697,U2602,2024-12-02,2024-12,2024-W49,Email,Desktop,/contact,3,181,0,1,A,0
S03698,U2603,2024-12-02,2024-12,2024-W49,Email,Desktop,/pricing,3,73,0,1,A,1
S03699,U2604,2024-12-02,2024-12,2024-W49,Organic,Desktop,/tutors,6,227,0,1,A,0
S03700,U2605,2024-12-02,2024-12,2024-W49,Email,Desktop,/,3,155,0,1,B,0
S03701,U2606,2024-12-02,2024-12,2024-W49,Direct,Tablet,/,4,272,0,1,A,0
S03702,U2607,2024-12-02,2024-12,2024-W49,Paid,Desktop,/,3,203,0,1,B,0
S03703,U2608,2024-12-02,2024-12,2024-W49,Social,Desktop,/,3,165,0,1,B,0
S03704,U2609,2024-12-02,2024-12,2024-W49,Paid,Mobile,/tutors,3,71,0,1,A,0
S03705,U2610,2024-12-02,2024-12,2024-W49,Direct,Desktop,/pricing,1,129,0,1,B,0
S03706,U2611,2024-12-02,2024-12,2024-W49,Organic,Desktop,/tutors,4,1056,0,1,A,0
S03707,U2612,2024-12-02,2024-12,2024-W49,Social,Mobile,/,2,44,0,1,B,0
S03708,U2613,2024-12-02,2024-12,2024-W49,Paid,Mobile,/tutors,1,328,0,1,A,0
S03709,U2378,2024-12-02,2024-12,2024-W49,Email,Desktop,/,4,24,0,0,B,0
S03710,U1246,2024-12-02,2024-12,2024-W49,Social,Mobile,/,2,300,0,0,B,0
S03711,U0564,2024-12-02,2024-12,2024-W49,Email,Desktop,/services,1,986,0,0,A,0
S03712,U2614,2024-12-02,2024-12,2024-W49,Organic,Desktop,/,3,255,0,1,B,0
S03713,U0802,2024-12-02,2024-12,2024-W49,Email,Tablet,/contact,4,340,0,0,B,0
S03714,U2358,2024-12-02,2024-12,2024-W49,Direct,Desktop,/tutors,6,127,0,0,B,0
S03715,U2615,2024-12-02,2024-12,2024-W49,Social,Mobile,/,5,201,0,1,B,0
S03716,U2616,2024-12-02,2024-12,2024-W49,Direct,Mobile,/,1,196,0,1,A,0
S03717,U2617,2024-12-02,2024-12,2024-W49,Email,Mobile,/services,3,152,0,1,A,0
S03718,U1457,2024-12-02,2024-12,2024-W49,Organic,Desktop,/services,1,328,0,0,A,0
S03719,U0215,2024-12-02,2024-12,2024-W49,Organic,Desktop,/,5,320,0,0,A,0
S03720,U2618,2024-12-02,2024-12,2024-W49,Direct,Mobile,/about,1,53,0,1,B,0
S03721,U2619,2024-12-02,2024-12,2024-W49,Organic,Mobile,/about,4,136,0,1,A,0
S03722,U2620,2024-12-03,2024-12,2024-W49,Direct,Mobile,/tutors,3,231,0,1,B,0
S03723,U1625,2024-12-03,2024-12,2024-W49,Direct,Desktop,/services,4,94,0,0,A,0
S03724,U2621,2024-12-03,2024-12,2024-W49,Paid,Desktop,/contact,4,139,0,1,B,0
S03725,U2622,2024-12-03,2024-12,2024-W49,Paid,Desktop,/services,3,81,0,1,A,0
S03726,U2623,2024-12-03,2024-12,2024-W49,Organic,Mobile,/,3,289,0,1,B,0
S03727,U2624,2024-12-03,2024-12,2024-W49,Direct,Desktop,/,3,34,0,1,B,0
S03728,U2625,2024-12-03,2024-12,2024-W49,Organic,Desktop,/services,2,145,0,1,B,0
S03729,U1824,2024-12-03,2024-12,2024-W49,Organic,Desktop,/pricing,1,322,0,0,A,0
S03730,U0339,2024-12-03,2024-12,2024-W49,Organic,Desktop,/,2,141,0,0,B,0
S03731,U2626,2024-12-03,2024-12,2024-W49,Organic,Mobile,/contact,3,249,0,1,B,0
S03732,U2404,2024-12-03,2024-12,2024-W49,Organic,Mobile,/pricing,7,111,0,0,B,0
S03733,U2627,2024-12-03,2024-12,2024-W49,Organic,Desktop,/pricing,3,343,0,1,B,0
S03734,U2628,2024-12-03,2024-12,2024-W49,Paid,Desktop,/,3,176,0,1,B,0
S03735,U1984,2024-12-03,2024-12,2024-W49,Email,Desktop,/tutors,5,347,0,0,B,0
S03736,U2629,2024-12-03,2024-12,2024-W49,Organic,Mobile,/contact,4,134,0,1,B,0
S03737,U1333,2024-12-03,2024-12,2024-W49,Email,Desktop,/services,4,280,0,0,A,1
S03738,U2630,2024-12-03,2024-12,2024-W49,Paid,Mobile,/pricing,2,78,0,1,A,0
S03739,U0081,2024-12-03,2024-12,2024-W49,Direct,Desktop,/about,3,128,0,0,A,0
S03740,U2631,2024-12-03,2024-12,2024-W49,Direct,Desktop,/about,4,128,0,1,A,0
S03741,U2632,2024-12-03,2024-12,2024-W49,Organic,Mobile,/pricing,1,415,0,1,A,0
S03742,U2633,2024-12-03,2024-12,2024-W49,Organic,Mobile,/pricing,3,94,0,1,A,0
S03743,U2634,2024-12-03,2024-12,2024-W49,Organic,Mobile,/,4,182,0,1,A,0
S03744,U2635,2024-12-03,2024-12,2024-W49,Email,Mobile,/services,5,619,0,1,B,0
S03745,U2636,2024-12-03,2024-12,2024-W49,Email,Mobile,/tutors,1,190,0,1,B,1
S03746,U2637,2024-12-03,2024-12,2024-W49,Organic,Mobile,/services,5,62,0,1,B,0
S03747,U1832,2024-12-03,2024-12,2024-W49,Social,Desktop,/,2,188,0,0,A,0
S03748,U0528,2024-12-03,2024-12,2024-W49,Direct,Desktop,/services,2,329,0,0,B,0
S03749,U2638,2024-12-03,2024-12,2024-W49,Social,Mobile,/,2,208,0,1,A,0
S03750,U0144,2024-12-03,2024-12,2024-W49,Direct,Desktop,/,3,225,0,0,A,0
S03751,U1223,2024-12-03,2024-12,2024-W49,Organic,Desktop,/,5,227,0,0,A,0
S03752,U2639,2024-12-04,2024-12,2024-W49,Organic,Mobile,/services,4,68,0,1,A,0
S03753,U2640,2024-12-04,2024-12,2024-W49,Organic,Mobile,/services,1,141,0,1,B,1
S03754,U2641,2024-12-04,2024-12,2024-W49,Organic,Desktop,/contact,1,439,0,1,B,0
S03755,U2642,2024-12-04,2024-12,2024-W49,Organic,Desktop,/contact,2,269,0,1,B,0
S03756,U2643,2024-12-04,2024-12,2024-W49,Email,Desktop,/services,2,89,0,1,B,0
S03757,U2644,2024-12-04,2024-12,2024-W49,Paid,Mobile,/,4,556,0,1,B,0
S03758,U2645,2024-12-04,2024-12,2024-W49,Direct,Desktop,/services,3,314,0,1,B,0
S03759,U2646,2024-12-04,2024-12,2024-W49,Social,Desktop,/services,5,140,0,1,B,0
S03760,U0406,2024-12-04,2024-12,2024-W49,Email,Desktop,/,5,17,0,0,A,0
S03761,U0151,2024-12-04,2024-12,2024-W49,Direct,Mobile,/services,3,167,0,0,A,0
S03762,U0882,2024-12-04,2024-12,2024-W49,Paid,Mobile,/tutors,7,69,0,0,A,0
S03763,U2647,2024-12-04,2024-12,2024-W49,Organic,Desktop,/,2,475,0,1,B,0
S03764,U2648,2024-12-04,2024-12,2024-W49,Organic,Desktop,/,7,213,0,1,A,0
S03765,U2649,2024-12-04,2024-12,2024-W49,Organic,Mobile,/,3,80,0,1,B,0
S03766,U1564,2024-12-04,2024-12,2024-W49,Organic,Desktop,/,2,440,0,0,A,0
S03767,U1869,2024-12-04,2024-12,2024-W49,Organic,Mobile,/tutors,5,166,0,0,A,0
S03768,U1743,2024-12-04,2024-12,2024-W49,Organic,Desktop,/services,2,286,0,0,B,0
S03769,U0835,2024-12-04,2024-12,2024-W49,Social,Desktop,/services,5,273,0,0,B,0
S03770,U2650,2024-12-04,2024-12,2024-W49,Organic,Desktop,/,2,223,0,1,B,0
S03771,U2651,2024-12-04,2024-12,2024-W49,Direct,Mobile,/,1,528,0,1,B,0
S03772,U2652,2024-12-04,2024-12,2024-W49,Email,Desktop,/services,3,193,0,1,A,0
S03773,U2653,2024-12-04,2024-12,2024-W49,Organic,Mobile,/tutors,5,198,0,1,B,0
S03774,U2654,2024-12-04,2024-12,2024-W49,Email,Mobile,/,7,99,0,1,B,0
S03775,U2655,2024-12-04,2024-12,2024-W49,Direct,Desktop,/,1,804,0,1,B,0
S03776,U2473,2024-12-04,2024-12,2024-W49,Organic,Desktop,/tutors,3,398,0,0,A,0
S03777,U2177,2024-12-04,2024-12,2024-W49,Email,Desktop,/services,3,169,0,0,A,1
S03778,U2656,2024-12-04,2024-12,2024-W49,Direct,Desktop,/tutors,2,51,0,1,A,1
S03779,U2657,2024-12-04,2024-12,2024-W49,Organic,Desktop,/tutors,2,57,0,1,A,0
S03780,U2658,2024-12-04,2024-12,2024-W49,Organic,Tablet,/pricing,4,134,0,1,A,0
S03781,U2659,2024-12-04,2024-12,2024-W49,Organic,Tablet,/services,6,108,0,1,A,0
S03782,U1545,2024-12-04,2024-12,2024-W49,Direct,Desktop,/pricing,5,289,0,0,A,0
S03783,U0431,2024-12-04,2024-12,2024-W49,Organic,Mobile,/tutors,1,158,0,0,B,0
S03784,U2157,2024-12-04,2024-12,2024-W49,Organic,Mobile,/,5,128,0,0,B,0
S03785,U2660,2024-12-04,2024-12,2024-W49,Email,Desktop,/services,3,347,0,1,B,0
S03786,U2661,2024-12-04,2024-12,2024-W49,Direct,Desktop,/,2,171,0,1,B,0
S03787,U2662,2024-12-04,2024-12,2024-W49,Social,Mobile,/about,2,381,0,1,B,0
S03788,U2663,2024-12-04,2024-12,2024-W49,Organic,Desktop,/pricing,1,153,0,1,A,0
S03789,U2664,2024-12-04,2024-12,2024-W49,Direct,Desktop,/pricing,3,380,0,1,A,0
S03790,U2665,2024-12-04,2024-12,2024-W49,Email,Desktop,/,3,212,0,1,B,0
S03791,U2666,2024-12-04,2024-12,2024-W49,Email,Desktop,/,2,51,0,1,A,0
S03792,U2667,2024-12-05,2024-12,2024-W49,Direct,Mobile,/contact,2,62,0,1,B,0
S03793,U2668,2024-12-05,2024-12,2024-W49,Organic,Mobile,/tutors,2,222,0,1,A,0
S03794,U2669,2024-12-05,2024-12,2024-W49,Direct,Mobile,/pricing,1,278,0,1,B,0
S03795,U2104,2024-12-05,2024-12,2024-W49,Email,Desktop,/pricing,2,499,0,0,A,0
S03796,U2670,2024-12-05,2024-12,2024-W49,Organic,Desktop,/,7,59,0,1,A,0
S03797,U2671,2024-12-05,2024-12,2024-W49,Organic,Mobile,/contact,2,82,0,1,B,0
S03798,U2672,2024-12-05,2024-12,2024-W49,Email,Desktop,/pricing,1,200,0,1,B,0
S03799,U2673,2024-12-05,2024-12,2024-W49,Direct,Tablet,/services,4,201,0,1,A,0
S03800,U2674,2024-12-05,2024-12,2024-W49,Organic,Desktop,/about,1,727,0,1,B,0
S03801,U2675,2024-12-05,2024-12,2024-W49,Email,Mobile,/,7,750,0,1,A,0
S03802,U2676,2024-12-05,2024-12,2024-W49,Organic,Desktop,/about,3,311,0,1,B,0
S03803,U1753,2024-12-05,2024-12,2024-W49,Organic,Desktop,/about,2,550,0,0,B,0
S03804,U2677,2024-12-05,2024-12,2024-W49,Social,Mobile,/,8,657,0,1,B,0
S03805,U2604,2024-12-05,2024-12,2024-W49,Organic,Mobile,/services,2,92,0,0,A,0
S03806,U2678,2024-12-05,2024-12,2024-W49,Email,Mobile,/tutors,1,174,0,1,A,0
S03807,U2679,2024-12-05,2024-12,2024-W49,Email,Desktop,/,2,382,0,1,A,1
S03808,U0984,2024-12-05,2024-12,2024-W49,Organic,Desktop,/about,2,140,0,0,B,0
S03809,U0236,2024-12-05,2024-12,2024-W49,Direct,Mobile,/tutors,3,156,0,0,A,0
S03810,U2019,2024-12-05,2024-12,2024-W49,Organic,Mobile,/tutors,6,243,0,0,A,0
S03811,U1737,2024-12-05,2024-12,2024-W49,Direct,Mobile,/,2,295,0,0,B,0
S03812,U2680,2024-12-05,2024-12,2024-W49,Organic,Desktop,/tutors,2,290,0,1,A,0
S03813,U2681,2024-12-05,2024-12,2024-W49,Paid,Mobile,/tutors,6,288,0,1,B,0
S03814,U2682,2024-12-05,2024-12,2024-W49,Email,Desktop,/contact,3,777,0,1,B,0
S03815,U0057,2024-12-06,2024-12,2024-W49,Social,Mobile,/,3,121,0,0,A,0
S03816,U2683,2024-12-06,2024-12,2024-W49,Organic,Mobile,/services,4,341,0,1,A,0
S03817,U2684,2024-12-06,2024-12,2024-W49,Social,Mobile,/pricing,3,96,0,1,A,0
S03818,U2685,2024-12-06,2024-12,2024-W49,Direct,Desktop,/pricing,1,89,0,1,B,0
S03819,U2686,2024-12-06,2024-12,2024-W49,Social,Mobile,/services,1,183,0,1,B,0
S03820,U2687,2024-12-06,2024-12,2024-W49,Direct,Mobile,/,2,177,0,1,A,0
S03821,U2688,2024-12-06,2024-12,2024-W49,Organic,Desktop,/services,4,87,0,1,B,0
S03822,U2689,2024-12-06,2024-12,2024-W49,Organic,Mobile,/pricing,2,345,0,1,B,0
S03823,U2690,2024-12-06,2024-12,2024-W49,Direct,Desktop,/tutors,2,236,0,1,A,0
S03824,U2691,2024-12-06,2024-12,2024-W49,Organic,Desktop,/,2,218,0,1,A,0
S03825,U0547,2024-12-06,2024-12,2024-W49,Email,Desktop,/,2,131,0,0,A,0
S03826,U2692,2024-12-06,2024-12,2024-W49,Direct,Desktop,/services,6,339,0,1,A,0
S03827,U2693,2024-12-06,2024-12,2024-W49,Organic,Desktop,/services,4,319,0,1,A,0
S03828,U1024,2024-12-06,2024-12,2024-W49,Direct,Desktop,/contact,5,332,0,0,A,0
S03829,U2694,2024-12-06,2024-12,2024-W49,Paid,Mobile,/tutors,2,166,0,1,A,0
S03830,U1979,2024-12-06,2024-12,2024-W49,Direct,Desktop,/,4,161,0,0,B,0
S03831,U2586,2024-12-06,2024-12,2024-W49,Paid,Mobile,/,6,90,0,0,B,0
S03832,U1249,2024-12-06,2024-12,2024-W49,Organic,Desktop,/services,3,158,0,0,A,0
S03833,U2695,2024-12-06,2024-12,2024-W49,Organic,Desktop,/pricing,4,176,0,1,B,0
S03834,U2696,2024-12-06,2024-12,2024-W49,Organic,Desktop,/contact,5,56,0,1,A,0
S03835,U2697,2024-12-06,2024-12,2024-W49,Organic,Desktop,/,3,103,0,1,A,0
S03836,U0025,2024-12-06,2024-12,2024-W49,Social,Desktop,/,5,242,0,0,A,0
S03837,U2698,2024-12-06,2024-12,2024-W49,Organic,Mobile,/about,1,260,0,1,B,0
S03838,U0763,2024-12-06,2024-12,2024-W49,Organic,Mobile,/pricing,3,380,0,0,A,0
S03839,U1765,2024-12-06,2024-12,2024-W49,Organic,Desktop,/,2,1184,0,0,A,0
S03840,U2107,2024-12-06,2024-12,2024-W49,Direct,Desktop,/tutors,4,67,0,0,B,0
S03841,U2699,2024-12-06,2024-12,2024-W49,Email,Desktop,/services,2,74,0,1,A,0
S03842,U2690,2024-12-06,2024-12,2024-W49,Direct,Desktop,/contact,1,468,0,0,A,0
S03843,U2700,2024-12-06,2024-12,2024-W49,Email,Desktop,/tutors,3,68,0,1,B,0
S03844,U2701,2024-12-06,2024-12,2024-W49,Social,Desktop,/tutors,2,450,0,1,A,0
S03845,U2702,2024-12-06,2024-12,2024-W49,Organic,Desktop,/,5,143,0,1,A,0
S03846,U2703,2024-12-06,2024-12,2024-W49,Email,Mobile,/services,1,225,0,1,B,0
S03847,U2704,2024-12-06,2024-12,2024-W49,Social,Desktop,/tutors,1,308,0,1,A,0
S03848,U2705,2024-12-06,2024-12,2024-W49,Organic,Desktop,/services,4,445,0,1,A,1
S03849,U2706,2024-12-07,2024-12,2024-W49,Paid,Desktop,/tutors,2,91,0,1,A,0
S03850,U1167,2024-12-07,2024-12,2024-W49,Organic,Mobile,/tutors,2,89,0,0,B,1
S03851,U2707,2024-12-07,2024-12,2024-W49,Direct,Desktop,/,1,681,0,1,A,0
S03852,U2708,2024-12-07,2024-12,2024-W49,Organic,Mobile,/pricing,5,602,0,1,A,0
S03853,U1964,2024-12-07,2024-12,2024-W49,Organic,Desktop,/,4,61,0,0,A,0
S03854,U2709,2024-12-07,2024-12,2024-W49,Social,Mobile,/about,4,128,0,1,A,0
S03855,U2710,2024-12-07,2024-12,2024-W49,Email,Desktop,/about,4,96,0,1,B,0
S03856,U2711,2024-12-07,2024-12,2024-W49,Email,Mobile,/tutors,5,214,0,1,B,1
S03857,U2712,2024-12-07,2024-12,2024-W49,Direct,Tablet,/tutors,5,1013,0,1,B,0
S03858,U2713,2024-12-07,2024-12,2024-W49,Social,Desktop,/about,1,117,0,1,B,0
S03859,U2714,2024-12-07,2024-12,2024-W49,Email,Tablet,/,3,75,0,1,A,0
S03860,U0442,2024-12-07,2024-12,2024-W49,Organic,Desktop,/,3,1205,0,0,B,0
S03861,U1410,2024-12-07,2024-12,2024-W49,Organic,Mobile,/,2,400,0,0,B,0
S03862,U2715,2024-12-07,2024-12,2024-W49,Paid,Mobile,/services,1,230,0,1,A,0
S03863,U2716,2024-12-07,2024-12,2024-W49,Organic,Mobile,/services,4,843,0,1,B,0
S03864,U2717,2024-12-07,2024-12,2024-W49,Social,Desktop,/tutors,3,492,0,1,A,0
S03865,U2718,2024-12-07,2024-12,2024-W49,Organic,Desktop,/,5,356,0,1,B,0
S03866,U2719,2024-12-07,2024-12,2024-W49,Organic,Desktop,/about,6,534,0,1,B,0
S03867,U0625,2024-12-07,2024-12,2024-W49,Direct,Desktop,/contact,3,150,0,0,B,0
S03868,U1152,2024-12-07,2024-12,2024-W49,Organic,Tablet,/,5,78,0,0,A,0
S03869,U2720,2024-12-07,2024-12,2024-W49,Organic,Desktop,/tutors,4,235,0,1,A,0
S03870,U1758,2024-12-07,2024-12,2024-W49,Organic,Desktop,/services,3,102,0,0,B,0
S03871,U2721,2024-12-07,2024-12,2024-W49,Organic,Tablet,/tutors,3,448,0,1,B,0
S03872,U2722,2024-12-07,2024-12,2024-W49,Organic,Mobile,/,4,47,0,1,A,0
S03873,U2422,2024-12-07,2024-12,2024-W49,Organic,Desktop,/,3,89,0,0,B,0
S03874,U0494,2024-12-07,2024-12,2024-W49,Organic,Desktop,/pricing,5,561,0,0,B,0
S03875,U0788,2024-12-08,2024-12,2024-W49,Social,Desktop,/pricing,3,1337,0,0,A,0
S03876,U2723,2024-12-08,2024-12,2024-W49,Email,Mobile,/services,1,185,0,1,A,0
S03877,U0209,2024-12-08,2024-12,2024-W49,Social,Tablet,/pricing,3,254,0,0,B,0
S03878,U2724,2024-12-08,2024-12,2024-W49,Email,Mobile,/,9,56,0,1,B,0
S03879,U2725,2024-12-08,2024-12,2024-W49,Organic,Desktop,/about,4,53,0,1,B,0
S03880,U2726,2024-12-08,2024-12,2024-W49,Organic,Mobile,/,3,262,0,1,B,0
S03881,U2727,2024-12-08,2024-12,2024-W49,Direct,Mobile,/,2,60,0,1,A,0
S03882,U1490,2024-12-08,2024-12,2024-W49,Email,Desktop,/services,3,140,0,0,B,0
S03883,U2728,2024-12-08,2024-12,2024-W49,Paid,Desktop,/tutors,3,60,0,1,A,0
S03884,U2729,2024-12-08,2024-12,2024-W49,Direct,Desktop,/about,3,430,0,1,B,1
S03885,U0214,2024-12-08,2024-12,2024-W49,Organic,Mobile,/pricing,5,104,0,0,B,0
S03886,U2730,2024-12-08,2024-12,2024-W49,Email,Mobile,/,4,95,0,1,B,0
S03887,U2485,2024-12-08,2024-12,2024-W49,Social,Desktop,/about,5,424,0,0,B,0
S03888,U2013,2024-12-08,2024-12,2024-W49,Organic,Desktop,/,4,379,0,0,A,0
S03889,U2731,2024-12-08,2024-12,2024-W49,Direct,Desktop,/,4,806,0,1,A,0
S03890,U2261,2024-12-08,2024-12,2024-W49,Direct,Desktop,/,2,94,0,0,B,0
S03891,U1477,2024-12-08,2024-12,2024-W49,Direct,Desktop,/,2,529,0,0,A,0
S03892,U2732,2024-12-08,2024-12,2024-W49,Direct,Mobile,/,4,389,0,1,B,0
S03893,U2733,2024-12-08,2024-12,2024-W49,Organic,Desktop,/,3,156,0,1,A,0
S03894,U2734,2024-12-08,2024-12,2024-W49,Direct,Tablet,/pricing,2,252,0,1,A,0
S03895,U2735,2024-12-08,2024-12,2024-W49,Organic,Mobile,/,3,66,0,1,B,0
S03896,U2466,2024-12-08,2024-12,2024-W49,Direct,Desktop,/,4,203,0,0,B,0
S03897,U2736,2024-12-08,2024-12,2024-W49,Direct,Mobile,/services,3,427,0,1,A,0
S03898,U2737,2024-12-08,2024-12,2024-W49,Organic,Tablet,/tutors,5,197,0,1,B,0
S03899,U2738,2024-12-08,2024-12,2024-W49,Direct,Mobile,/,2,156,0,1,A,0
S03900,U2239,2024-12-08,2024-12,2024-W49,Direct,Mobile,/about,3,243,0,0,A,0
S03901,U2739,2024-12-08,2024-12,2024-W49,Organic,Desktop,/contact,2,598,0,1,A,0
S03902,U2740,2024-12-08,2024-12,2024-W49,Social,Desktop,/pricing,3,208,0,1,B,0
S03903,U0524,2024-12-08,2024-12,2024-W49,Organic,Mobile,/services,5,101,0,0,A,0
S03904,U2741,2024-12-08,2024-12,2024-W49,Organic,Mobile,/,4,122,0,1,A,0
S03905,U2742,2024-12-08,2024-12,2024-W49,Direct,Tablet,/,2,105,0,1,B,0
S03906,U2743,2024-12-08,2024-12,2024-W49,Social,Mobile,/tutors,3,219,0,1,A,0
S03907,U2744,2024-12-08,2024-12,2024-W49,Email,Mobile,/tutors,1,151,0,1,A,0
S03908,U2745,2024-12-08,2024-12,2024-W49,Organic,Mobile,/services,1,312,0,1,A,0
S03909,U1717,2024-12-08,2024-12,2024-W49,Email,Desktop,/pricing,1,132,0,0,A,0
S03910,U2746,2024-12-08,2024-12,2024-W49,Organic,Mobile,/tutors,3,645,0,1,B,0
S03911,U1123,2024-12-08,2024-12,2024-W49,Direct,Mobile,/services,1,108,0,0,A,0
S03912,U0187,2024-12-08,2024-12,2024-W49,Paid,Mobile,/,2,86,0,0,B,0
S03913,U0780,2024-12-09,2024-12,2024-W50,Organic,Mobile,/pricing,2,399,0,0,A,0
S03914,U2747,2024-12-09,2024-12,2024-W50,Organic,Desktop,/services,3,508,0,1,A,0
S03915,U2748,2024-12-09,2024-12,2024-W50,Organic,Mobile,/about,7,287,0,1,A,0
S03916,U2087,2024-12-09,2024-12,2024-W50,Organic,Mobile,/,2,254,0,0,A,0
S03917,U2749,2024-12-09,2024-12,2024-W50,Social,Mobile,/contact,3,166,0,1,B,0
S03918,U0754,2024-12-09,2024-12,2024-W50,Organic,Desktop,/,1,347,0,0,A,1
S03919,U2750,2024-12-09,2024-12,2024-W50,Social,Desktop,/pricing,4,308,0,1,A,0
S03920,U2101,2024-12-09,2024-12,2024-W50,Email,Desktop,/tutors,2,214,0,0,A,0
S03921,U2751,2024-12-09,2024-12,2024-W50,Paid,Mobile,/services,4,115,0,1,A,0
S03922,U2752,2024-12-09,2024-12,2024-W50,Direct,Mobile,/contact,2,189,0,1,B,0
S03923,U2753,2024-12-09,2024-12,2024-W50,Organic,Desktop,/tutors,1,177,0,1,B,0
S03924,U0187,2024-12-09,2024-12,2024-W50,Organic,Desktop,/tutors,2,353,0,0,B,0
S03925,U2620,2024-12-09,2024-12,2024-W50,Direct,Mobile,/about,2,265,0,0,B,0
S03926,U2754,2024-12-09,2024-12,2024-W50,Organic,Mobile,/,1,65,0,1,B,0
S03927,U0212,2024-12-09,2024-12,2024-W50,Paid,Mobile,/,1,211,0,0,B,0
S03928,U0861,2024-12-09,2024-12,2024-W50,Email,Mobile,/,4,266,0,0,B,0
S03929,U1424,2024-12-09,2024-12,2024-W50,Paid,Mobile,/,1,387,0,0,B,0
S03930,U2755,2024-12-09,2024-12,2024-W50,Organic,Mobile,/tutors,4,118,0,1,A,0
S03931,U2756,2024-12-09,2024-12,2024-W50,Email,Mobile,/about,4,96,0,1,B,0
S03932,U0548,2024-12-09,2024-12,2024-W50,Organic,Desktop,/,3,277,0,0,B,0
S03933,U2757,2024-12-09,2024-12,2024-W50,Paid,Tablet,/,1,72,0,1,A,0
S03934,U0043,2024-12-09,2024-12,2024-W50,Direct,Tablet,/contact,3,307,0,0,B,0
S03935,U1146,2024-12-09,2024-12,2024-W50,Direct,Desktop,/about,3,208,0,0,A,0
S03936,U2758,2024-12-09,2024-12,2024-W50,Paid,Mobile,/,7,294,0,1,A,0
S03937,U2759,2024-12-09,2024-12,2024-W50,Email,Mobile,/,7,124,0,1,A,0
S03938,U2760,2024-12-09,2024-12,2024-W50,Organic,Mobile,/,1,250,0,1,A,0
S03939,U2761,2024-12-09,2024-12,2024-W50,Direct,Mobile,/services,2,502,0,1,B,0
S03940,U2762,2024-12-10,2024-12,2024-W50,Social,Tablet,/pricing,1,29,1,1,B,0
S03941,U2763,2024-12-10,2024-12,2024-W50,Organic,Desktop,/,1,331,0,1,A,0
S03942,U2764,2024-12-10,2024-12,2024-W50,Organic,Desktop,/,4,155,0,1,B,0
S03943,U2383,2024-12-10,2024-12,2024-W50,Paid,Desktop,/,3,104,0,0,A,0
S03944,U2765,2024-12-10,2024-12,2024-W50,Email,Mobile,/,6,132,0,1,B,0
S03945,U2766,2024-12-10,2024-12,2024-W50,Organic,Desktop,/,3,887,0,1,A,0
S03946,U2767,2024-12-10,2024-12,2024-W50,Social,Mobile,/tutors,2,68,0,1,A,0
S03947,U2768,2024-12-10,2024-12,2024-W50,Direct,Mobile,/contact,5,110,0,1,B,0
S03948,U2769,2024-12-10,2024-12,2024-W50,Organic,Desktop,/,3,413,0,1,B,0
S03949,U2334,2024-12-10,2024-12,2024-W50,Organic,Desktop,/,3,930,0,0,A,0
S03950,U2770,2024-12-10,2024-12,2024-W50,Email,Desktop,/contact,3,492,0,1,A,0
S03951,U0668,2024-12-10,2024-12,2024-W50,Organic,Mobile,/about,4,229,0,0,A,0
S03952,U2771,2024-12-10,2024-12,2024-W50,Direct,Mobile,/about,1,351,0,1,B,0
S03953,U0588,2024-12-10,2024-12,2024-W50,Organic,Mobile,/tutors,3,730,0,0,B,0
S03954,U2643,2024-12-10,2024-12,2024-W50,Email,Desktop,/,5,95,0,0,B,0
S03955,U2158,2024-12-10,2024-12,2024-W50,Direct,Desktop,/,6,887,0,0,A,0
S03956,U2772,2024-12-10,2024-12,2024-W50,Direct,Mobile,/services,4,530,0,1,B,1
S03957,U1573,2024-12-10,2024-12,2024-W50,Organic,Tablet,/,2,1361,0,0,A,1
S03958,U2773,2024-12-10,2024-12,2024-W50,Organic,Desktop,/,3,39,0,1,B,0
S03959,U2774,2024-12-10,2024-12,2024-W50,Social,Desktop,/pricing,4,264,0,1,A,1
S03960,U0343,2024-12-10,2024-12,2024-W50,Organic,Desktop,/tutors,4,271,0,0,A,0
S03961,U2775,2024-12-10,2024-12,2024-W50,Email,Desktop,/services,5,72,0,1,B,0
S03962,U2776,2024-12-10,2024-12,2024-W50,Paid,Desktop,/,5,150,0,1,A,1
S03963,U2777,2024-12-10,2024-12,2024-W50,Email,Tablet,/about,3,207,0,1,A,0
S03964,U2778,2024-12-10,2024-12,2024-W50,Direct,Desktop,/,2,78,0,1,B,0
S03965,U0571,2024-12-10,2024-12,2024-W50,Email,Mobile,/,7,266,0,0,A,0
S03966,U2779,2024-12-10,2024-12,2024-W50,Email,Desktop,/services,1,127,0,1,B,0
S03967,U1359,2024-12-10,2024-12,2024-W50,Social,Desktop,/services,6,67,0,0,A,0
S03968,U2227,2024-12-10,2024-12,2024-W50,Direct,Mobile,/services,1,190,0,0,B,0
S03969,U2780,2024-12-10,2024-12,2024-W50,Organic,Mobile,/,2,639,0,1,A,0
S03970,U2781,2024-12-10,2024-12,2024-W50,Email,Desktop,/tutors,1,269,0,1,A,1
S03971,U2096,2024-12-10,2024-12,2024-W50,Social,Mobile,/,1,48,0,0,A,0
S03972,U2782,2024-12-10,2024-12,2024-W50,Social,Desktop,/pricing,4,440,0,1,B,1
S03973,U0929,2024-12-11,2024-12,2024-W50,Organic,Mobile,/pricing,5,90,0,0,B,0
S03974,U2685,2024-12-11,2024-12,2024-W50,Organic,Desktop,/services,2,82,0,0,B,0
S03975,U2783,2024-12-11,2024-12,2024-W50,Organic,Desktop,/,3,64,0,1,B,0
S03976,U2784,2024-12-11,2024-12,2024-W50,Organic,Mobile,/services,4,389,0,1,B,0
S03977,U2785,2024-12-11,2024-12,2024-W50,Email,Desktop,/services,1,80,0,1,B,0
S03978,U2786,2024-12-11,2024-12,2024-W50,Organic,Mobile,/,3,137,0,1,A,0
S03979,U2787,2024-12-11,2024-12,2024-W50,Email,Desktop,/pricing,5,55,0,1,A,0
S03980,U1367,2024-12-11,2024-12,2024-W50,Direct,Mobile,/tutors,2,338,0,0,A,0
S03981,U2788,2024-12-11,2024-12,2024-W50,Organic,Mobile,/tutors,3,520,0,1,B,0
S03982,U2789,2024-12-11,2024-12,2024-W50,Direct,Mobile,/tutors,1,529,0,1,A,0
S03983,U2173,2024-12-11,2024-12,2024-W50,Direct,Desktop,/,1,126,0,0,A,0
S03984,U1742,2024-12-11,2024-12,2024-W50,Direct,Mobile,/pricing,1,168,0,0,A,0
S03985,U2790,2024-12-11,2024-12,2024-W50,Social,Desktop,/about,5,75,0,1,A,0
S03986,U2791,2024-12-11,2024-12,2024-W50,Organic,Desktop,/tutors,4,135,0,1,A,0
S03987,U2045,2024-12-11,2024-12,2024-W50,Organic,Mobile,/pricing,1,241,0,0,A,0
S03988,U2792,2024-12-11,2024-12,2024-W50,Direct,Desktop,/services,2,38,0,1,B,0
S03989,U2793,2024-12-11,2024-12,2024-W50,Organic,Mobile,/,1,743,0,1,A,0
S03990,U0609,2024-12-11,2024-12,2024-W50,Organic,Mobile,/,2,51,0,0,B,0
S03991,U0606,2024-12-11,2024-12,2024-W50,Social,Desktop,/,6,586,0,0,A,0
S03992,U2794,2024-12-11,2024-12,2024-W50,Email,Tablet,/contact,6,221,0,1,B,0
S03993,U2795,2024-12-11,2024-12,2024-W50,Organic,Desktop,/tutors,4,324,0,1,B,1
S03994,U2796,2024-12-11,2024-12,2024-W50,Email,Desktop,/contact,6,246,0,1,B,0
S03995,U0371,2024-12-11,2024-12,2024-W50,Organic,Desktop,/services,6,91,0,0,B,0
S03996,U1578,2024-12-11,2024-12,2024-W50,Direct,Desktop,/tutors,2,53,0,0,A,0
S03997,U2797,2024-12-11,2024-12,2024-W50,Organic,Mobile,/services,3,67,0,1,B,0
S03998,U2798,2024-12-11,2024-12,2024-W50,Social,Mobile,/services,3,162,0,1,A,0
S03999,U2799,2024-12-11,2024-12,2024-W50,Direct,Desktop,/pricing,5,89,0,1,B,0
S04000,U2800,2024-12-11,2024-12,2024-W50,Organic,Desktop,/services,8,76,0,1,B,0
S04001,U2801,2024-12-11,2024-12,2024-W50,Email,Mobile,/,3,430,0,1,B,0
S04002,U2802,2024-12-12,2024-12,2024-W50,Organic,Mobile,/,6,113,0,1,A,0
S04003,U2803,2024-12-12,2024-12,2024-W50,Organic,Mobile,/,4,138,0,1,B,0
S04004,U1728,2024-12-12,2024-12,2024-W50,Organic,Desktop,/tutors,1,135,0,0,A,0
S04005,U2804,2024-12-12,2024-12,2024-W50,Organic,Desktop,/pricing,6,417,0,1,A,0
S04006,U0358,2024-12-12,2024-12,2024-W50,Direct,Tablet,/pricing,5,381,0,0,B,0
S04007,U0071,2024-12-12,2024-12,2024-W50,Email,Desktop,/pricing,3,260,0,0,B,0
S04008,U2805,2024-12-12,2024-12,2024-W50,Organic,Mobile,/services,5,586,0,1,A,0
S04009,U1431,2024-12-12,2024-12,2024-W50,Organic,Desktop,/,5,310,0,0,B,0
S04010,U2806,2024-12-12,2024-12,2024-W50,Organic,Desktop,/,4,190,0,1,A,0
S04011,U1886,2024-12-12,2024-12,2024-W50,Paid,Mobile,/about,4,127,0,0,A,0
S04012,U2807,2024-12-12,2024-12,2024-W50,Paid,Mobile,/tutors,5,482,0,1,B,0
S04013,U2808,2024-12-12,2024-12,2024-W50,Direct,Tablet,/tutors,3,84,0,1,A,0
S04014,U2809,2024-12-12,2024-12,2024-W50,Direct,Desktop,/tutors,3,106,0,1,B,1
S04015,U0587,2024-12-12,2024-12,2024-W50,Direct,Desktop,/,2,165,0,0,A,0
S04016,U1740,2024-12-12,2024-12,2024-W50,Organic,Desktop,/,3,293,0,0,B,0
S04017,U2810,2024-12-12,2024-12,2024-W50,Paid,Mobile,/,3,167,0,1,B,0
S04018,U2433,2024-12-12,2024-12,2024-W50,Direct,Mobile,/about,2,237,0,0,B,0
S04019,U1497,2024-12-12,2024-12,2024-W50,Social,Mobile,/pricing,2,84,0,0,A,0
S04020,U0052,2024-12-12,2024-12,2024-W50,Direct,Desktop,/services,3,208,0,0,B,0
S04021,U2811,2024-12-12,2024-12,2024-W50,Email,Desktop,/pricing,1,198,0,1,A,0
S04022,U0574,2024-12-12,2024-12,2024-W50,Organic,Desktop,/about,5,97,0,0,A,0
S04023,U2812,2024-12-12,2024-12,2024-W50,Organic,Desktop,/,1,355,0,1,A,0
S04024,U2813,2024-12-12,2024-12,2024-W50,Direct,Mobile,/,5,160,0,1,A,0
S04025,U2814,2024-12-12,2024-12,2024-W50,Organic,Desktop,/pricing,1,373,0,1,B,0
S04026,U0639,2024-12-12,2024-12,2024-W50,Direct,Mobile,/services,3,384,0,0,A,0
S04027,U2815,2024-12-12,2024-12,2024-W50,Social,Desktop,/services,5,114,0,1,A,0
S04028,U0657,2024-12-12,2024-12,2024-W50,Organic,Desktop,/services,2,122,0,0,A,1
S04029,U2816,2024-12-12,2024-12,2024-W50,Organic,Tablet,/,5,213,0,1,A,0
S04030,U2817,2024-12-12,2024-12,2024-W50,Organic,Desktop,/,4,110,0,1,B,0
S04031,U2818,2024-12-12,2024-12,2024-W50,Direct,Desktop,/services,2,50,0,1,B,0
S04032,U2819,2024-12-12,2024-12,2024-W50,Paid,Mobile,/services,1,190,0,1,B,0
S04033,U2820,2024-12-12,2024-12,2024-W50,Organic,Mobile,/pricing,2,51,0,1,A,0
S04034,U2821,2024-12-12,2024-12,2024-W50,Organic,Mobile,/tutors,1,282,0,1,B,0
S04035,U2822,2024-12-13,2024-12,2024-W50,Email,Mobile,/,5,357,0,1,A,0
S04036,U2536,2024-12-13,2024-12,2024-W50,Social,Mobile,/services,3,137,0,0,A,0
S04037,U2823,2024-12-13,2024-12,2024-W50,Organic,Mobile,/,3,192,0,1,B,0
S04038,U2824,2024-12-13,2024-12,2024-W50,Direct,Mobile,/pricing,1,145,0,1,B,0
S04039,U1919,2024-12-13,2024-12,2024-W50,Email,Desktop,/services,4,393,0,0,B,0
S04040,U2825,2024-12-13,2024-12,2024-W50,Direct,Desktop,/tutors,5,127,0,1,A,0
S04041,U2826,2024-12-13,2024-12,2024-W50,Direct,Desktop,/services,3,93,0,1,B,1
S04042,U2827,2024-12-13,2024-12,2024-W50,Direct,Mobile,/tutors,1,328,0,1,B,0
S04043,U0428,2024-12-13,2024-12,2024-W50,Direct,Mobile,/,1,160,0,0,A,0
S04044,U2828,2024-12-13,2024-12,2024-W50,Organic,Mobile,/about,3,392,0,1,A,0
S04045,U1156,2024-12-13,2024-12,2024-W50,Social,Desktop,/tutors,1,59,0,0,A,0
S04046,U0868,2024-12-13,2024-12,2024-W50,Organic,Desktop,/tutors,1,318,0,0,B,0
S04047,U2829,2024-12-13,2024-12,2024-W50,Organic,Mobile,/,2,82,0,1,B,0
S04048,U2830,2024-12-13,2024-12,2024-W50,Social,Mobile,/pricing,3,68,0,1,B,0
S04049,U1103,2024-12-13,2024-12,2024-W50,Paid,Mobile,/,1,178,0,0,A,0
S04050,U2831,2024-12-13,2024-12,2024-W50,Organic,Desktop,/,3,173,0,1,A,1
S04051,U2832,2024-12-13,2024-12,2024-W50,Organic,Mobile,/tutors,4,72,0,1,B,0
S04052,U0382,2024-12-13,2024-12,2024-W50,Organic,Desktop,/,4,219,0,0,B,0
S04053,U1461,2024-12-13,2024-12,2024-W50,Email,Mobile,/pricing,3,17,0,0,B,0
S04054,U2833,2024-12-13,2024-12,2024-W50,Organic,Mobile,/tutors,6,1581,0,1,B,0
S04055,U2834,2024-12-13,2024-12,2024-W50,Social,Desktop,/tutors,1,82,0,1,A,0
S04056,U2835,2024-12-13,2024-12,2024-W50,Email,Mobile,/about,2,204,0,1,B,1
S04057,U2836,2024-12-13,2024-12,2024-W50,Direct,Desktop,/tutors,4,268,0,1,B,0
S04058,U2837,2024-12-13,2024-12,2024-W50,Organic,Desktop,/,3,229,0,1,A,0
S04059,U2838,2024-12-13,2024-12,2024-W50,Email,Desktop,/tutors,3,249,0,1,B,0
S04060,U1566,2024-12-13,2024-12,2024-W50,Organic,Desktop,/,2,143,0,0,B,0
S04061,U2839,2024-12-13,2024-12,2024-W50,Paid,Tablet,/,2,552,0,1,B,1
S04062,U2796,2024-12-13,2024-12,2024-W50,Direct,Mobile,/tutors,6,136,0,0,B,0
S04063,U2840,2024-12-13,2024-12,2024-W50,Email,Desktop,/,1,57,0,1,B,1
S04064,U2841,2024-12-13,2024-12,2024-W50,Social,Mobile,/,5,1124,0,1,A,0
S04065,U2842,2024-12-13,2024-12,2024-W50,Social,Desktop,/tutors,2,169,0,1,A,0
S04066,U2843,2024-12-13,2024-12,2024-W50,Organic,Mobile,/tutors,3,64,0,1,B,0
S04067,U2844,2024-12-13,2024-12,2024-W50,Paid,Mobile,/pricing,2,67,0,1,A,0
S04068,U2845,2024-12-13,2024-12,2024-W50,Social,Mobile,/tutors,5,82,0,1,A,0
S04069,U2846,2024-12-13,2024-12,2024-W50,Paid,Mobile,/tutors,4,258,0,1,B,0
S04070,U2847,2024-12-13,2024-12,2024-W50,Social,Desktop,/services,3,243,0,1,B,0
S04071,U2848,2024-12-13,2024-12,2024-W50,Organic,Desktop,/,9,138,0,1,B,0
S04072,U2849,2024-12-13,2024-12,2024-W50,Organic,Mobile,/services,1,145,0,1,A,0
S04073,U2850,2024-12-14,2024-12,2024-W50,Organic,Mobile,/services,5,443,0,1,B,0
S04074,U2501,2024-12-14,2024-12,2024-W50,Email,Mobile,/tutors,2,155,0,0,A,0
S04075,U2851,2024-12-14,2024-12,2024-W50,Direct,Desktop,/pricing,6,184,0,1,A,0
S04076,U2852,2024-12-14,2024-12,2024-W50,Paid,Mobile,/about,5,172,0,1,B,0
S04077,U1268,2024-12-14,2024-12,2024-W50,Organic,Desktop,/pricing,3,94,0,0,A,0
S04078,U2853,2024-12-14,2024-12,2024-W50,Social,Mobile,/services,1,281,0,1,B,0
S04079,U0386,2024-12-14,2024-12,2024-W50,Organic,Desktop,/services,4,50,0,0,A,0
S04080,U1211,2024-12-14,2024-12,2024-W50,Organic,Mobile,/services,3,68,0,0,B,0
S04081,U1489,2024-12-14,2024-12,2024-W50,Organic,Desktop,/,2,69,0,0,B,0
S04082,U1888,2024-12-14,2024-12,2024-W50,Organic,Desktop,/pricing,2,183,0,0,A,0
S04083,U2854,2024-12-14,2024-12,2024-W50,Social,Desktop,/services,2,233,0,1,A,0
S04084,U2855,2024-12-14,2024-12,2024-W50,Email,Mobile,/,2,88,0,1,B,0
S04085,U0508,2024-12-14,2024-12,2024-W50,Direct,Desktop,/,2,370,0,0,A,0
S04086,U2856,2024-12-14,2024-12,2024-W50,Direct,Mobile,/tutors,3,365,0,1,B,0
S04087,U1676,2024-12-14,2024-12,2024-W50,Direct,Mobile,/pricing,2,105,0,0,B,0
S04088,U2857,2024-12-14,2024-12,2024-W50,Organic,Desktop,/,3,236,0,1,B,0
S04089,U2858,2024-12-14,2024-12,2024-W50,Direct,Desktop,/,4,305,0,1,B,0
S04090,U2859,2024-12-14,2024-12,2024-W50,Social,Desktop,/pricing,2,153,0,1,A,0
S04091,U2860,2024-12-14,2024-12,2024-W50,Direct,Mobile,/,4,260,0,1,A,0
S04092,U2796,2024-12-14,2024-12,2024-W50,Organic,Desktop,/tutors,1,235,0,0,B,1
S04093,U2861,2024-12-14,2024-12,2024-W50,Organic,Mobile,/pricing,2,45,0,1,A,0
S04094,U2862,2024-12-14,2024-12,2024-W50,Organic,Mobile,/services,3,61,0,1,A,0
S04095,U2863,2024-12-14,2024-12,2024-W50,Direct,Desktop,/services,1,326,0,1,B,0
S04096,U1540,2024-12-14,2024-12,2024-W50,Direct,Mobile,/tutors,1,104,0,0,B,0
S04097,U2864,2024-12-14,2024-12,2024-W50,Organic,Desktop,/tutors,1,367,0,1,B,1
S04098,U2865,2024-12-14,2024-12,2024-W50,Organic,Mobile,/services,5,181,0,1,A,0
S04099,U1909,2024-12-14,2024-12,2024-W50,Organic,Desktop,/,3,452,0,0,B,0
S04100,U2866,2024-12-14,2024-12,2024-W50,Direct,Desktop,/about,7,133,0,1,B,0
S04101,U0739,2024-12-14,2024-12,2024-W50,Direct,Desktop,/services,6,92,0,0,B,0
S04102,U2867,2024-12-14,2024-12,2024-W50,Social,Mobile,/services,3,34,0,1,A,0
S04103,U2868,2024-12-14,2024-12,2024-W50,Direct,Mobile,/services,6,136,0,1,B,0
S04104,U2869,2024-12-14,2024-12,2024-W50,Direct,Desktop,/tutors,2,86,0,1,B,0
S04105,U2870,2024-12-14,2024-12,2024-W50,Organic,Desktop,/,1,142,0,1,B,0
S04106,U2871,2024-12-15,2024-12,2024-W50,Email,Tablet,/tutors,2,406,0,1,A,0
S04107,U0157,2024-12-15,2024-12,2024-W50,Organic,Mobile,/services,1,641,0,0,A,0
S04108,U2872,2024-12-15,2024-12,2024-W50,Direct,Mobile,/pricing,6,403,0,1,A,0
S04109,U2328,2024-12-15,2024-12,2024-W50,Organic,Desktop,/pricing,4,221,0,0,A,1
S04110,U2873,2024-12-15,2024-12,2024-W50,Direct,Desktop,/services,4,95,0,1,A,0
S04111,U2874,2024-12-15,2024-12,2024-W50,Social,Desktop,/contact,6,1153,0,1,B,0
S04112,U2875,2024-12-15,2024-12,2024-W50,Social,Desktop,/services,6,164,0,1,B,0
S04113,U0094,2024-12-15,2024-12,2024-W50,Direct,Mobile,/,4,100,0,0,B,0
S04114,U2876,2024-12-15,2024-12,2024-W50,Organic,Desktop,/pricing,6,214,0,1,A,0
S04115,U2877,2024-12-15,2024-12,2024-W50,Email,Mobile,/contact,5,32,0,1,B,1
S04116,U1660,2024-12-15,2024-12,2024-W50,Organic,Desktop,/,3,59,0,0,A,0
S04117,U2878,2024-12-15,2024-12,2024-W50,Direct,Desktop,/services,3,59,0,1,A,0
S04118,U2879,2024-12-15,2024-12,2024-W50,Direct,Desktop,/tutors,3,157,0,1,B,0
S04119,U2880,2024-12-15,2024-12,2024-W50,Organic,Mobile,/about,4,441,0,1,A,0
S04120,U1756,2024-12-15,2024-12,2024-W50,Direct,Desktop,/tutors,2,135,0,0,A,0
S04121,U2881,2024-12-15,2024-12,2024-W50,Email,Mobile,/,3,95,0,1,B,0
S04122,U2882,2024-12-15,2024-12,2024-W50,Paid,Tablet,/services,2,235,0,1,B,0
S04123,U2883,2024-12-15,2024-12,2024-W50,Social,Desktop,/about,4,174,0,1,B,0
S04124,U2854,2024-12-15,2024-12,2024-W50,Organic,Desktop,/,1,58,0,0,A,0
S04125,U2884,2024-12-15,2024-12,2024-W50,Organic,Tablet,/services,1,170,0,1,A,0
S04126,U2885,2024-12-15,2024-12,2024-W50,Organic,Desktop,/,5,369,0,1,B,0
S04127,U2886,2024-12-15,2024-12,2024-W50,Social,Mobile,/,5,296,0,1,B,0
S04128,U2887,2024-12-15,2024-12,2024-W50,Organic,Desktop,/pricing,3,58,0,1,B,0
S04129,U2721,2024-12-15,2024-12,2024-W50,Email,Desktop,/pricing,4,235,0,0,B,0
S04130,U2888,2024-12-15,2024-12,2024-W50,Direct,Mobile,/,3,197,0,1,A,0
S04131,U2889,2024-12-15,2024-12,2024-W50,Social,Desktop,/,5,51,0,1,A,0
S04132,U1879,2024-12-15,2024-12,2024-W50,Organic,Desktop,/tutors,2,75,0,0,B,0
S04133,U2890,2024-12-15,2024-12,2024-W50,Organic,Desktop,/pricing,3,201,0,1,A,0
S04134,U2891,2024-12-15,2024-12,2024-W50,Email,Mobile,/tutors,3,138,0,1,A,0
S04135,U0016,2024-12-15,2024-12,2024-W50,Social,Desktop,/pricing,1,192,0,0,A,0
S04136,U2892,2024-12-15,2024-12,2024-W50,Organic,Mobile,/services,1,185,0,1,B,0
S04137,U2893,2024-12-15,2024-12,2024-W50,Organic,Mobile,/about,5,96,0,1,A,0
S04138,U2894,2024-12-15,2024-12,2024-W50,Email,Desktop,/services,8,483,0,1,A,1
S04139,U2895,2024-12-15,2024-12,2024-W50,Direct,Mobile,/about,4,100,0,1,A,0
S04140,U2896,2024-12-15,2024-12,2024-W50,Direct,Desktop,/pricing,4,73,0,1,B,0
S04141,U2897,2024-12-16,2024-12,2024-W51,Direct,Desktop,/tutors,1,130,0,1,A,0
S04142,U0783,2024-12-16,2024-12,2024-W51,Direct,Mobile,/,5,140,0,0,B,0
S04143,U2898,2024-12-16,2024-12,2024-W51,Email,Desktop,/,2,127,0,1,A,1
S04144,U2899,2024-12-16,2024-12,2024-W51,Organic,Tablet,/services,7,608,0,1,A,1
S04145,U2900,2024-12-16,2024-12,2024-W51,Organic,Mobile,/tutors,3,401,0,1,B,0
S04146,U2901,2024-12-16,2024-12,2024-W51,Organic,Desktop,/pricing,2,606,0,1,B,0
S04147,U2902,2024-12-16,2024-12,2024-W51,Direct,Desktop,/pricing,2,283,0,1,B,0
S04148,U2903,2024-12-16,2024-12,2024-W51,Direct,Mobile,/,1,431,0,1,B,0
S04149,U2904,2024-12-16,2024-12,2024-W51,Organic,Desktop,/,1,478,0,1,B,0
S04150,U2905,2024-12-16,2024-12,2024-W51,Paid,Mobile,/contact,3,570,0,1,A,0
S04151,U1755,2024-12-16,2024-12,2024-W51,Email,Mobile,/,2,201,0,0,B,0
S04152,U2906,2024-12-16,2024-12,2024-W51,Organic,Mobile,/,2,1491,0,1,A,0
S04153,U2907,2024-12-16,2024-12,2024-W51,Direct,Mobile,/tutors,1,79,0,1,A,0
S04154,U2908,2024-12-16,2024-12,2024-W51,Organic,Mobile,/about,3,296,0,1,A,0
S04155,U2909,2024-12-16,2024-12,2024-W51,Social,Desktop,/,6,83,0,1,B,0
S04156,U2910,2024-12-16,2024-12,2024-W51,Direct,Desktop,/,1,140,0,1,B,0
S04157,U0359,2024-12-16,2024-12,2024-W51,Organic,Mobile,/,1,555,0,0,A,0
S04158,U2661,2024-12-16,2024-12,2024-W51,Organic,Desktop,/,4,98,0,0,B,1
S04159,U2911,2024-12-16,2024-12,2024-W51,Social,Mobile,/about,1,135,0,1,A,0
S04160,U2912,2024-12-16,2024-12,2024-W51,Organic,Mobile,/,3,226,0,1,B,0
S04161,U2913,2024-12-16,2024-12,2024-W51,Paid,Desktop,/,3,162,0,1,B,0
S04162,U2914,2024-12-16,2024-12,2024-W51,Direct,Desktop,/contact,4,137,0,1,A,0
S04163,U2915,2024-12-16,2024-12,2024-W51,Email,Desktop,/,3,349,0,1,A,0
S04164,U1863,2024-12-16,2024-12,2024-W51,Organic,Desktop,/about,5,181,0,0,B,0
S04165,U1924,2024-12-16,2024-12,2024-W51,Direct,Desktop,/services,2,144,0,0,B,0
S04166,U2916,2024-12-16,2024-12,2024-W51,Direct,Mobile,/pricing,3,155,0,1,A,0
S04167,U2917,2024-12-16,2024-12,2024-W51,Organic,Desktop,/pricing,1,135,0,1,B,0
S04168,U2918,2024-12-16,2024-12,2024-W51,Organic,Desktop,/,5,523,0,1,B,0
S04169,U2919,2024-12-17,2024-12,2024-W51,Direct,Desktop,/tutors,4,140,0,1,A,0
S04170,U2920,2024-12-17,2024-12,2024-W51,Direct,Mobile,/,3,214,0,1,A,0
S04171,U2698,2024-12-17,2024-12,2024-W51,Paid,Desktop,/about,4,274,0,0,B,0
S04172,U2921,2024-12-17,2024-12,2024-W51,Email,Desktop,/,5,169,0,1,B,0
S04173,U2922,2024-12-17,2024-12,2024-W51,Email,Mobile,/,3,52,0,1,B,0
S04174,U2923,2024-12-17,2024-12,2024-W51,Organic,Desktop,/pricing,5,371,0,1,A,0
S04175,U0629,2024-12-17,2024-12,2024-W51,Direct,Mobile,/,2,87,0,0,B,0
S04176,U2924,2024-12-17,2024-12,2024-W51,Paid,Mobile,/,1,153,0,1,A,0
S04177,U2925,2024-12-17,2024-12,2024-W51,Direct,Mobile,/contact,1,303,0,1,A,0
S04178,U2344,2024-12-17,2024-12,2024-W51,Organic,Mobile,/services,2,132,0,0,A,0
S04179,U1604,2024-12-17,2024-12,2024-W51,Paid,Desktop,/contact,2,82,0,0,A,0
S04180,U2926,2024-12-17,2024-12,2024-W51,Organic,Desktop,/,2,162,0,1,A,0
S04181,U2927,2024-12-17,2024-12,2024-W51,Organic,Desktop,/services,7,394,0,1,B,0
S04182,U2607,2024-12-17,2024-12,2024-W51,Social,Desktop,/about,5,739,0,0,B,0
S04183,U2928,2024-12-17,2024-12,2024-W51,Organic,Mobile,/,1,515,0,1,A,0
S04184,U2929,2024-12-17,2024-12,2024-W51,Organic,Desktop,/contact,3,70,0,1,A,0
S04185,U2909,2024-12-17,2024-12,2024-W51,Direct,Mobile,/pricing,3,96,0,0,B,0
S04186,U2930,2024-12-17,2024-12,2024-W51,Direct,Desktop,/pricing,3,50,0,1,B,0
S04187,U2931,2024-12-17,2024-12,2024-W51,Paid,Desktop,/,4,157,0,1,A,0
S04188,U2932,2024-12-17,2024-12,2024-W51,Direct,Desktop,/tutors,4,281,0,1,A,0
S04189,U2933,2024-12-17,2024-12,2024-W51,Organic,Desktop,/services,5,229,0,1,B,0
S04190,U0383,2024-12-17,2024-12,2024-W51,Organic,Desktop,/about,4,238,0,0,A,1
S04191,U2431,2024-12-17,2024-12,2024-W51,Organic,Mobile,/,2,240,0,0,A,0
S04192,U2934,2024-12-17,2024-12,2024-W51,Direct,Mobile,/,2,201,0,1,B,0
S04193,U2935,2024-12-17,2024-12,2024-W51,Paid,Mobile,/tutors,1,76,0,1,B,0
S04194,U0535,2024-12-17,2024-12,2024-W51,Social,Desktop,/,1,94,0,0,A,0
S04195,U2936,2024-12-17,2024-12,2024-W51,Paid,Desktop,/,4,515,0,1,A,0
S04196,U2673,2024-12-17,2024-12,2024-W51,Social,Desktop,/,1,123,0,0,A,0
S04197,U2194,2024-12-17,2024-12,2024-W51,Direct,Mobile,/,4,307,0,0,A,0
S04198,U2937,2024-12-17,2024-12,2024-W51,Organic,Desktop,/services,5,449,0,1,A,0
S04199,U2938,2024-12-18,2024-12,2024-W51,Organic,Mobile,/tutors,4,190,0,1,A,0
S04200,U0340,2024-12-18,2024-12,2024-W51,Email,Mobile,/,2,94,0,0,A,0
S04201,U2939,2024-12-18,2024-12,2024-W51,Organic,Desktop,/,4,213,0,1,B,0
S04202,U2940,2024-12-18,2024-12,2024-W51,Direct,Desktop,/,4,538,0,1,B,0
S04203,U2941,2024-12-18,2024-12,2024-W51,Direct,Mobile,/services,2,134,0,1,B,0
S04204,U1157,2024-12-18,2024-12,2024-W51,Organic,Desktop,/,2,122,0,0,B,0
S04205,U0317,2024-12-18,2024-12,2024-W51,Social,Mobile,/about,4,139,0,0,B,0
S04206,U2942,2024-12-18,2024-12,2024-W51,Organic,Desktop,/,3,128,0,1,B,0
S04207,U2943,2024-12-18,2024-12,2024-W51,Social,Desktop,/pricing,5,266,0,1,B,0
S04208,U0302,2024-12-18,2024-12,2024-W51,Direct,Mobile,/about,2,53,0,0,A,0
S04209,U2944,2024-12-18,2024-12,2024-W51,Organic,Desktop,/pricing,5,107,0,1,A,0
S04210,U2945,2024-12-18,2024-12,2024-W51,Email,Desktop,/tutors,3,84,0,1,A,0
S04211,U2946,2024-12-18,2024-12,2024-W51,Organic,Tablet,/pricing,1,102,0,1,A,0
S04212,U1224,2024-12-18,2024-12,2024-W51,Paid,Desktop,/pricing,2,400,0,0,B,1
S04213,U2324,2024-12-18,2024-12,2024-W51,Organic,Mobile,/,2,246,0,0,A,0
S04214,U2947,2024-12-18,2024-12,2024-W51,Organic,Mobile,/services,3,100,0,1,A,0
S04215,U2948,2024-12-18,2024-12,2024-W51,Organic,Mobile,/,5,208,0,1,B,0
S04216,U2949,2024-12-18,2024-12,2024-W51,Direct,Mobile,/tutors,1,118,0,1,A,0
S04217,U2138,2024-12-18,2024-12,2024-W51,Organic,Mobile,/about,6,138,0,0,B,0
S04218,U2950,2024-12-18,2024-12,2024-W51,Direct,Desktop,/contact,2,148,0,1,A,0
S04219,U0095,2024-12-18,2024-12,2024-W51,Organic,Desktop,/about,1,340,0,0,A,0
S04220,U2951,2024-12-18,2024-12,2024-W51,Organic,Mobile,/,3,691,0,1,A,0
S04221,U2952,2024-12-18,2024-12,2024-W51,Direct,Desktop,/pricing,4,1344,0,1,B,0
S04222,U0568,2024-12-18,2024-12,2024-W51,Paid,Tablet,/,6,185,0,0,B,0
S04223,U2953,2024-12-18,2024-12,2024-W51,Organic,Mobile,/about,5,65,0,1,B,0
S04224,U1973,2024-12-18,2024-12,2024-W51,Organic,Desktop,/services,6,294,0,0,B,0
S04225,U2901,2024-12-18,2024-12,2024-W51,Organic,Tablet,/services,2,158,0,0,B,0
S04226,U2031,2024-12-18,2024-12,2024-W51,Direct,Tablet,/,1,747,0,0,A,0
S04227,U2954,2024-12-18,2024-12,2024-W51,Organic,Mobile,/about,3,332,0,1,B,0
S04228,U0811,2024-12-18,2024-12,2024-W51,Organic,Desktop,/tutors,4,94,0,0,B,0
S04229,U2955,2024-12-18,2024-12,2024-W51,Social,Desktop,/,2,82,0,1,B,0
S04230,U2956,2024-12-18,2024-12,2024-W51,Organic,Desktop,/about,1,157,0,1,A,0
S04231,U2957,2024-12-18,2024-12,2024-W51,Organic,Mobile,/tutors,1,121,0,1,A,0
S04232,U2958,2024-12-18,2024-12,2024-W51,Direct,Desktop,/tutors,4,370,0,1,A,0
S04233,U2959,2024-12-18,2024-12,2024-W51,Organic,Mobile,/,2,253,0,1,A,0
S04234,U2960,2024-12-18,2024-12,2024-W51,Organic,Desktop,/,4,54,0,1,B,0
S04235,U2961,2024-12-18,2024-12,2024-W51,Direct,Tablet,/services,1,71,0,1,B,0
S04236,U2962,2024-12-18,2024-12,2024-W51,Email,Desktop,/contact,4,597,0,1,B,0
S04237,U2963,2024-12-18,2024-12,2024-W51,Organic,Mobile,/contact,1,151,0,1,A,0
S04238,U2964,2024-12-19,2024-12,2024-W51,Direct,Mobile,/services,5,62,0,1,A,0
S04239,U0139,2024-12-19,2024-12,2024-W51,Social,Mobile,/pricing,2,184,0,0,B,0
S04240,U1679,2024-12-19,2024-12,2024-W51,Organic,Mobile,/,2,212,0,0,B,0
S04241,U2965,2024-12-19,2024-12,2024-W51,Social,Desktop,/pricing,4,246,0,1,B,0
S04242,U2966,2024-12-19,2024-12,2024-W51,Social,Desktop,/,4,237,0,1,A,0
S04243,U0737,2024-12-19,2024-12,2024-W51,Organic,Desktop,/,5,150,0,0,B,0
S04244,U2967,2024-12-19,2024-12,2024-W51,Paid,Desktop,/about,3,415,0,1,A,0
S04245,U0882,2024-12-19,2024-12,2024-W51,Social,Desktop,/,2,125,0,0,A,0
S04246,U2968,2024-12-19,2024-12,2024-W51,Direct,Mobile,/services,6,145,0,1,A,0
S04247,U1305,2024-12-19,2024-12,2024-W51,Direct,Mobile,/,4,567,0,0,B,0
S04248,U2969,2024-12-19,2024-12,2024-W51,Direct,Desktop,/services,3,521,0,1,A,0
S04249,U2970,2024-12-19,2024-12,2024-W51,Organic,Desktop,/,3,178,0,1,B,0
S04250,U0272,2024-12-19,2024-12,2024-W51,Organic,Mobile,/services,1,34,0,0,A,0
S04251,U2971,2024-12-19,2024-12,2024-W51,Paid,Mobile,/contact,4,173,0,1,B,0
S04252,U1139,2024-12-19,2024-12,2024-W51,Direct,Mobile,/pricing,3,200,0,0,B,0
S04253,U2972,2024-12-19,2024-12,2024-W51,Direct,Mobile,/tutors,2,365,0,1,B,0
S04254,U2973,2024-12-19,2024-12,2024-W51,Organic,Tablet,/services,3,870,0,1,B,0
S04255,U2974,2024-12-19,2024-12,2024-W51,Paid,Desktop,/,4,223,0,1,B,0
S04256,U2975,2024-12-19,2024-12,2024-W51,Direct,Tablet,/services,3,113,0,1,B,0
S04257,U0204,2024-12-19,2024-12,2024-W51,Direct,Desktop,/pricing,3,471,0,0,A,0
S04258,U2976,2024-12-19,2024-12,2024-W51,Organic,Desktop,/services,3,141,0,1,A,0
S04259,U2977,2024-12-19,2024-12,2024-W51,Direct,Desktop,/services,3,237,0,1,A,0
S04260,U1339,2024-12-19,2024-12,2024-W51,Organic,Desktop,/tutors,5,317,0,0,B,0
S04261,U0088,2024-12-19,2024-12,2024-W51,Social,Mobile,/services,8,138,0,0,B,0
S04262,U2978,2024-12-19,2024-12,2024-W51,Direct,Desktop,/,1,700,0,1,B,0
S04263,U2979,2024-12-19,2024-12,2024-W51,Social,Desktop,/,5,106,0,1,A,0
S04264,U1650,2024-12-19,2024-12,2024-W51,Direct,Desktop,/about,2,68,0,0,B,1
S04265,U2980,2024-12-19,2024-12,2024-W51,Organic,Tablet,/services,3,1359,0,1,B,0
S04266,U2981,2024-12-19,2024-12,2024-W51,Social,Mobile,/contact,2,200,0,1,B,1
S04267,U2982,2024-12-19,2024-12,2024-W51,Social,Desktop,/services,2,196,0,1,A,0
S04268,U2983,2024-12-19,2024-12,2024-W51,Organic,Desktop,/services,6,81,0,1,A,0
S04269,U2984,2024-12-19,2024-12,2024-W51,Organic,Mobile,/tutors,7,229,0,1,A,0
S04270,U1283,2024-12-19,2024-12,2024-W51,Direct,Mobile,/pricing,2,482,0,0,B,0
S04271,U1223,2024-12-19,2024-12,2024-W51,Direct,Mobile,/,4,294,0,0,A,0
S04272,U2985,2024-12-19,2024-12,2024-W51,Organic,Tablet,/,2,255,0,1,A,0
S04273,U2986,2024-12-19,2024-12,2024-W51,Email,Mobile,/,4,85,0,1,B,1
S04274,U2987,2024-12-19,2024-12,2024-W51,Direct,Tablet,/,3,209,0,1,A,0
S04275,U0196,2024-12-20,2024-12,2024-W51,Email,Tablet,/tutors,2,148,0,0,A,0
S04276,U1323,2024-12-20,2024-12,2024-W51,Email,Mobile,/,3,85,0,0,B,0
S04277,U2988,2024-12-20,2024-12,2024-W51,Organic,Desktop,/contact,2,207,0,1,B,0
S04278,U2966,2024-12-20,2024-12,2024-W51,Email,Tablet,/,4,155,0,0,A,0
S04279,U2989,2024-12-20,2024-12,2024-W51,Direct,Desktop,/tutors,2,333,0,1,A,0
S04280,U2990,2024-12-20,2024-12,2024-W51,Organic,Desktop,/tutors,2,61,0,1,B,0
S04281,U2991,2024-12-20,2024-12,2024-W51,Organic,Desktop,/,4,558,0,1,B,0
S04282,U2992,2024-12-20,2024-12,2024-W51,Email,Desktop,/tutors,4,320,0,1,A,1
S04283,U2993,2024-12-20,2024-12,2024-W51,Organic,Desktop,/tutors,6,170,0,1,A,0
S04284,U2994,2024-12-20,2024-12,2024-W51,Organic,Desktop,/,2,122,0,1,A,0
S04285,U2995,2024-12-20,2024-12,2024-W51,Direct,Desktop,/services,5,38,0,1,B,0
S04286,U0565,2024-12-20,2024-12,2024-W51,Organic,Desktop,/,2,185,0,0,A,0
S04287,U1308,2024-12-20,2024-12,2024-W51,Organic,Desktop,/services,3,624,0,0,B,0
S04288,U2996,2024-12-20,2024-12,2024-W51,Organic,Desktop,/services,2,97,0,1,B,0
S04289,U2997,2024-12-20,2024-12,2024-W51,Paid,Mobile,/tutors,1,84,0,1,B,0
S04290,U2998,2024-12-20,2024-12,2024-W51,Social,Desktop,/,8,132,0,1,B,0
S04291,U2999,2024-12-20,2024-12,2024-W51,Organic,Desktop,/,4,175,0,1,A,0
S04292,U3000,2024-12-20,2024-12,2024-W51,Direct,Mobile,/tutors,3,146,0,1,A,0
S04293,U3001,2024-12-20,2024-12,2024-W51,Organic,Desktop,/,2,11,0,1,B,0
S04294,U1081,2024-12-20,2024-12,2024-W51,Organic,Desktop,/pricing,2,246,0,0,A,0
S04295,U3002,2024-12-20,2024-12,2024-W51,Organic,Desktop,/contact,5,245,0,1,B,0
S04296,U3003,2024-12-20,2024-12,2024-W51,Organic,Mobile,/tutors,2,420,0,1,B,0
S04297,U3004,2024-12-20,2024-12,2024-W51,Email,Desktop,/services,4,146,0,1,A,0
S04298,U3005,2024-12-20,2024-12,2024-W51,Organic,Mobile,/,4,129,0,1,A,0
S04299,U3006,2024-12-20,2024-12,2024-W51,Organic,Desktop,/,3,180,0,1,B,0
S04300,U3007,2024-12-20,2024-12,2024-W51,Paid,Desktop,/about,3,918,0,1,B,0
S04301,U3008,2024-12-20,2024-12,2024-W51,Organic,Tablet,/pricing,2,54,0,1,A,0
S04302,U3009,2024-12-20,2024-12,2024-W51,Direct,Desktop,/services,1,122,0,1,A,0
S04303,U3010,2024-12-20,2024-12,2024-W51,Direct,Mobile,/,1,607,0,1,A,0
S04304,U3011,2024-12-20,2024-12,2024-W51,Email,Mobile,/tutors,1,182,0,1,B,0
S04305,U3012,2024-12-20,2024-12,2024-W51,Social,Mobile,/,3,245,0,1,B,0
S04306,U3013,2024-12-20,2024-12,2024-W51,Paid,Mobile,/,3,62,0,1,A,0
S04307,U1490,2024-12-20,2024-12,2024-W51,Organic,Desktop,/about,1,205,0,0,B,0
S04308,U3014,2024-12-20,2024-12,2024-W51,Paid,Mobile,/services,4,89,0,1,A,0
S04309,U1640,2024-12-20,2024-12,2024-W51,Organic,Desktop,/contact,5,282,0,0,A,0
S04310,U0673,2024-12-20,2024-12,2024-W51,Organic,Tablet,/services,2,165,0,0,A,0
S04311,U3015,2024-12-20,2024-12,2024-W51,Organic,Tablet,/,4,416,0,1,A,0
S04312,U1889,2024-12-20,2024-12,2024-W51,Organic,Mobile,/tutors,2,63,0,0,A,0
S04313,U3016,2024-12-20,2024-12,2024-W51,Paid,Desktop,/,6,225,0,1,B,0
S04314,U3017,2024-12-20,2024-12,2024-W51,Social,Mobile,/,2,120,0,1,B,0
S04315,U2712,2024-12-20,2024-12,2024-W51,Organic,Mobile,/about,6,118,0,0,B,0
S04316,U3018,2024-12-20,2024-12,2024-W51,Email,Mobile,/,2,223,0,1,A,0
S04317,U3019,2024-12-21,2024-12,2024-W51,Organic,Desktop,/services,5,177,0,1,B,0
S04318,U1626,2024-12-21,2024-12,2024-W51,Direct,Desktop,/services,4,124,0,0,A,0
S04319,U3020,2024-12-21,2024-12,2024-W51,Organic,Tablet,/pricing,4,228,0,1,A,0
S04320,U0401,2024-12-21,2024-12,2024-W51,Direct,Mobile,/services,2,69,0,0,A,0
S04321,U3021,2024-12-21,2024-12,2024-W51,Organic,Desktop,/,2,660,0,1,A,0
S04322,U0776,2024-12-21,2024-12,2024-W51,Email,Mobile,/,1,287,0,0,B,0
S04323,U3022,2024-12-21,2024-12,2024-W51,Social,Desktop,/services,4,142,0,1,A,0
S04324,U3023,2024-12-21,2024-12,2024-W51,Organic,Desktop,/,4,127,0,1,B,0
S04325,U3024,2024-12-21,2024-12,2024-W51,Direct,Mobile,/,4,194,0,1,B,0
S04326,U3025,2024-12-21,2024-12,2024-W51,Organic,Desktop,/services,4,230,0,1,B,0
S04327,U0147,2024-12-21,2024-12,2024-W51,Direct,Mobile,/,5,148,0,0,A,0
S04328,U2180,2024-12-21,2024-12,2024-W51,Email,Desktop,/services,4,162,0,0,B,1
S04329,U2541,2024-12-21,2024-12,2024-W51,Organic,Mobile,/,2,97,0,0,B,0
S04330,U3026,2024-12-21,2024-12,2024-W51,Direct,Desktop,/about,1,64,0,1,B,0
S04331,U2834,2024-12-21,2024-12,2024-W51,Organic,Desktop,/tutors,5,146,0,0,A,0
S04332,U0834,2024-12-21,2024-12,2024-W51,Organic,Desktop,/,2,357,0,0,A,0
S04333,U2443,2024-12-22,2024-12,2024-W51,Direct,Mobile,/,4,97,0,0,B,0
S04334,U0759,2024-12-22,2024-12,2024-W51,Organic,Mobile,/,3,75,0,0,A,0
S04335,U3027,2024-12-22,2024-12,2024-W51,Direct,Mobile,/services,4,400,0,1,A,0
S04336,U3028,2024-12-22,2024-12,2024-W51,Organic,Desktop,/,1,73,0,1,A,0
S04337,U1291,2024-12-22,2024-12,2024-W51,Email,Mobile,/pricing,2,215,0,0,B,0
S04338,U1361,2024-12-22,2024-12,2024-W51,Email,Desktop,/about,7,114,0,0,A,0
S04339,U0053,2024-12-22,2024-12,2024-W51,Organic,Mobile,/about,2,36,0,0,A,0
S04340,U3029,2024-12-22,2024-12,2024-W51,Paid,Desktop,/tutors,2,211,0,1,A,1
S04341,U3030,2024-12-22,2024-12,2024-W51,Direct,Desktop,/services,2,152,0,1,B,0
S04342,U0040,2024-12-22,2024-12,2024-W51,Organic,Mobile,/services,1,67,0,0,B,0
S04343,U3031,2024-12-22,2024-12,2024-W51,Social,Mobile,/,1,355,0,1,B,0
S04344,U3032,2024-12-22,2024-12,2024-W51,Direct,Desktop,/,2,84,0,1,A,0
S04345,U0072,2024-12-22,2024-12,2024-W51,Direct,Mobile,/tutors,3,62,0,0,A,0
S04346,U3033,2024-12-22,2024-12,2024-W51,Organic,Desktop,/,6,330,0,1,A,0
S04347,U3034,2024-12-22,2024-12,2024-W51,Social,Tablet,/pricing,6,60,0,1,B,0
S04348,U0385,2024-12-22,2024-12,2024-W51,Organic,Desktop,/contact,1,362,0,0,B,0
S04349,U3035,2024-12-22,2024-12,2024-W51,Direct,Mobile,/,5,362,0,1,A,0
S04350,U3036,2024-12-22,2024-12,2024-W51,Social,Mobile,/,5,91,0,1,A,0
S04351,U3037,2024-12-22,2024-12,2024-W51,Organic,Tablet,/services,1,167,0,1,A,0
S04352,U1880,2024-12-22,2024-12,2024-W51,Direct,Mobile,/pricing,3,148,0,0,B,1
S04353,U3038,2024-12-22,2024-12,2024-W51,Email,Desktop,/about,4,356,0,1,B,0
S04354,U3039,2024-12-22,2024-12,2024-W51,Email,Mobile,/tutors,4,93,0,1,B,0
S04355,U3040,2024-12-22,2024-12,2024-W51,Paid,Tablet,/tutors,4,125,0,1,A,0
S04356,U3041,2024-12-22,2024-12,2024-W51,Direct,Desktop,/,4,193,0,1,A,0
S04357,U3042,2024-12-22,2024-12,2024-W51,Social,Desktop,/contact,1,106,0,1,A,0
S04358,U1681,2024-12-22,2024-12,2024-W51,Organic,Desktop,/tutors,4,127,0,0,A,0
S04359,U3043,2024-12-22,2024-12,2024-W51,Direct,Desktop,/services,2,486,0,1,A,0
S04360,U3044,2024-12-22,2024-12,2024-W51,Organic,Mobile,/pricing,6,121,0,1,A,0
S04361,U3045,2024-12-22,2024-12,2024-W51,Organic,Desktop,/about,5,442,0,1,B,0
S04362,U3046,2024-12-22,2024-12,2024-W51,Social,Tablet,/,4,172,0,1,B,0
S04363,U1548,2024-12-23,2024-12,2024-W52,Organic,Mobile,/pricing,5,213,0,0,B,0
S04364,U3047,2024-12-23,2024-12,2024-W52,Direct,Mobile,/,4,232,0,1,A,0
S04365,U3048,2024-12-23,2024-12,2024-W52,Organic,Desktop,/pricing,3,154,0,1,B,0
S04366,U3049,2024-12-23,2024-12,2024-W52,Email,Desktop,/,4,758,0,1,A,0
S04367,U3050,2024-12-23,2024-12,2024-W52,Organic,Desktop,/,4,200,0,1,B,0
S04368,U3051,2024-12-23,2024-12,2024-W52,Social,Mobile,/about,1,86,0,1,B,0
S04369,U3052,2024-12-23,2024-12,2024-W52,Paid,Desktop,/,2,275,0,1,A,0
S04370,U3053,2024-12-23,2024-12,2024-W52,Paid,Desktop,/,2,148,0,1,A,0
S04371,U2131,2024-12-23,2024-12,2024-W52,Organic,Mobile,/services,7,304,0,0,B,0
S04372,U3054,2024-12-23,2024-12,2024-W52,Direct,Desktop,/tutors,2,241,0,1,B,0
S04373,U3055,2024-12-23,2024-12,2024-W52,Direct,Mobile,/services,7,236,0,1,A,0
S04374,U3056,2024-12-23,2024-12,2024-W52,Organic,Mobile,/,4,79,0,1,B,0
S04375,U0035,2024-12-23,2024-12,2024-W52,Organic,Desktop,/services,1,527,0,0,A,0
S04376,U3057,2024-12-23,2024-12,2024-W52,Paid,Desktop,/pricing,2,140,0,1,B,0
S04377,U1187,2024-12-23,2024-12,2024-W52,Direct,Mobile,/tutors,4,131,0,0,A,0
S04378,U3058,2024-12-23,2024-12,2024-W52,Paid,Desktop,/,3,289,0,1,B,0
S04379,U1208,2024-12-23,2024-12,2024-W52,Direct,Desktop,/services,2,139,0,0,B,1
S04380,U1160,2024-12-23,2024-12,2024-W52,Email,Desktop,/about,2,70,0,0,B,0
S04381,U2001,2024-12-23,2024-12,2024-W52,Organic,Desktop,/pricing,5,243,0,0,B,0
S04382,U3059,2024-12-23,2024-12,2024-W52,Direct,Mobile,/services,2,311,0,1,B,0
S04383,U1030,2024-12-23,2024-12,2024-W52,Organic,Desktop,/about,4,343,0,0,B,0
S04384,U3060,2024-12-23,2024-12,2024-W52,Email,Desktop,/pricing,4,241,0,1,A,0
S04385,U3061,2024-12-23,2024-12,2024-W52,Paid,Desktop,/tutors,10,63,0,1,A,0
S04386,U3062,2024-12-23,2024-12,2024-W52,Direct,Desktop,/,4,79,0,1,B,0
S04387,U3063,2024-12-23,2024-12,2024-W52,Email,Desktop,/about,1,199,0,1,A,0
S04388,U3064,2024-12-23,2024-12,2024-W52,Social,Desktop,/tutors,2,61,0,1,B,0
S04389,U3065,2024-12-23,2024-12,2024-W52,Direct,Mobile,/services,6,162,0,1,B,0
S04390,U1453,2024-12-23,2024-12,2024-W52,Organic,Desktop,/tutors,4,257,0,0,B,0
S04391,U3066,2024-12-23,2024-12,2024-W52,Direct,Mobile,/services,2,352,0,1,B,0
S04392,U3067,2024-12-23,2024-12,2024-W52,Organic,Mobile,/pricing,6,43,0,1,B,0
S04393,U3068,2024-12-23,2024-12,2024-W52,Organic,Desktop,/pricing,7,337,0,1,A,0
S04394,U3069,2024-12-23,2024-12,2024-W52,Email,Desktop,/,4,329,0,1,A,0
S04395,U3070,2024-12-23,2024-12,2024-W52,Email,Desktop,/pricing,7,296,0,1,A,0
S04396,U3071,2024-12-23,2024-12,2024-W52,Social,Mobile,/pricing,3,72,0,1,A,0
S04397,U3072,2024-12-23,2024-12,2024-W52,Organic,Desktop,/tutors,3,171,0,1,A,0
S04398,U3073,2024-12-24,2024-12,2024-W52,Direct,Desktop,/,1,317,0,1,A,0
S04399,U3074,2024-12-24,2024-12,2024-W52,Direct,Mobile,/tutors,3,440,0,1,A,0
S04400,U3075,2024-12-24,2024-12,2024-W52,Email,Desktop,/tutors,5,776,0,1,B,0
S04401,U1790,2024-12-24,2024-12,2024-W52,Organic,Desktop,/tutors,1,283,0,0,A,0
S04402,U3076,2024-12-24,2024-12,2024-W52,Paid,Mobile,/services,2,66,0,1,A,0
S04403,U3077,2024-12-24,2024-12,2024-W52,Paid,Tablet,/pricing,6,75,0,1,A,0
S04404,U3078,2024-12-24,2024-12,2024-W52,Organic,Mobile,/tutors,2,144,0,1,B,0
S04405,U3079,2024-12-24,2024-12,2024-W52,Organic,Mobile,/services,4,124,0,1,B,0
S04406,U3080,2024-12-24,2024-12,2024-W52,Organic,Desktop,/pricing,3,148,0,1,B,0
S04407,U1725,2024-12-24,2024-12,2024-W52,Organic,Mobile,/contact,6,202,0,0,B,0
S04408,U1239,2024-12-24,2024-12,2024-W52,Social,Mobile,/tutors,3,150,0,0,A,0
S04409,U3081,2024-12-24,2024-12,2024-W52,Organic,Desktop,/tutors,8,111,0,1,A,0
S04410,U3082,2024-12-24,2024-12,2024-W52,Email,Mobile,/pricing,4,376,0,1,A,0
S04411,U3083,2024-12-24,2024-12,2024-W52,Organic,Tablet,/tutors,2,271,0,1,A,0
S04412,U3084,2024-12-24,2024-12,2024-W52,Organic,Desktop,/services,4,394,0,1,B,0
S04413,U3085,2024-12-24,2024-12,2024-W52,Organic,Desktop,/tutors,1,100,0,1,A,0
S04414,U3086,2024-12-24,2024-12,2024-W52,Social,Tablet,/tutors,3,478,0,1,A,0
S04415,U3087,2024-12-24,2024-12,2024-W52,Direct,Mobile,/tutors,2,99,0,1,B,0
S04416,U2662,2024-12-24,2024-12,2024-W52,Organic,Mobile,/,1,73,0,0,B,0
S04417,U3088,2024-12-24,2024-12,2024-W52,Organic,Desktop,/,2,120,0,1,A,0
S04418,U3089,2024-12-24,2024-12,2024-W52,Direct,Mobile,/,2,295,0,1,B,0
S04419,U3090,2024-12-24,2024-12,2024-W52,Paid,Desktop,/services,3,291,0,1,A,0
S04420,U3091,2024-12-24,2024-12,2024-W52,Organic,Desktop,/tutors,3,645,0,1,B,0
S04421,U3092,2024-12-24,2024-12,2024-W52,Direct,Mobile,/,7,664,0,1,A,0
S04422,U3093,2024-12-24,2024-12,2024-W52,Organic,Desktop,/services,4,342,0,1,B,0
S04423,U3094,2024-12-24,2024-12,2024-W52,Direct,Mobile,/services,5,141,0,1,B,0
S04424,U3095,2024-12-24,2024-12,2024-W52,Organic,Desktop,/contact,3,329,0,1,B,0
S04425,U2574,2024-12-24,2024-12,2024-W52,Organic,Mobile,/services,5,132,0,0,B,0
S04426,U3096,2024-12-24,2024-12,2024-W52,Email,Mobile,/pricing,5,233,0,1,B,1
S04427,U3097,2024-12-24,2024-12,2024-W52,Direct,Tablet,/pricing,2,172,0,1,A,0
S04428,U0001,2024-12-24,2024-12,2024-W52,Social,Desktop,/,3,147,0,0,A,0
S04429,U3098,2024-12-24,2024-12,2024-W52,Direct,Desktop,/contact,3,179,0,1,A,0
S04430,U0425,2024-12-24,2024-12,2024-W52,Direct,Desktop,/,1,972,0,0,B,0
S04431,U3099,2024-12-24,2024-12,2024-W52,Direct,Desktop,/,7,108,0,1,B,0
S04432,U0499,2024-12-24,2024-12,2024-W52,Email,Mobile,/,4,411,0,0,A,0
S04433,U3100,2024-12-24,2024-12,2024-W52,Paid,Mobile,/,4,306,0,1,A,0
S04434,U2240,2024-12-24,2024-12,2024-W52,Direct,Mobile,/pricing,7,195,0,0,A,0
S04435,U3101,2024-12-25,2024-12,2024-W52,Paid,Desktop,/,7,622,0,1,B,0
S04436,U3102,2024-12-25,2024-12,2024-W52,Direct,Desktop,/,3,200,0,1,A,0
S04437,U0089,2024-12-25,2024-12,2024-W52,Direct,Desktop,/about,1,60,0,0,B,0
S04438,U3103,2024-12-25,2024-12,2024-W52,Email,Desktop,/services,3,136,0,1,B,0
S04439,U3038,2024-12-25,2024-12,2024-W52,Direct,Mobile,/services,6,72,0,0,B,0
S04440,U1968,2024-12-25,2024-12,2024-W52,Social,Desktop,/services,2,78,0,0,B,0
S04441,U3104,2024-12-25,2024-12,2024-W52,Direct,Desktop,/,3,160,0,1,B,0
S04442,U3105,2024-12-25,2024-12,2024-W52,Social,Desktop,/pricing,3,62,0,1,A,0
S04443,U3106,2024-12-25,2024-12,2024-W52,Direct,Desktop,/services,3,112,0,1,B,0
S04444,U1708,2024-12-25,2024-12,2024-W52,Email,Mobile,/,2,53,0,0,B,0
S04445,U1161,2024-12-25,2024-12,2024-W52,Organic,Desktop,/,8,63,0,0,A,0
S04446,U3107,2024-12-25,2024-12,2024-W52,Direct,Desktop,/contact,1,99,0,1,B,1
S04447,U3108,2024-12-25,2024-12,2024-W52,Organic,Desktop,/tutors,6,88,0,1,A,0
S04448,U3109,2024-12-25,2024-12,2024-W52,Organic,Desktop,/services,1,155,0,1,A,0
S04449,U1453,2024-12-25,2024-12,2024-W52,Direct,Mobile,/services,1,641,0,0,B,0
S04450,U3110,2024-12-25,2024-12,2024-W52,Email,Desktop,/,3,448,0,1,A,0
S04451,U0649,2024-12-25,2024-12,2024-W52,Social,Desktop,/,3,120,0,0,A,0
S04452,U3111,2024-12-25,2024-12,2024-W52,Direct,Desktop,/services,5,186,0,1,A,0
S04453,U3112,2024-12-25,2024-12,2024-W52,Social,Desktop,/,2,72,0,1,B,0
S04454,U3113,2024-12-25,2024-12,2024-W52,Email,Mobile,/services,6,57,0,1,A,1
S04455,U3114,2024-12-25,2024-12,2024-W52,Organic,Desktop,/,4,103,0,1,B,0
S04456,U3115,2024-12-25,2024-12,2024-W52,Organic,Desktop,/,1,21,1,1,A,0
S04457,U3116,2024-12-25,2024-12,2024-W52,Email,Desktop,/services,1,113,0,1,A,0
S04458,U2697,2024-12-25,2024-12,2024-W52,Organic,Desktop,/services,4,206,0,0,A,0
S04459,U3117,2024-12-25,2024-12,2024-W52,Paid,Desktop,/pricing,4,118,0,1,A,0
S04460,U3118,2024-12-25,2024-12,2024-W52,Organic,Mobile,/,2,166,0,1,A,0
S04461,U3119,2024-12-25,2024-12,2024-W52,Paid,Mobile,/tutors,5,236,0,1,B,0
S04462,U3120,2024-12-25,2024-12,2024-W52,Organic,Desktop,/tutors,1,222,0,1,B,0
S04463,U3121,2024-12-25,2024-12,2024-W52,Social,Desktop,/,4,377,0,1,A,0
S04464,U1328,2024-12-25,2024-12,2024-W52,Organic,Desktop,/,2,44,0,0,B,0
S04465,U3122,2024-12-25,2024-12,2024-W52,Direct,Mobile,/contact,6,94,0,1,A,0
S04466,U3123,2024-12-25,2024-12,2024-W52,Organic,Desktop,/services,7,224,0,1,B,1
S04467,U3002,2024-12-25,2024-12,2024-W52,Direct,Desktop,/,2,163,0,0,B,0
S04468,U0436,2024-12-25,2024-12,2024-W52,Social,Mobile,/services,3,85,0,0,B,0
S04469,U3124,2024-12-25,2024-12,2024-W52,Organic,Mobile,/about,4,66,0,1,B,0
S04470,U3001,2024-12-25,2024-12,2024-W52,Direct,Desktop,/tutors,1,114,0,0,B,0
S04471,U0713,2024-12-25,2024-12,2024-W52,Email,Desktop,/services,2,61,0,0,A,0
S04472,U3125,2024-12-25,2024-12,2024-W52,Direct,Mobile,/pricing,3,345,0,1,B,0
S04473,U3126,2024-12-25,2024-12,2024-W52,Organic,Desktop,/pricing,2,436,0,1,A,1
S04474,U0154,2024-12-25,2024-12,2024-W52,Social,Desktop,/about,3,218,0,0,A,0
S04475,U1534,2024-12-25,2024-12,2024-W52,Social,Tablet,/pricing,2,23,0,0,A,0
S04476,U3127,2024-12-25,2024-12,2024-W52,Organic,Desktop,/contact,1,125,0,1,B,0
S04477,U3128,2024-12-25,2024-12,2024-W52,Organic,Desktop,/,2,174,0,1,B,0
S04478,U3129,2024-12-25,2024-12,2024-W52,Social,Desktop,/,3,301,0,1,B,0
S04479,U3130,2024-12-26,2024-12,2024-W52,Organic,Mobile,/pricing,7,178,0,1,A,0
S04480,U1793,2024-12-26,2024-12,2024-W52,Social,Mobile,/tutors,4,106,0,0,B,0
S04481,U3040,2024-12-26,2024-12,2024-W52,Paid,Mobile,/,2,330,0,0,A,0
S04482,U3131,2024-12-26,2024-12,2024-W52,Email,Mobile,/,1,510,0,1,A,0
S04483,U2385,2024-12-26,2024-12,2024-W52,Organic,Desktop,/,6,92,0,0,A,1
S04484,U3132,2024-12-26,2024-12,2024-W52,Organic,Mobile,/,2,67,0,1,B,0
S04485,U0576,2024-12-26,2024-12,2024-W52,Email,Mobile,/services,3,43,0,0,B,0
S04486,U3133,2024-12-26,2024-12,2024-W52,Social,Desktop,/pricing,4,274,0,1,B,0
S04487,U3134,2024-12-26,2024-12,2024-W52,Paid,Tablet,/,2,206,0,1,A,0
S04488,U2990,2024-12-26,2024-12,2024-W52,Direct,Desktop,/about,4,559,0,0,B,0
S04489,U3135,2024-12-26,2024-12,2024-W52,Organic,Mobile,/,3,755,0,1,A,0
S04490,U0850,2024-12-26,2024-12,2024-W52,Organic,Desktop,/tutors,2,669,0,0,A,0
S04491,U3136,2024-12-26,2024-12,2024-W52,Social,Mobile,/pricing,2,101,0,1,A,0
S04492,U3137,2024-12-26,2024-12,2024-W52,Social,Desktop,/services,4,584,0,1,A,0
S04493,U0276,2024-12-26,2024-12,2024-W52,Organic,Desktop,/,4,334,0,0,B,0
S04494,U3138,2024-12-26,2024-12,2024-W52,Paid,Desktop,/,6,475,0,1,B,0
S04495,U3139,2024-12-26,2024-12,2024-W52,Social,Desktop,/contact,5,236,0,1,B,0
S04496,U3140,2024-12-26,2024-12,2024-W52,Direct,Mobile,/tutors,1,426,0,1,B,0
S04497,U3141,2024-12-26,2024-12,2024-W52,Organic,Tablet,/,1,211,0,1,B,1
S04498,U3142,2024-12-26,2024-12,2024-W52,Organic,Mobile,/tutors,8,1579,0,1,A,1
S04499,U3143,2024-12-26,2024-12,2024-W52,Paid,Mobile,/about,4,195,0,1,A,0
S04500,U3144,2024-12-26,2024-12,2024-W52,Paid,Desktop,/pricing,2,147,0,1,B,0
S04501,U3145,2024-12-26,2024-12,2024-W52,Email,Mobile,/tutors,3,60,0,1,B,0
S04502,U1180,2024-12-26,2024-12,2024-W52,Organic,Mobile,/pricing,5,514,0,0,A,0
S04503,U3146,2024-12-26,2024-12,2024-W52,Organic,Desktop,/,5,165,0,1,A,0
S04504,U3147,2024-12-26,2024-12,2024-W52,Social,Desktop,/services,1,15,1,1,A,0
S04505,U3148,2024-12-26,2024-12,2024-W52,Direct,Desktop,/,5,25,0,1,A,1
S04506,U3149,2024-12-26,2024-12,2024-W52,Organic,Mobile,/services,8,241,0,1,B,0
S04507,U3150,2024-12-26,2024-12,2024-W52,Organic,Tablet,/,4,53,0,1,B,0
S04508,U0123,2024-12-27,2024-12,2024-W52,Direct,Desktop,/,2,257,0,0,B,1
S04509,U3151,2024-12-27,2024-12,2024-W52,Organic,Desktop,/pricing,3,632,0,1,A,0
S04510,U3152,2024-12-27,2024-12,2024-W52,Organic,Desktop,/tutors,3,117,0,1,A,1
S04511,U3006,2024-12-27,2024-12,2024-W52,Direct,Desktop,/,4,150,0,0,B,0
S04512,U3153,2024-12-27,2024-12,2024-W52,Organic,Tablet,/,1,720,0,1,B,0
S04513,U2022,2024-12-27,2024-12,2024-W52,Organic,Desktop,/tutors,1,112,0,0,A,0
S04514,U3154,2024-12-27,2024-12,2024-W52,Social,Desktop,/pricing,1,158,0,1,A,0
S04515,U3155,2024-12-27,2024-12,2024-W52,Organic,Mobile,/,4,222,0,1,B,0
S04516,U0290,2024-12-27,2024-12,2024-W52,Direct,Mobile,/tutors,1,238,0,0,A,0
S04517,U3156,2024-12-27,2024-12,2024-W52,Email,Desktop,/,3,269,0,1,A,0
S04518,U2259,2024-12-27,2024-12,2024-W52,Organic,Tablet,/tutors,3,170,0,0,B,0
S04519,U2963,2024-12-27,2024-12,2024-W52,Direct,Desktop,/tutors,3,431,0,0,A,1
S04520,U2080,2024-12-27,2024-12,2024-W52,Organic,Desktop,/contact,1,355,0,0,B,0
S04521,U3157,2024-12-27,2024-12,2024-W52,Direct,Mobile,/tutors,5,128,0,1,A,0
S04522,U3158,2024-12-27,2024-12,2024-W52,Organic,Mobile,/pricing,5,121,0,1,A,0
S04523,U0227,2024-12-27,2024-12,2024-W52,Direct,Desktop,/,6,196,0,0,B,1
S04524,U3159,2024-12-27,2024-12,2024-W52,Direct,Mobile,/pricing,2,260,0,1,B,0
S04525,U3160,2024-12-27,2024-12,2024-W52,Social,Tablet,/about,4,343,0,1,A,0
S04526,U3161,2024-12-27,2024-12,2024-W52,Social,Mobile,/tutors,5,128,0,1,B,1
S04527,U3162,2024-12-27,2024-12,2024-W52,Direct,Tablet,/tutors,2,626,0,1,B,0
S04528,U3163,2024-12-27,2024-12,2024-W52,Organic,Desktop,/,3,618,0,1,A,0
S04529,U3164,2024-12-28,2024-12,2024-W52,Social,Mobile,/,4,160,0,1,B,0
S04530,U0484,2024-12-28,2024-12,2024-W52,Social,Desktop,/contact,1,138,0,0,B,0
S04531,U3165,2024-12-28,2024-12,2024-W52,Paid,Desktop,/pricing,2,75,0,1,B,0
S04532,U1789,2024-12-28,2024-12,2024-W52,Organic,Desktop,/,5,206,0,0,A,0
S04533,U0377,2024-12-28,2024-12,2024-W52,Organic,Desktop,/tutors,2,139,0,0,B,0
S04534,U3062,2024-12-28,2024-12,2024-W52,Organic,Desktop,/,5,184,0,0,B,0
S04535,U3166,2024-12-28,2024-12,2024-W52,Direct,Desktop,/,2,163,0,1,A,0
S04536,U0062,2024-12-28,2024-12,2024-W52,Direct,Desktop,/services,4,145,0,0,A,0
S04537,U0233,2024-12-28,2024-12,2024-W52,Paid,Desktop,/,1,87,0,0,B,1
S04538,U0740,2024-12-28,2024-12,2024-W52,Organic,Desktop,/pricing,1,111,0,0,A,0
S04539,U3167,2024-12-28,2024-12,2024-W52,Email,Desktop,/services,5,97,0,1,B,0
S04540,U3168,2024-12-28,2024-12,2024-W52,Organic,Desktop,/tutors,1,295,0,1,A,0
S04541,U1630,2024-12-28,2024-12,2024-W52,Social,Mobile,/services,1,173,0,0,A,0
S04542,U0315,2024-12-28,2024-12,2024-W52,Organic,Desktop,/contact,5,409,0,0,A,0
S04543,U3169,2024-12-28,2024-12,2024-W52,Organic,Mobile,/services,1,130,0,1,A,0
S04544,U3170,2024-12-28,2024-12,2024-W52,Email,Desktop,/tutors,2,245,0,1,B,0
S04545,U3171,2024-12-28,2024-12,2024-W52,Email,Mobile,/services,7,127,0,1,B,0
S04546,U3172,2024-12-28,2024-12,2024-W52,Direct,Desktop,/tutors,4,280,0,1,B,0
S04547,U3173,2024-12-28,2024-12,2024-W52,Organic,Mobile,/,4,121,0,1,B,0
S04548,U3174,2024-12-28,2024-12,2024-W52,Email,Desktop,/,7,248,0,1,B,0
S04549,U3175,2024-12-28,2024-12,2024-W52,Direct,Mobile,/about,3,118,0,1,A,0
S04550,U3176,2024-12-28,2024-12,2024-W52,Organic,Mobile,/,4,51,0,1,B,0
S04551,U3177,2024-12-28,2024-12,2024-W52,Direct,Desktop,/about,3,338,0,1,B,0
S04552,U3178,2024-12-28,2024-12,2024-W52,Organic,Desktop,/tutors,3,202,0,1,A,0
S04553,U0562,2024-12-28,2024-12,2024-W52,Email,Mobile,/,2,135,0,0,B,0
S04554,U3179,2024-12-28,2024-12,2024-W52,Direct,Mobile,/pricing,4,103,0,1,B,0
S04555,U3180,2024-12-28,2024-12,2024-W52,Organic,Desktop,/about,2,280,0,1,B,0
S04556,U3181,2024-12-28,2024-12,2024-W52,Organic,Desktop,/pricing,7,2640,0,1,B,0
S04557,U0963,2024-12-28,2024-12,2024-W52,Social,Mobile,/,3,100,0,0,B,0
S04558,U3182,2024-12-28,2024-12,2024-W52,Social,Mobile,/services,4,866,0,1,A,0
S04559,U2044,2024-12-28,2024-12,2024-W52,Email,Desktop,/about,4,93,0,0,B,0
S04560,U2410,2024-12-28,2024-12,2024-W52,Organic,Mobile,/,4,43,0,0,A,0
S04561,U3183,2024-12-29,2024-12,2024-W52,Direct,Desktop,/tutors,7,332,0,1,B,0
S04562,U2498,2024-12-29,2024-12,2024-W52,Direct,Desktop,/tutors,3,406,0,0,A,0
S04563,U1568,2024-12-29,2024-12,2024-W52,Email,Desktop,/pricing,5,300,0,0,A,0
S04564,U0843,2024-12-29,2024-12,2024-W52,Organic,Mobile,/tutors,3,128,0,0,B,0
S04565,U3184,2024-12-29,2024-12,2024-W52,Organic,Desktop,/tutors,4,140,0,1,B,0
S04566,U3185,2024-12-29,2024-12,2024-W52,Organic,Desktop,/,2,34,0,1,A,1
S04567,U3186,2024-12-29,2024-12,2024-W52,Organic,Desktop,/services,4,67,0,1,A,0
S04568,U3187,2024-12-29,2024-12,2024-W52,Email,Desktop,/,1,233,0,1,B,0
S04569,U3188,2024-12-29,2024-12,2024-W52,Organic,Desktop,/,1,588,0,1,A,0
S04570,U3086,2024-12-29,2024-12,2024-W52,Social,Desktop,/about,2,203,0,0,A,0
S04571,U3189,2024-12-29,2024-12,2024-W52,Email,Desktop,/pricing,4,185,0,1,B,0
S04572,U3190,2024-12-29,2024-12,2024-W52,Organic,Desktop,/pricing,2,130,0,1,B,0
S04573,U3191,2024-12-29,2024-12,2024-W52,Direct,Desktop,/,6,190,0,1,A,0
S04574,U3192,2024-12-29,2024-12,2024-W52,Email,Desktop,/tutors,2,939,0,1,A,1
S04575,U1590,2024-12-29,2024-12,2024-W52,Direct,Desktop,/services,3,80,0,0,A,0
S04576,U3193,2024-12-29,2024-12,2024-W52,Email,Mobile,/contact,2,122,0,1,B,0
S04577,U3194,2024-12-29,2024-12,2024-W52,Social,Desktop,/pricing,3,275,0,1,A,0
S04578,U3195,2024-12-29,2024-12,2024-W52,Email,Desktop,/,3,193,0,1,A,0
S04579,U3196,2024-12-29,2024-12,2024-W52,Direct,Desktop,/about,5,124,0,1,A,0
S04580,U3197,2024-12-29,2024-12,2024-W52,Direct,Mobile,/tutors,3,148,0,1,B,0
S04581,U3198,2024-12-29,2024-12,2024-W52,Paid,Mobile,/services,4,133,0,1,B,0
S04582,U3199,2024-12-29,2024-12,2024-W52,Email,Mobile,/,3,401,0,1,A,0
S04583,U3200,2024-12-29,2024-12,2024-W52,Organic,Tablet,/about,5,154,0,1,B,0
S04584,U3201,2024-12-29,2024-12,2024-W52,Email,Desktop,/about,2,257,0,1,B,0
S04585,U2340,2024-12-29,2024-12,2024-W52,Organic,Desktop,/,5,91,0,0,A,0
S04586,U3202,2024-12-29,2024-12,2024-W52,Organic,Desktop,/tutors,8,149,0,1,A,0
S04587,U3203,2024-12-29,2024-12,2024-W52,Direct,Desktop,/,4,169,0,1,A,0
S04588,U3204,2024-12-29,2024-12,2024-W52,Email,Mobile,/pricing,7,54,0,1,A,0
S04589,U2329,2024-12-30,2024-12,2024-W53,Organic,Desktop,/tutors,3,78,0,0,B,0
S04590,U3205,2024-12-30,2024-12,2024-W53,Organic,Mobile,/services,3,198,0,1,A,0
S04591,U3206,2024-12-30,2024-12,2024-W53,Organic,Desktop,/services,1,640,0,1,A,1
S04592,U0152,2024-12-30,2024-12,2024-W53,Organic,Mobile,/,2,687,0,0,A,0
S04593,U3207,2024-12-30,2024-12,2024-W53,Social,Desktop,/pricing,3,117,0,1,B,0
S04594,U0240,2024-12-30,2024-12,2024-W53,Direct,Desktop,/services,4,683,0,0,A,0
S04595,U2500,2024-12-30,2024-12,2024-W53,Social,Mobile,/about,3,183,0,0,A,0
S04596,U3208,2024-12-30,2024-12,2024-W53,Email,Mobile,/,3,98,0,1,B,0
S04597,U1132,2024-12-30,2024-12,2024-W53,Organic,Mobile,/services,1,122,0,0,A,0
S04598,U3209,2024-12-30,2024-12,2024-W53,Email,Desktop,/,3,89,0,1,A,0
S04599,U2532,2024-12-30,2024-12,2024-W53,Social,Desktop,/,2,96,0,0,A,0
S04600,U2682,2024-12-30,2024-12,2024-W53,Direct,Mobile,/,6,215,0,0,B,1
S04601,U3210,2024-12-30,2024-12,2024-W53,Social,Desktop,/services,3,34,0,1,B,0
S04602,U3211,2024-12-30,2024-12,2024-W53,Social,Desktop,/contact,1,412,0,1,A,1
S04603,U3212,2024-12-30,2024-12,2024-W53,Organic,Desktop,/about,4,55,0,1,B,1
S04604,U3213,2024-12-30,2024-12,2024-W53,Paid,Desktop,/contact,3,284,0,1,B,0
S04605,U2779,2024-12-30,2024-12,2024-W53,Direct,Desktop,/,1,237,0,0,B,0
S04606,U3214,2024-12-30,2024-12,2024-W53,Paid,Tablet,/services,4,449,0,1,A,0
S04607,U0962,2024-12-30,2024-12,2024-W53,Organic,Desktop,/services,5,128,0,0,B,0
S04608,U1818,2024-12-30,2024-12,2024-W53,Organic,Desktop,/services,2,100,0,0,B,0
S04609,U0836,2024-12-30,2024-12,2024-W53,Direct,Desktop,/,3,89,0,0,A,0
S04610,U3215,2024-12-30,2024-12,2024-W53,Organic,Mobile,/tutors,3,73,0,1,A,0
S04611,U3216,2024-12-30,2024-12,2024-W53,Organic,Desktop,/,4,427,0,1,B,0
S04612,U3217,2024-12-30,2024-12,2024-W53,Email,Mobile,/pricing,2,92,0,1,B,0
S04613,U3218,2024-12-30,2024-12,2024-W53,Organic,Desktop,/pricing,4,69,0,1,A,0
S04614,U3219,2024-12-30,2024-12,2024-W53,Direct,Desktop,/services,1,1749,0,1,B,0
S04615,U3220,2024-12-30,2024-12,2024-W53,Organic,Tablet,/,4,207,0,1,B,0
S04616,U3221,2024-12-30,2024-12,2024-W53,Organic,Mobile,/services,3,211,0,1,A,0
S04617,U0183,2024-12-30,2024-12,2024-W53,Email,Desktop,/pricing,5,112,0,0,A,0
S04618,U2422,2024-12-30,2024-12,2024-W53,Organic,Desktop,/services,5,166,0,0,B,1
S04619,U3222,2024-12-30,2024-12,2024-W53,Organic,Mobile,/services,2,362,0,1,A,0
S04620,U3223,2024-12-30,2024-12,2024-W53,Organic,Desktop,/tutors,2,188,0,1,B,0
S04621,U3224,2024-12-30,2024-12,2024-W53,Organic,Desktop,/contact,7,85,0,1,B,0
S04622,U3225,2024-12-30,2024-12,2024-W53,Paid,Mobile,/,5,53,0,1,B,0
S04623,U3226,2024-12-30,2024-12,2024-W53,Organic,Mobile,/services,2,101,0,1,B,1
S04624,U3227,2024-12-30,2024-12,2024-W53,Email,Mobile,/services,6,458,0,1,B,0
S04625,U3228,2024-12-30,2024-12,2024-W53,Direct,Desktop,/services,7,68,0,1,B,1
S04626,U0920,2024-12-30,2024-12,2024-W53,Organic,Desktop,/services,4,94,0,0,B,0
S04627,U3229,2024-12-30,2024-12,2024-W53,Social,Mobile,/,4,49,0,1,B,0
S04628,U3230,2024-12-30,2024-12,2024-W53,Paid,Mobile,/tutors,3,168,0,1,B,0
S04629,U2162,2024-12-30,2024-12,2024-W53,Direct,Mobile,/,1,282,0,0,A,0
S04630,U3231,2024-12-30,2024-12,2024-W53,Organic,Desktop,/about,1,157,0,1,A,0
S04631,U3232,2024-12-30,2024-12,2024-W53,Direct,Desktop,/,1,136,0,1,A,0
S04632,U2357,2024-12-30,2024-12,2024-W53,Organic,Desktop,/about,1,38,0,0,B,0
S04633,U0996,2024-12-30,2024-12,2024-W53,Organic,Desktop,/tutors,1,116,0,0,A,0
S04634,U3233,2024-12-30,2024-12,2024-W53,Organic,Desktop,/contact,2,242,0,1,A,0
S04635,U3234,2024-12-30,2024-12,2024-W53,Direct,Mobile,/services,6,430,0,1,B,0
S04636,U3235,2024-12-31,2024-12,2024-W53,Paid,Desktop,/,2,293,0,1,A,0
S04637,U3236,2024-12-31,2024-12,2024-W53,Organic,Desktop,/tutors,1,200,0,1,A,0
S04638,U2296,2024-12-31,2024-12,2024-W53,Direct,Tablet,/pricing,2,495,0,0,A,0
S04639,U3237,2024-12-31,2024-12,2024-W53,Organic,Mobile,/,2,987,0,1,A,0
S04640,U3238,2024-12-31,2024-12,2024-W53,Email,Tablet,/,2,52,0,1,A,0
S04641,U3239,2024-12-31,2024-12,2024-W53,Organic,Tablet,/tutors,5,440,0,1,B,0
S04642,U3240,2024-12-31,2024-12,2024-W53,Organic,Desktop,/about,1,139,0,1,B,0
S04643,U3241,2024-12-31,2024-12,2024-W53,Organic,Mobile,/,4,550,0,1,A,0
S04644,U3242,2024-12-31,2024-12,2024-W53,Organic,Desktop,/about,4,798,0,1,A,0
S04645,U1067,2024-12-31,2024-12,2024-W53,Paid,Mobile,/about,3,283,0,0,B,0
S04646,U3243,2024-12-31,2024-12,2024-W53,Direct,Desktop,/services,4,386,0,1,B,0
S04647,U3244,2024-12-31,2024-12,2024-W53,Organic,Desktop,/,1,572,0,1,A,0
S04648,U2025,2024-12-31,2024-12,2024-W53,Organic,Mobile,/,4,468,0,0,A,0
S04649,U3245,2024-12-31,2024-12,2024-W53,Email,Tablet,/contact,4,63,0,1,B,0
S04650,U3246,2024-12-31,2024-12,2024-W53,Email,Mobile,/about,3,339,0,1,B,1
S04651,U1079,2024-12-31,2024-12,2024-W53,Organic,Desktop,/pricing,6,338,0,0,B,0
S04652,U3247,2024-12-31,2024-12,2024-W53,Organic,Desktop,/contact,1,495,0,1,B,0
S04653,U0140,2024-12-31,2024-12,2024-W53,Social,Desktop,/about,6,261,0,0,B,0
S04654,U0684,2024-12-31,2024-12,2024-W53,Social,Mobile,/,4,729,0,0,B,0
S04655,U2169,2024-12-31,2024-12,2024-W53,Direct,Desktop,/,4,2317,0,0,A,0
S04656,U3248,2024-12-31,2024-12,2024-W53,Social,Mobile,/,2,214,0,1,B,0
S04657,U3249,2024-12-31,2024-12,2024-W53,Social,Mobile,/,1,215,0,1,A,0
S04658,U3250,2024-12-31,2024-12,2024-W53,Organic,Desktop,/tutors,4,164,0,1,A,0
S04659,U3251,2024-12-31,2024-12,2024-W53,Direct,Desktop,/contact,5,85,0,1,B,0
S04660,U3252,2024-12-31,2024-12,2024-W53,Paid,Mobile,/,1,61,0,1,A,0
S04661,U3253,2024-12-31,2024-12,2024-W53,Direct,Desktop,/contact,4,124,0,1,A,1
S04662,U3254,2024-12-31,2024-12,2024-W53,Organic,Tablet,/,3,217,0,1,A,0
S04663,U3255,2024-12-31,2024-12,2024-W53,Organic,Desktop,/,3,95,0,1,B,0
S04664,U3256,2024-12-31,2024-12,2024-W53,Email,Mobile,/services,3,970,0,1,A,0
S04665,U1955,2024-12-31,2024-12,2024-W53,Direct,Desktop,/,3,659,0,0,A,0
S04666,U3257,2024-12-31,2024-12,2024-W53,Email,Mobile,/about,3,281,0,1,A,0
S04667,U3258,2024-12-31,2024-12,2024-W53,Organic,Desktop,/contact,6,91,0,1,A,0
S04668,U3259,2024-12-31,2024-12,2024-W53,Organic,Desktop,/pricing,1,114,0,1,A,0
S04669,U2430,2024-12-31,2024-12,2024-W53,Organic,Desktop,/about,2,154,0,0,B,0
S04670,U3260,2024-12-31,2024-12,2024-W53,Paid,Mobile,/tutors,2,226,0,1,A,0
S04671,U3261,2025-01-01,2025-01,2025-W00,Organic,Desktop,/about,1,258,0,1,B,0
S04672,U3262,2025-01-01,2025-01,2025-W00,Direct,Desktop,/,5,171,0,1,A,0
S04673,U1218,2025-01-01,2025-01,2025-W00,Social,Mobile,/,1,63,0,0,B,0
S04674,U2121,2025-01-01,2025-01,2025-W00,Organic,Desktop,/tutors,4,152,0,0,A,0
S04675,U3263,2025-01-01,2025-01,2025-W00,Organic,Mobile,/,1,141,0,1,B,0
S04676,U3264,2025-01-01,2025-01,2025-W00,Organic,Desktop,/,3,79,0,1,A,0
S04677,U3265,2025-01-01,2025-01,2025-W00,Direct,Desktop,/,2,185,0,1,A,0
S04678,U3010,2025-01-01,2025-01,2025-W00,Organic,Desktop,/about,3,630,0,0,A,0
S04679,U3266,2025-01-01,2025-01,2025-W00,Direct,Mobile,/services,2,202,0,1,B,0
S04680,U2521,2025-01-01,2025-01,2025-W00,Organic,Desktop,/,9,185,0,0,B,0
S04681,U3267,2025-01-01,2025-01,2025-W00,Social,Desktop,/about,1,164,0,1,B,0
S04682,U1994,2025-01-01,2025-01,2025-W00,Organic,Desktop,/services,5,40,0,0,B,0
S04683,U3268,2025-01-01,2025-01,2025-W00,Organic,Tablet,/,4,166,0,1,B,0
S04684,U3269,2025-01-01,2025-01,2025-W00,Paid,Desktop,/about,4,154,0,1,A,0
S04685,U3270,2025-01-01,2025-01,2025-W00,Organic,Desktop,/pricing,4,121,0,1,A,0
S04686,U3271,2025-01-01,2025-01,2025-W00,Organic,Mobile,/services,3,388,0,1,A,0
S04687,U2084,2025-01-01,2025-01,2025-W00,Organic,Desktop,/tutors,2,276,0,0,B,0
S04688,U0163,2025-01-01,2025-01,2025-W00,Social,Tablet,/services,2,134,0,0,B,0
S04689,U3272,2025-01-01,2025-01,2025-W00,Email,Desktop,/about,1,102,0,1,B,0
S04690,U0106,2025-01-01,2025-01,2025-W00,Organic,Mobile,/contact,5,137,0,0,B,0
S04691,U2340,2025-01-01,2025-01,2025-W00,Paid,Mobile,/pricing,5,149,0,0,B,0
S04692,U3273,2025-01-01,2025-01,2025-W00,Organic,Mobile,/,1,60,0,1,A,0
S04693,U3274,2025-01-01,2025-01,2025-W00,Social,Mobile,/,3,476,0,1,B,0
S04694,U3275,2025-01-01,2025-01,2025-W00,Organic,Mobile,/,2,114,0,1,A,0
S04695,U1771,2025-01-01,2025-01,2025-W00,Paid,Tablet,/about,1,626,0,0,B,0
S04696,U0561,2025-01-01,2025-01,2025-W00,Social,Desktop,/,3,171,0,0,A,0
S04697,U3276,2025-01-01,2025-01,2025-W00,Email,Tablet,/tutors,3,920,0,1,A,1
S04698,U3277,2025-01-01,2025-01,2025-W00,Social,Desktop,/services,2,294,0,1,A,0
S04699,U3278,2025-01-01,2025-01,2025-W00,Organic,Desktop,/about,3,99,0,1,A,0
S04700,U3279,2025-01-01,2025-01,2025-W00,Organic,Desktop,/,2,333,0,1,B,0
S04701,U2584,2025-01-01,2025-01,2025-W00,Social,Tablet,/,2,193,0,0,A,0
S04702,U3280,2025-01-01,2025-01,2025-W00,Email,Desktop,/tutors,4,118,0,1,B,1
S04703,U3281,2025-01-02,2025-01,2025-W00,Email,Mobile,/,2,124,0,1,A,0
S04704,U0412,2025-01-02,2025-01,2025-W00,Organic,Desktop,/services,2,48,0,0,A,0
S04705,U3282,2025-01-02,2025-01,2025-W00,Organic,Mobile,/services,3,573,0,1,B,0
S04706,U3283,2025-01-02,2025-01,2025-W00,Organic,Mobile,/services,4,224,0,1,B,0
S04707,U3284,2025-01-02,2025-01,2025-W00,Organic,Desktop,/tutors,2,131,0,1,A,1
S04708,U3285,2025-01-02,2025-01,2025-W00,Direct,Desktop,/,6,444,0,1,B,1
S04709,U1541,2025-01-02,2025-01,2025-W00,Organic,Tablet,/contact,3,336,0,0,B,0
S04710,U0802,2025-01-02,2025-01,2025-W00,Organic,Desktop,/,3,62,0,0,A,0
S04711,U0767,2025-01-02,2025-01,2025-W00,Organic,Mobile,/contact,10,55,0,0,B,0
S04712,U0814,2025-01-02,2025-01,2025-W00,Organic,Desktop,/services,5,447,0,0,A,0
S04713,U2115,2025-01-02,2025-01,2025-W00,Email,Desktop,/services,2,54,0,0,A,0
S04714,U3286,2025-01-02,2025-01,2025-W00,Organic,Mobile,/,7,154,0,1,A,1
S04715,U2285,2025-01-02,2025-01,2025-W00,Social,Tablet,/pricing,2,93,0,0,A,0
S04716,U3287,2025-01-02,2025-01,2025-W00,Paid,Tablet,/contact,1,142,0,1,B,1
S04717,U3288,2025-01-02,2025-01,2025-W00,Email,Desktop,/services,2,695,0,1,A,0
S04718,U3289,2025-01-02,2025-01,2025-W00,Paid,Tablet,/pricing,6,102,0,1,B,0
S04719,U3290,2025-01-02,2025-01,2025-W00,Organic,Mobile,/services,2,272,0,1,A,0
S04720,U3291,2025-01-02,2025-01,2025-W00,Social,Mobile,/,3,198,0,1,B,0
S04721,U3292,2025-01-02,2025-01,2025-W00,Email,Mobile,/about,3,336,0,1,B,0
S04722,U3293,2025-01-02,2025-01,2025-W00,Direct,Desktop,/,4,134,0,1,A,0
S04723,U3294,2025-01-02,2025-01,2025-W00,Organic,Mobile,/,4,176,0,1,A,0
S04724,U3295,2025-01-02,2025-01,2025-W00,Organic,Mobile,/services,1,86,0,1,A,0
S04725,U3093,2025-01-02,2025-01,2025-W00,Organic,Tablet,/pricing,3,415,0,0,B,0
S04726,U3296,2025-01-02,2025-01,2025-W00,Email,Tablet,/services,2,218,0,1,B,0
S04727,U1741,2025-01-02,2025-01,2025-W00,Organic,Mobile,/,2,312,0,0,A,0
S04728,U3297,2025-01-02,2025-01,2025-W00,Social,Tablet,/services,5,187,0,1,A,0
S04729,U2855,2025-01-02,2025-01,2025-W00,Direct,Desktop,/services,3,1193,0,0,A,0
S04730,U1982,2025-01-02,2025-01,2025-W00,Organic,Desktop,/services,2,175,0,0,B,0
S04731,U3298,2025-01-02,2025-01,2025-W00,Organic,Desktop,/,4,52,0,1,A,0
S04732,U3299,2025-01-02,2025-01,2025-W00,Social,Mobile,/,5,235,0,1,A,1
S04733,U0882,2025-01-02,2025-01,2025-W00,Organic,Mobile,/tutors,3,150,0,0,B,0
S04734,U3300,2025-01-03,2025-01,2025-W00,Organic,Mobile,/,3,210,0,1,A,0
S04735,U3301,2025-01-03,2025-01,2025-W00,Organic,Mobile,/,5,225,0,1,B,0
S04736,U3302,2025-01-03,2025-01,2025-W00,Direct,Mobile,/tutors,1,110,0,1,B,0
S04737,U3303,2025-01-03,2025-01,2025-W00,Organic,Mobile,/,5,1254,0,1,B,0
S04738,U3304,2025-01-03,2025-01,2025-W00,Organic,Mobile,/,1,377,0,1,B,0
S04739,U3305,2025-01-03,2025-01,2025-W00,Email,Mobile,/,8,74,0,1,A,0
S04740,U3306,2025-01-03,2025-01,2025-W00,Direct,Mobile,/contact,4,465,0,1,A,0
S04741,U3307,2025-01-03,2025-01,2025-W00,Social,Mobile,/contact,3,255,0,1,A,0
S04742,U0845,2025-01-03,2025-01,2025-W00,Paid,Mobile,/services,3,261,0,0,B,0
S04743,U2513,2025-01-03,2025-01,2025-W00,Organic,Tablet,/,4,327,0,0,A,0
S04744,U2211,2025-01-03,2025-01,2025-W00,Organic,Mobile,/services,3,163,0,0,B,1
S04745,U3308,2025-01-03,2025-01,2025-W00,Paid,Mobile,/services,7,111,0,1,B,0
S04746,U2887,2025-01-03,2025-01,2025-W00,Direct,Desktop,/,2,141,0,0,B,0
S04747,U3309,2025-01-03,2025-01,2025-W00,Email,Desktop,/,5,443,0,1,B,0
S04748,U0202,2025-01-03,2025-01,2025-W00,Direct,Desktop,/,1,118,0,0,A,0
S04749,U3310,2025-01-03,2025-01,2025-W00,Email,Mobile,/contact,4,129,0,1,A,0
S04750,U2195,2025-01-03,2025-01,2025-W00,Social,Mobile,/contact,6,308,0,0,B,0
S04751,U3311,2025-01-03,2025-01,2025-W00,Social,Mobile,/pricing,4,200,0,1,A,0
S04752,U1532,2025-01-03,2025-01,2025-W00,Direct,Desktop,/,1,194,0,0,B,0
S04753,U3004,2025-01-03,2025-01,2025-W00,Direct,Mobile,/pricing,2,227,0,0,A,0
S04754,U0083,2025-01-03,2025-01,2025-W00,Organic,Desktop,/tutors,7,84,0,0,B,0
S04755,U3312,2025-01-03,2025-01,2025-W00,Organic,Tablet,/tutors,2,37,0,1,B,0
S04756,U3313,2025-01-03,2025-01,2025-W00,Organic,Mobile,/,1,79,0,1,A,0
S04757,U0100,2025-01-03,2025-01,2025-W00,Email,Desktop,/pricing,9,519,0,0,A,0
S04758,U3314,2025-01-03,2025-01,2025-W00,Social,Mobile,/tutors,3,157,0,1,A,0
S04759,U0507,2025-01-03,2025-01,2025-W00,Direct,Tablet,/tutors,1,183,0,0,A,0
S04760,U3315,2025-01-03,2025-01,2025-W00,Organic,Desktop,/tutors,2,183,0,1,A,0
S04761,U3316,2025-01-03,2025-01,2025-W00,Paid,Mobile,/services,5,301,0,1,B,0
S04762,U3317,2025-01-03,2025-01,2025-W00,Social,Desktop,/pricing,4,168,0,1,B,0
S04763,U3318,2025-01-03,2025-01,2025-W00,Paid,Desktop,/services,3,275,0,1,A,0
S04764,U3319,2025-01-03,2025-01,2025-W00,Paid,Mobile,/services,2,330,0,1,A,1
S04765,U3320,2025-01-03,2025-01,2025-W00,Organic,Desktop,/,1,502,0,1,B,0
S04766,U3321,2025-01-03,2025-01,2025-W00,Organic,Desktop,/,4,49,0,1,B,0
S04767,U3322,2025-01-03,2025-01,2025-W00,Organic,Tablet,/,3,178,0,1,B,0
S04768,U3323,2025-01-03,2025-01,2025-W00,Direct,Tablet,/about,3,65,0,1,A,0
S04769,U3324,2025-01-03,2025-01,2025-W00,Direct,Mobile,/tutors,2,94,0,1,B,0
S04770,U3325,2025-01-04,2025-01,2025-W00,Direct,Tablet,/tutors,3,165,0,1,A,0
S04771,U3326,2025-01-04,2025-01,2025-W00,Direct,Desktop,/,3,215,0,1,B,0
S04772,U3327,2025-01-04,2025-01,2025-W00,Organic,Mobile,/services,2,135,0,1,B,0
S04773,U3328,2025-01-04,2025-01,2025-W00,Organic,Mobile,/services,3,37,0,1,B,0
S04774,U1665,2025-01-04,2025-01,2025-W00,Direct,Desktop,/,1,149,0,0,B,0
S04775,U3329,2025-01-04,2025-01,2025-W00,Organic,Desktop,/,4,130,0,1,A,0
S04776,U3330,2025-01-04,2025-01,2025-W00,Organic,Desktop,/about,1,57,0,1,B,0
S04777,U2036,2025-01-04,2025-01,2025-W00,Organic,Tablet,/,2,216,0,0,A,0
S04778,U3331,2025-01-04,2025-01,2025-W00,Organic,Desktop,/,3,219,0,1,A,0
S04779,U3332,2025-01-04,2025-01,2025-W00,Organic,Desktop,/pricing,3,188,0,1,A,0
S04780,U3333,2025-01-04,2025-01,2025-W00,Paid,Desktop,/about,2,475,0,1,A,1
S04781,U3334,2025-01-04,2025-01,2025-W00,Organic,Mobile,/,2,91,0,1,B,0
S04782,U3335,2025-01-04,2025-01,2025-W00,Organic,Mobile,/pricing,2,766,0,1,B,0
S04783,U3336,2025-01-04,2025-01,2025-W00,Direct,Desktop,/contact,3,293,0,1,A,0
S04784,U3337,2025-01-04,2025-01,2025-W00,Organic,Desktop,/tutors,2,217,0,1,B,0
S04785,U3338,2025-01-04,2025-01,2025-W00,Paid,Desktop,/tutors,1,128,0,1,B,0
S04786,U3339,2025-01-04,2025-01,2025-W00,Social,Desktop,/services,3,234,0,1,B,0
S04787,U1652,2025-01-04,2025-01,2025-W00,Social,Mobile,/,4,1204,0,0,A,0
S04788,U3340,2025-01-04,2025-01,2025-W00,Organic,Mobile,/,1,74,0,1,A,0
S04789,U3341,2025-01-04,2025-01,2025-W00,Organic,Desktop,/pricing,4,104,0,1,A,0
S04790,U3342,2025-01-04,2025-01,2025-W00,Direct,Desktop,/,3,156,0,1,B,0
S04791,U3343,2025-01-04,2025-01,2025-W00,Direct,Mobile,/,1,69,0,1,B,0
S04792,U1317,2025-01-04,2025-01,2025-W00,Organic,Desktop,/,4,111,0,0,B,0
S04793,U3344,2025-01-04,2025-01,2025-W00,Direct,Desktop,/tutors,6,23,0,1,B,0
S04794,U0857,2025-01-04,2025-01,2025-W00,Social,Tablet,/services,6,196,0,0,B,0
S04795,U3345,2025-01-04,2025-01,2025-W00,Organic,Mobile,/services,4,205,0,1,A,0
S04796,U3346,2025-01-04,2025-01,2025-W00,Email,Desktop,/,3,93,0,1,B,0
S04797,U3347,2025-01-04,2025-01,2025-W00,Organic,Desktop,/pricing,4,74,0,1,A,0
S04798,U3348,2025-01-04,2025-01,2025-W00,Direct,Desktop,/,2,218,0,1,B,0
S04799,U3349,2025-01-04,2025-01,2025-W00,Direct,Mobile,/,3,163,0,1,B,0
S04800,U2865,2025-01-04,2025-01,2025-W00,Direct,Desktop,/pricing,3,409,0,0,B,1
S04801,U0056,2025-01-04,2025-01,2025-W00,Direct,Desktop,/,2,428,0,0,B,0
S04802,U3350,2025-01-04,2025-01,2025-W00,Paid,Desktop,/services,3,39,0,1,B,0
S04803,U3351,2025-01-04,2025-01,2025-W00,Direct,Mobile,/,4,110,0,1,A,0
S04804,U1738,2025-01-04,2025-01,2025-W00,Organic,Desktop,/pricing,4,87,0,0,B,0
S04805,U3352,2025-01-04,2025-01,2025-W00,Direct,Desktop,/pricing,3,55,0,1,A,0
S04806,U2241,2025-01-05,2025-01,2025-W00,Social,Desktop,/,3,92,0,0,A,0
S04807,U0482,2025-01-05,2025-01,2025-W00,Email,Mobile,/services,2,77,0,0,A,0
S04808,U2772,2025-01-05,2025-01,2025-W00,Email,Mobile,/,3,464,0,0,A,0
S04809,U3353,2025-01-05,2025-01,2025-W00,Direct,Mobile,/,2,163,0,1,B,0
S04810,U3354,2025-01-05,2025-01,2025-W00,Organic,Desktop,/contact,4,352,0,1,A,0
S04811,U2806,2025-01-05,2025-01,2025-W00,Direct,Desktop,/tutors,4,241,0,0,A,0
S04812,U3355,2025-01-05,2025-01,2025-W00,Direct,Desktop,/,5,96,0,1,A,0
S04813,U3356,2025-01-05,2025-01,2025-W00,Organic,Mobile,/,5,902,0,1,A,0
S04814,U3357,2025-01-05,2025-01,2025-W00,Email,Desktop,/services,3,193,0,1,A,0
S04815,U3358,2025-01-05,2025-01,2025-W00,Direct,Mobile,/tutors,1,36,0,1,B,0
S04816,U3359,2025-01-05,2025-01,2025-W00,Social,Desktop,/services,5,359,0,1,A,0
S04817,U3360,2025-01-05,2025-01,2025-W00,Organic,Desktop,/about,1,486,0,1,B,0
S04818,U1706,2025-01-05,2025-01,2025-W00,Organic,Desktop,/pricing,2,131,0,0,A,0
S04819,U3361,2025-01-05,2025-01,2025-W00,Direct,Desktop,/pricing,6,193,0,1,B,0
S04820,U2874,2025-01-05,2025-01,2025-W00,Organic,Desktop,/pricing,6,45,0,0,A,0
S04821,U3362,2025-01-05,2025-01,2025-W00,Email,Mobile,/pricing,3,309,0,1,B,0
S04822,U3363,2025-01-05,2025-01,2025-W00,Organic,Desktop,/,3,944,0,1,A,1
S04823,U3364,2025-01-05,2025-01,2025-W00,Paid,Desktop,/,3,169,0,1,B,0
S04824,U3365,2025-01-05,2025-01,2025-W00,Paid,Mobile,/contact,5,18,0,1,A,0
S04825,U2576,2025-01-05,2025-01,2025-W00,Social,Desktop,/tutors,1,444,0,0,A,1
S04826,U1165,2025-01-05,2025-01,2025-W00,Paid,Tablet,/tutors,4,304,0,0,B,0
S04827,U3366,2025-01-05,2025-01,2025-W00,Social,Desktop,/services,5,88,0,1,A,0
S04828,U3367,2025-01-05,2025-01,2025-W00,Direct,Mobile,/,2,56,0,1,B,0
S04829,U3368,2025-01-05,2025-01,2025-W00,Social,Desktop,/tutors,1,212,0,1,B,0
S04830,U3369,2025-01-05,2025-01,2025-W00,Direct,Desktop,/services,4,105,0,1,A,0
S04831,U0625,2025-01-05,2025-01,2025-W00,Email,Mobile,/services,5,173,0,0,A,1
S04832,U0731,2025-01-06,2025-01,2025-W01,Organic,Desktop,/services,2,398,0,0,B,0
S04833,U3265,2025-01-06,2025-01,2025-W01,Direct,Desktop,/tutors,4,58,0,0,A,0
S04834,U3370,2025-01-06,2025-01,2025-W01,Organic,Desktop,/pricing,3,178,0,1,B,0
S04835,U3371,2025-01-06,2025-01,2025-W01,Paid,Desktop,/tutors,1,17,1,1,B,0
S04836,U3372,2025-01-06,2025-01,2025-W01,Email,Desktop,/tutors,3,227,0,1,B,0
S04837,U3373,2025-01-06,2025-01,2025-W01,Organic,Desktop,/services,7,389,0,1,A,0
S04838,U3374,2025-01-06,2025-01,2025-W01,Organic,Desktop,/services,2,183,0,1,B,0
S04839,U0950,2025-01-06,2025-01,2025-W01,Social,Mobile,/,2,240,0,0,A,0
S04840,U3291,2025-01-06,2025-01,2025-W01,Organic,Desktop,/,5,49,0,0,B,0
S04841,U1948,2025-01-06,2025-01,2025-W01,Direct,Mobile,/tutors,1,182,0,0,B,0
S04842,U3375,2025-01-06,2025-01,2025-W01,Email,Desktop,/services,3,112,0,1,B,0
S04843,U2096,2025-01-06,2025-01,2025-W01,Direct,Desktop,/about,3,100,0,0,A,0
S04844,U3376,2025-01-06,2025-01,2025-W01,Organic,Mobile,/contact,4,349,0,1,B,0
S04845,U3377,2025-01-06,2025-01,2025-W01,Organic,Desktop,/,2,134,0,1,B,0
S04846,U1611,2025-01-06,2025-01,2025-W01,Email,Desktop,/services,5,152,0,0,A,0
S04847,U3378,2025-01-06,2025-01,2025-W01,Organic,Mobile,/tutors,2,641,0,1,A,0
S04848,U3379,2025-01-06,2025-01,2025-W01,Social,Mobile,/contact,5,148,0,1,A,0
S04849,U3380,2025-01-06,2025-01,2025-W01,Direct,Desktop,/,9,161,0,1,A,0
S04850,U3381,2025-01-06,2025-01,2025-W01,Organic,Mobile,/,2,285,0,1,B,0
S04851,U3382,2025-01-06,2025-01,2025-W01,Organic,Mobile,/,7,90,0,1,B,0
S04852,U3383,2025-01-06,2025-01,2025-W01,Organic,Mobile,/services,7,58,0,1,B,0
S04853,U3384,2025-01-06,2025-01,2025-W01,Social,Mobile,/,1,127,0,1,B,0
S04854,U3385,2025-01-06,2025-01,2025-W01,Direct,Desktop,/pricing,3,210,0,1,B,0
S04855,U3386,2025-01-06,2025-01,2025-W01,Direct,Mobile,/services,1,85,0,1,B,0
S04856,U3387,2025-01-06,2025-01,2025-W01,Email,Mobile,/contact,5,205,0,1,B,1
S04857,U3388,2025-01-06,2025-01,2025-W01,Direct,Mobile,/pricing,2,193,0,1,A,0
S04858,U3389,2025-01-06,2025-01,2025-W01,Organic,Desktop,/pricing,4,260,0,1,B,0
S04859,U2293,2025-01-06,2025-01,2025-W01,Organic,Tablet,/pricing,3,93,0,0,A,0
S04860,U3390,2025-01-07,2025-01,2025-W01,Organic,Tablet,/tutors,2,657,0,1,B,0
S04861,U3391,2025-01-07,2025-01,2025-W01,Organic,Tablet,/services,1,78,0,1,A,0
S04862,U3392,2025-01-07,2025-01,2025-W01,Organic,Desktop,/,1,78,0,1,B,0
S04863,U3393,2025-01-07,2025-01,2025-W01,Email,Desktop,/,4,80,0,1,A,0
S04864,U3394,2025-01-07,2025-01,2025-W01,Organic,Desktop,/about,1,75,0,1,B,0
S04865,U3395,2025-01-07,2025-01,2025-W01,Organic,Desktop,/pricing,2,111,0,1,A,0
S04866,U3396,2025-01-07,2025-01,2025-W01,Organic,Desktop,/,2,261,0,1,B,1
S04867,U2652,2025-01-07,2025-01,2025-W01,Social,Mobile,/,6,301,0,0,A,0
S04868,U3397,2025-01-07,2025-01,2025-W01,Social,Mobile,/,3,89,0,1,A,0
S04869,U3398,2025-01-07,2025-01,2025-W01,Organic,Mobile,/,4,102,0,1,B,0
S04870,U3399,2025-01-07,2025-01,2025-W01,Direct,Desktop,/pricing,3,127,0,1,A,0
S04871,U3400,2025-01-07,2025-01,2025-W01,Organic,Desktop,/services,2,165,0,1,A,0
S04872,U3401,2025-01-07,2025-01,2025-W01,Organic,Mobile,/services,5,91,0,1,B,0
S04873,U3402,2025-01-07,2025-01,2025-W01,Paid,Tablet,/tutors,5,147,0,1,B,0
S04874,U3403,2025-01-07,2025-01,2025-W01,Direct,Mobile,/services,4,328,0,1,A,0
S04875,U3404,2025-01-07,2025-01,2025-W01,Direct,Desktop,/,3,125,0,1,B,0
S04876,U0119,2025-01-07,2025-01,2025-W01,Email,Desktop,/services,5,358,0,0,B,0
S04877,U3405,2025-01-07,2025-01,2025-W01,Organic,Desktop,/pricing,3,754,0,1,B,0
S04878,U0540,2025-01-07,2025-01,2025-W01,Organic,Mobile,/,1,255,0,0,A,0
S04879,U3406,2025-01-07,2025-01,2025-W01,Direct,Desktop,/,3,995,0,1,A,0
S04880,U3407,2025-01-07,2025-01,2025-W01,Email,Mobile,/,2,169,0,1,B,0
S04881,U3408,2025-01-07,2025-01,2025-W01,Direct,Mobile,/about,1,208,0,1,B,0
S04882,U0796,2025-01-07,2025-01,2025-W01,Social,Desktop,/,2,231,0,0,A,0
S04883,U3409,2025-01-07,2025-01,2025-W01,Email,Desktop,/pricing,5,91,0,1,B,0
S04884,U3410,2025-01-07,2025-01,2025-W01,Email,Desktop,/about,3,71,0,1,A,0
S04885,U3411,2025-01-07,2025-01,2025-W01,Organic,Desktop,/tutors,2,542,0,1,A,0
S04886,U3412,2025-01-08,2025-01,2025-W01,Direct,Desktop,/tutors,9,480,0,1,B,0
S04887,U3413,2025-01-08,2025-01,2025-W01,Organic,Desktop,/services,2,111,0,1,B,1
S04888,U3414,2025-01-08,2025-01,2025-W01,Organic,Desktop,/tutors,3,44,0,1,B,0
S04889,U3415,2025-01-08,2025-01,2025-W01,Email,Desktop,/,8,141,0,1,A,1
S04890,U3119,2025-01-08,2025-01,2025-W01,Paid,Desktop,/,5,46,0,0,A,0
S04891,U3416,2025-01-08,2025-01,2025-W01,Direct,Desktop,/,5,76,0,1,A,0
S04892,U3417,2025-01-08,2025-01,2025-W01,Organic,Desktop,/services,2,118,0,1,B,0
S04893,U2071,2025-01-08,2025-01,2025-W01,Organic,Mobile,/pricing,3,61,0,0,A,0
S04894,U3418,2025-01-08,2025-01,2025-W01,Email,Desktop,/,5,190,0,1,A,0
S04895,U3419,2025-01-08,2025-01,2025-W01,Organic,Mobile,/about,4,171,0,1,A,0
S04896,U3420,2025-01-08,2025-01,2025-W01,Email,Desktop,/tutors,5,67,0,1,B,1
S04897,U3421,2025-01-08,2025-01,2025-W01,Organic,Mobile,/,4,563,0,1,A,0
S04898,U1897,2025-01-08,2025-01,2025-W01,Social,Mobile,/contact,2,58,0,0,A,0
S04899,U3422,2025-01-08,2025-01,2025-W01,Organic,Desktop,/,3,287,0,1,A,0
S04900,U1301,2025-01-08,2025-01,2025-W01,Organic,Mobile,/,5,95,0,0,B,0
S04901,U3423,2025-01-08,2025-01,2025-W01,Organic,Tablet,/services,4,108,0,1,A,0
S04902,U3424,2025-01-08,2025-01,2025-W01,Direct,Tablet,/services,2,250,0,1,B,0
S04903,U3425,2025-01-08,2025-01,2025-W01,Organic,Mobile,/,3,119,0,1,A,0
S04904,U3426,2025-01-08,2025-01,2025-W01,Direct,Desktop,/contact,2,52,0,1,A,0
S04905,U3427,2025-01-08,2025-01,2025-W01,Organic,Desktop,/about,3,195,0,1,A,0
S04906,U3428,2025-01-08,2025-01,2025-W01,Paid,Mobile,/,2,37,0,1,A,0
S04907,U3429,2025-01-08,2025-01,2025-W01,Paid,Desktop,/,1,38,0,1,A,0
S04908,U2892,2025-01-08,2025-01,2025-W01,Direct,Mobile,/pricing,3,121,0,0,B,0
S04909,U2315,2025-01-08,2025-01,2025-W01,Organic,Desktop,/contact,1,166,0,0,A,0
S04910,U0772,2025-01-08,2025-01,2025-W01,Organic,Mobile,/pricing,3,295,0,0,A,0
S04911,U1209,2025-01-08,2025-01,2025-W01,Paid,Desktop,/,2,138,0,0,A,0
S04912,U3430,2025-01-08,2025-01,2025-W01,Direct,Desktop,/,3,224,0,1,B,0
S04913,U3431,2025-01-08,2025-01,2025-W01,Organic,Desktop,/,2,327,0,1,A,0
S04914,U3432,2025-01-08,2025-01,2025-W01,Social,Desktop,/tutors,4,509,0,1,B,0
S04915,U3433,2025-01-08,2025-01,2025-W01,Organic,Mobile,/about,1,33,0,1,A,0
S04916,U3420,2025-01-08,2025-01,2025-W01,Paid,Desktop,/,3,139,0,0,B,0
S04917,U2330,2025-01-08,2025-01,2025-W01,Social,Mobile,/services,9,151,0,0,A,0
S04918,U3434,2025-01-08,2025-01,2025-W01,Organic,Mobile,/pricing,6,491,0,1,B,0
S04919,U3435,2025-01-08,2025-01,2025-W01,Social,Mobile,/,2,191,0,1,B,0
S04920,U2866,2025-01-08,2025-01,2025-W01,Organic,Mobile,/about,1,169,0,0,A,0
S04921,U3436,2025-01-08,2025-01,2025-W01,Organic,Mobile,/services,1,556,0,1,A,0
S04922,U2103,2025-01-08,2025-01,2025-W01,Social,Mobile,/,1,69,0,0,B,0
S04923,U1916,2025-01-08,2025-01,2025-W01,Paid,Desktop,/about,3,96,0,0,B,0
S04924,U3437,2025-01-08,2025-01,2025-W01,Social,Mobile,/tutors,4,178,0,1,A,0
S04925,U3438,2025-01-09,2025-01,2025-W01,Social,Desktop,/pricing,1,288,0,1,A,0
S04926,U3439,2025-01-09,2025-01,2025-W01,Organic,Desktop,/services,4,587,0,1,B,0
S04927,U3440,2025-01-09,2025-01,2025-W01,Organic,Mobile,/,3,87,0,1,A,0
S04928,U3441,2025-01-09,2025-01,2025-W01,Organic,Desktop,/about,2,371,0,1,A,0
S04929,U1470,2025-01-09,2025-01,2025-W01,Organic,Mobile,/pricing,2,154,0,0,B,0
S04930,U1727,2025-01-09,2025-01,2025-W01,Social,Desktop,/tutors,6,649,0,0,A,0
S04931,U3442,2025-01-09,2025-01,2025-W01,Email,Mobile,/about,3,622,0,1,B,0
S04932,U1467,2025-01-09,2025-01,2025-W01,Social,Mobile,/pricing,3,58,0,0,A,0
S04933,U3443,2025-01-09,2025-01,2025-W01,Organic,Mobile,/,2,249,0,1,B,0
S04934,U3315,2025-01-09,2025-01,2025-W01,Organic,Tablet,/contact,2,630,0,0,A,0
S04935,U3444,2025-01-09,2025-01,2025-W01,Organic,Desktop,/,3,485,0,1,A,0
S04936,U3445,2025-01-09,2025-01,2025-W01,Email,Desktop,/,4,134,0,1,A,0
S04937,U2963,2025-01-09,2025-01,2025-W01,Social,Mobile,/contact,4,1334,0,0,B,0
S04938,U3446,2025-01-09,2025-01,2025-W01,Organic,Tablet,/,1,220,0,1,B,0
S04939,U3447,2025-01-09,2025-01,2025-W01,Direct,Mobile,/services,2,68,0,1,B,0
S04940,U3448,2025-01-09,2025-01,2025-W01,Organic,Desktop,/tutors,2,75,0,1,B,0
S04941,U3449,2025-01-09,2025-01,2025-W01,Email,Mobile,/services,3,84,0,1,A,0
S04942,U3450,2025-01-09,2025-01,2025-W01,Email,Mobile,/,2,141,0,1,B,0
S04943,U3451,2025-01-09,2025-01,2025-W01,Organic,Mobile,/about,1,230,0,1,B,0
S04944,U2098,2025-01-09,2025-01,2025-W01,Direct,Mobile,/,6,302,0,0,A,0
S04945,U3452,2025-01-09,2025-01,2025-W01,Organic,Desktop,/tutors,4,181,0,1,A,0
S04946,U3453,2025-01-09,2025-01,2025-W01,Social,Desktop,/services,2,62,0,1,B,0
S04947,U3454,2025-01-09,2025-01,2025-W01,Email,Mobile,/,1,71,0,1,A,0
S04948,U2718,2025-01-09,2025-01,2025-W01,Organic,Mobile,/pricing,12,375,0,0,A,0
S04949,U3455,2025-01-09,2025-01,2025-W01,Organic,Mobile,/,3,316,0,1,A,0
S04950,U3456,2025-01-09,2025-01,2025-W01,Direct,Mobile,/pricing,2,378,0,1,B,0
S04951,U3457,2025-01-09,2025-01,2025-W01,Direct,Desktop,/pricing,3,95,0,1,B,0
S04952,U0004,2025-01-09,2025-01,2025-W01,Direct,Desktop,/services,1,365,0,0,B,0
S04953,U0705,2025-01-09,2025-01,2025-W01,Social,Desktop,/about,1,399,0,0,A,0
S04954,U0968,2025-01-09,2025-01,2025-W01,Organic,Desktop,/contact,3,512,0,0,A,0
S04955,U3458,2025-01-09,2025-01,2025-W01,Direct,Tablet,/contact,3,51,0,1,B,0
S04956,U2275,2025-01-09,2025-01,2025-W01,Organic,Mobile,/,1,70,0,0,A,0
S04957,U3459,2025-01-09,2025-01,2025-W01,Paid,Mobile,/contact,4,111,0,1,B,0
S04958,U3460,2025-01-10,2025-01,2025-W01,Social,Mobile,/tutors,3,787,0,1,B,0
S04959,U3461,2025-01-10,2025-01,2025-W01,Organic,Desktop,/,2,162,0,1,A,0
S04960,U3462,2025-01-10,2025-01,2025-W01,Email,Mobile,/about,2,53,0,1,A,0
S04961,U3463,2025-01-10,2025-01,2025-W01,Organic,Desktop,/contact,7,82,0,1,A,0
S04962,U3464,2025-01-10,2025-01,2025-W01,Social,Tablet,/,3,251,0,1,A,0
S04963,U3126,2025-01-10,2025-01,2025-W01,Organic,Mobile,/services,5,72,0,0,A,0
S04964,U3465,2025-01-10,2025-01,2025-W01,Email,Mobile,/,2,448,0,1,B,0
S04965,U2764,2025-01-10,2025-01,2025-W01,Email,Desktop,/services,3,129,0,0,A,0
S04966,U3466,2025-01-10,2025-01,2025-W01,Organic,Mobile,/,6,102,0,1,A,0
S04967,U2001,2025-01-10,2025-01,2025-W01,Social,Mobile,/tutors,5,145,0,0,B,0
S04968,U3467,2025-01-10,2025-01,2025-W01,Direct,Desktop,/about,5,57,0,1,B,1
S04969,U3468,2025-01-10,2025-01,2025-W01,Organic,Tablet,/services,5,77,0,1,A,0
S04970,U1484,2025-01-10,2025-01,2025-W01,Social,Mobile,/,3,142,0,0,B,0
S04971,U3469,2025-01-10,2025-01,2025-W01,Email,Mobile,/,4,543,0,1,A,0
S04972,U3470,2025-01-10,2025-01,2025-W01,Email,Mobile,/tutors,3,246,0,1,B,0
S04973,U3471,2025-01-10,2025-01,2025-W01,Direct,Mobile,/services,3,613,0,1,A,0
S04974,U0866,2025-01-10,2025-01,2025-W01,Organic,Tablet,/pricing,2,242,0,0,A,0
S04975,U1574,2025-01-10,2025-01,2025-W01,Direct,Mobile,/services,2,127,0,0,B,0
S04976,U3472,2025-01-10,2025-01,2025-W01,Direct,Desktop,/,2,75,0,1,B,0
S04977,U3473,2025-01-10,2025-01,2025-W01,Email,Mobile,/about,3,365,0,1,A,0
S04978,U1728,2025-01-10,2025-01,2025-W01,Organic,Desktop,/services,6,530,0,0,A,0
S04979,U3474,2025-01-11,2025-01,2025-W01,Organic,Desktop,/about,3,54,0,1,B,0
S04980,U3303,2025-01-11,2025-01,2025-W01,Email,Mobile,/,4,131,0,0,B,1
S04981,U3475,2025-01-11,2025-01,2025-W01,Email,Desktop,/about,3,222,0,1,A,1
S04982,U3476,2025-01-11,2025-01,2025-W01,Organic,Tablet,/services,2,301,0,1,A,0
S04983,U1307,2025-01-11,2025-01,2025-W01,Direct,Desktop,/,3,42,0,0,B,0
S04984,U3477,2025-01-11,2025-01,2025-W01,Direct,Mobile,/,5,119,0,1,A,0
S04985,U2679,2025-01-11,2025-01,2025-W01,Organic,Mobile,/contact,3,739,0,0,A,0
S04986,U3478,2025-01-11,2025-01,2025-W01,Organic,Desktop,/,5,609,0,1,B,0
S04987,U3479,2025-01-11,2025-01,2025-W01,Email,Desktop,/tutors,2,354,0,1,B,0
S04988,U3480,2025-01-11,2025-01,2025-W01,Direct,Mobile,/,4,149,0,1,A,0
S04989,U3481,2025-01-11,2025-01,2025-W01,Organic,Desktop,/,1,103,0,1,B,0
S04990,U3482,2025-01-11,2025-01,2025-W01,Organic,Desktop,/about,2,44,0,1,A,0
S04991,U3483,2025-01-11,2025-01,2025-W01,Organic,Mobile,/,2,315,0,1,A,0
S04992,U3484,2025-01-11,2025-01,2025-W01,Direct,Mobile,/services,6,118,0,1,B,0
S04993,U3485,2025-01-11,2025-01,2025-W01,Email,Desktop,/,1,59,0,1,A,0
S04994,U3486,2025-01-11,2025-01,2025-W01,Organic,Desktop,/about,7,94,0,1,A,0
S04995,U1381,2025-01-11,2025-01,2025-W01,Organic,Desktop,/,3,516,0,0,B,0
S04996,U3487,2025-01-11,2025-01,2025-W01,Direct,Desktop,/contact,1,71,0,1,A,0
S04997,U3488,2025-01-11,2025-01,2025-W01,Social,Desktop,/,2,41,0,1,B,0
S04998,U3489,2025-01-11,2025-01,2025-W01,Organic,Desktop,/pricing,4,485,0,1,A,0
S04999,U3490,2025-01-11,2025-01,2025-W01,Organic,Mobile,/contact,2,141,0,1,A,0
S05000,U3491,2025-01-11,2025-01,2025-W01,Social,Desktop,/contact,1,506,0,1,B,0
S05001,U2455,2025-01-11,2025-01,2025-W01,Social,Mobile,/services,3,428,0,0,B,0
S05002,U1383,2025-01-11,2025-01,2025-W01,Direct,Desktop,/services,5,354,0,0,A,0
S05003,U3492,2025-01-11,2025-01,2025-W01,Organic,Tablet,/,4,282,0,1,A,1
S05004,U1202,2025-01-11,2025-01,2025-W01,Organic,Desktop,/contact,4,367,0,0,A,0
S05005,U1330,2025-01-11,2025-01,2025-W01,Direct,Desktop,/contact,7,486,0,0,A,0
S05006,U0458,2025-01-11,2025-01,2025-W01,Social,Mobile,/tutors,2,410,0,0,B,0
S05007,U3026,2025-01-11,2025-01,2025-W01,Direct,Desktop,/contact,6,349,0,0,A,0
S05008,U2192,2025-01-11,2025-01,2025-W01,Organic,Tablet,/,1,127,0,0,A,0
S05009,U3493,2025-01-11,2025-01,2025-W01,Direct,Mobile,/,6,28,0,1,A,0
S05010,U3494,2025-01-11,2025-01,2025-W01,Organic,Mobile,/services,6,233,0,1,A,0
S05011,U3495,2025-01-11,2025-01,2025-W01,Paid,Tablet,/services,5,414,0,1,B,0
S05012,U3382,2025-01-11,2025-01,2025-W01,Direct,Mobile,/contact,3,220,0,0,B,0
S05013,U3496,2025-01-11,2025-01,2025-W01,Direct,Mobile,/tutors,2,625,0,1,A,0
S05014,U3497,2025-01-11,2025-01,2025-W01,Direct,Desktop,/,1,316,0,1,B,1
S05015,U3498,2025-01-11,2025-01,2025-W01,Organic,Mobile,/,4,296,0,1,A,0
S05016,U3499,2025-01-11,2025-01,2025-W01,Organic,Mobile,/services,3,138,0,1,B,0
S05017,U3500,2025-01-11,2025-01,2025-W01,Direct,Desktop,/,3,825,0,1,A,0
S05018,U3501,2025-01-11,2025-01,2025-W01,Organic,Desktop,/,2,134,0,1,B,0
S05019,U3502,2025-01-12,2025-01,2025-W01,Email,Desktop,/tutors,1,485,0,1,A,0
S05020,U3503,2025-01-12,2025-01,2025-W01,Direct,Mobile,/tutors,2,181,0,1,B,0
S05021,U3059,2025-01-12,2025-01,2025-W01,Paid,Mobile,/about,4,116,0,0,B,0
S05022,U3504,2025-01-12,2025-01,2025-W01,Social,Desktop,/,3,94,0,1,B,0
S05023,U3505,2025-01-12,2025-01,2025-W01,Social,Desktop,/services,1,171,0,1,A,0
S05024,U0785,2025-01-12,2025-01,2025-W01,Direct,Mobile,/services,4,91,0,0,B,0
S05025,U3506,2025-01-12,2025-01,2025-W01,Organic,Desktop,/,6,160,0,1,B,0
S05026,U3507,2025-01-12,2025-01,2025-W01,Paid,Mobile,/pricing,2,168,0,1,A,0
S05027,U3508,2025-01-12,2025-01,2025-W01,Organic,Mobile,/tutors,5,74,0,1,B,0
S05028,U3509,2025-01-12,2025-01,2025-W01,Direct,Desktop,/about,5,267,0,1,B,0
S05029,U3510,2025-01-12,2025-01,2025-W01,Organic,Mobile,/contact,6,36,0,1,A,0
S05030,U3511,2025-01-12,2025-01,2025-W01,Organic,Desktop,/services,6,149,0,1,A,0
S05031,U3512,2025-01-12,2025-01,2025-W01,Organic,Desktop,/,4,956,0,1,B,1
S05032,U3513,2025-01-12,2025-01,2025-W01,Organic,Mobile,/services,3,148,0,1,A,0
S05033,U0021,2025-01-12,2025-01,2025-W01,Email,Mobile,/tutors,1,233,0,0,A,0
S05034,U1698,2025-01-12,2025-01,2025-W01,Organic,Mobile,/pricing,4,268,0,0,B,0
S05035,U1895,2025-01-12,2025-01,2025-W01,Email,Desktop,/about,1,365,0,0,A,0
S05036,U3514,2025-01-12,2025-01,2025-W01,Email,Mobile,/,5,107,0,1,B,0
S05037,U0075,2025-01-12,2025-01,2025-W01,Organic,Desktop,/,4,109,0,0,A,0
S05038,U2505,2025-01-12,2025-01,2025-W01,Direct,Mobile,/pricing,6,254,0,0,B,0
S05039,U3515,2025-01-12,2025-01,2025-W01,Email,Mobile,/about,2,79,0,1,B,0
S05040,U3516,2025-01-12,2025-01,2025-W01,Direct,Desktop,/pricing,2,152,0,1,B,0
S05041,U3517,2025-01-12,2025-01,2025-W01,Organic,Desktop,/pricing,5,81,0,1,B,0
S05042,U3518,2025-01-12,2025-01,2025-W01,Organic,Desktop,/,4,116,0,1,A,1
S05043,U3519,2025-01-13,2025-01,2025-W02,Organic,Mobile,/,4,125,0,1,A,0
S05044,U3520,2025-01-13,2025-01,2025-W02,Organic,Desktop,/,3,408,0,1,B,0
S05045,U3521,2025-01-13,2025-01,2025-W02,Organic,Mobile,/,3,55,0,1,B,0
S05046,U3522,2025-01-13,2025-01,2025-W02,Organic,Desktop,/,1,44,0,1,A,0
S05047,U0133,2025-01-13,2025-01,2025-W02,Direct,Desktop,/pricing,6,95,0,0,A,0
S05048,U3523,2025-01-13,2025-01,2025-W02,Organic,Desktop,/services,4,622,0,1,A,0
S05049,U3524,2025-01-13,2025-01,2025-W02,Organic,Mobile,/,3,52,0,1,B,0
S05050,U3064,2025-01-13,2025-01,2025-W02,Organic,Desktop,/services,4,77,0,0,A,0
S05051,U3525,2025-01-13,2025-01,2025-W02,Email,Mobile,/about,2,69,0,1,B,0
S05052,U3526,2025-01-13,2025-01,2025-W02,Organic,Desktop,/services,4,210,0,1,B,0
S05053,U2560,2025-01-13,2025-01,2025-W02,Direct,Desktop,/,1,46,0,0,A,0
S05054,U3527,2025-01-13,2025-01,2025-W02,Organic,Mobile,/services,5,94,0,1,B,0
S05055,U3528,2025-01-13,2025-01,2025-W02,Direct,Mobile,/,3,324,0,1,A,0
S05056,U3529,2025-01-13,2025-01,2025-W02,Organic,Desktop,/tutors,1,455,0,1,A,0
S05057,U3530,2025-01-13,2025-01,2025-W02,Organic,Desktop,/,4,118,0,1,A,0
S05058,U3531,2025-01-13,2025-01,2025-W02,Organic,Mobile,/,3,519,0,1,B,0
S05059,U3532,2025-01-13,2025-01,2025-W02,Social,Desktop,/tutors,2,265,0,1,A,0
S05060,U1621,2025-01-13,2025-01,2025-W02,Direct,Desktop,/tutors,5,161,0,0,B,0
S05061,U3533,2025-01-13,2025-01,2025-W02,Organic,Desktop,/,1,212,0,1,A,0
S05062,U0652,2025-01-13,2025-01,2025-W02,Organic,Mobile,/,4,143,0,0,A,0
S05063,U3534,2025-01-13,2025-01,2025-W02,Direct,Tablet,/about,2,362,0,1,B,0
S05064,U3535,2025-01-13,2025-01,2025-W02,Email,Tablet,/tutors,2,58,0,1,B,0
S05065,U2455,2025-01-13,2025-01,2025-W02,Organic,Desktop,/tutors,1,314,0,0,B,0
S05066,U3536,2025-01-13,2025-01,2025-W02,Social,Mobile,/services,1,165,0,1,A,0
S05067,U3537,2025-01-14,2025-01,2025-W02,Email,Desktop,/contact,6,190,0,1,A,0
S05068,U3538,2025-01-14,2025-01,2025-W02,Direct,Tablet,/services,2,133,0,1,A,0
S05069,U3539,2025-01-14,2025-01,2025-W02,Organic,Desktop,/about,2,67,0,1,A,0
S05070,U1655,2025-01-14,2025-01,2025-W02,Organic,Mobile,/,4,919,0,0,B,0
S05071,U3540,2025-01-14,2025-01,2025-W02,Social,Desktop,/,2,169,0,1,B,0
S05072,U3541,2025-01-14,2025-01,2025-W02,Direct,Desktop,/contact,5,51,0,1,B,0
S05073,U1182,2025-01-14,2025-01,2025-W02,Organic,Mobile,/pricing,3,69,0,0,A,1
S05074,U3542,2025-01-14,2025-01,2025-W02,Email,Desktop,/about,2,464,0,1,B,0
S05075,U3543,2025-01-14,2025-01,2025-W02,Social,Mobile,/about,3,142,0,1,B,0
S05076,U2377,2025-01-14,2025-01,2025-W02,Direct,Mobile,/tutors,1,77,0,0,A,0
S05077,U3544,2025-01-14,2025-01,2025-W02,Social,Mobile,/tutors,2,81,0,1,A,0
S05078,U3545,2025-01-14,2025-01,2025-W02,Direct,Desktop,/contact,5,299,0,1,A,0
S05079,U2540,2025-01-14,2025-01,2025-W02,Organic,Desktop,/tutors,4,193,0,0,A,0
S05080,U2338,2025-01-14,2025-01,2025-W02,Organic,Tablet,/tutors,1,45,0,0,A,0
S05081,U3546,2025-01-14,2025-01,2025-W02,Email,Desktop,/services,3,84,0,1,A,0
S05082,U2332,2025-01-14,2025-01,2025-W02,Email,Desktop,/services,3,74,0,0,B,0
S05083,U3547,2025-01-14,2025-01,2025-W02,Email,Mobile,/,4,150,0,1,A,0
S05084,U2464,2025-01-14,2025-01,2025-W02,Social,Desktop,/contact,2,390,0,0,B,0
S05085,U3548,2025-01-14,2025-01,2025-W02,Paid,Desktop,/contact,4,133,0,1,A,0
S05086,U3549,2025-01-14,2025-01,2025-W02,Organic,Desktop,/tutors,3,263,0,1,B,0
S05087,U1512,2025-01-14,2025-01,2025-W02,Organic,Desktop,/,4,571,0,0,B,0
S05088,U1935,2025-01-14,2025-01,2025-W02,Organic,Mobile,/pricing,7,528,0,0,B,0
S05089,U3550,2025-01-14,2025-01,2025-W02,Email,Desktop,/,3,249,0,1,B,0
S05090,U0127,2025-01-14,2025-01,2025-W02,Direct,Desktop,/,4,122,0,0,A,0
S05091,U3551,2025-01-14,2025-01,2025-W02,Direct,Desktop,/pricing,2,96,0,1,B,0
S05092,U3552,2025-01-14,2025-01,2025-W02,Social,Desktop,/pricing,3,248,0,1,A,0
S05093,U3553,2025-01-14,2025-01,2025-W02,Organic,Desktop,/tutors,7,191,0,1,B,0
S05094,U3554,2025-01-14,2025-01,2025-W02,Direct,Mobile,/,2,87,0,1,B,0
S05095,U3555,2025-01-14,2025-01,2025-W02,Direct,Mobile,/pricing,1,183,0,1,A,0
S05096,U3556,2025-01-14,2025-01,2025-W02,Organic,Mobile,/,5,118,0,1,A,0
S05097,U3557,2025-01-14,2025-01,2025-W02,Direct,Desktop,/pricing,5,147,0,1,A,0
S05098,U0133,2025-01-14,2025-01,2025-W02,Direct,Mobile,/services,2,316,0,0,A,0
S05099,U3558,2025-01-14,2025-01,2025-W02,Organic,Mobile,/tutors,1,147,0,1,B,0
S05100,U3559,2025-01-14,2025-01,2025-W02,Organic,Desktop,/services,3,141,0,1,A,0
S05101,U3560,2025-01-14,2025-01,2025-W02,Direct,Mobile,/services,4,348,0,1,B,0
S05102,U3561,2025-01-14,2025-01,2025-W02,Organic,Mobile,/services,5,85,0,1,A,0
S05103,U3562,2025-01-14,2025-01,2025-W02,Organic,Tablet,/,4,257,0,1,B,0
S05104,U3563,2025-01-14,2025-01,2025-W02,Direct,Mobile,/tutors,2,271,0,1,A,0
S05105,U3564,2025-01-14,2025-01,2025-W02,Social,Mobile,/about,8,70,0,1,B,0
S05106,U3325,2025-01-14,2025-01,2025-W02,Direct,Desktop,/contact,4,519,0,0,A,0
S05107,U3565,2025-01-14,2025-01,2025-W02,Organic,Desktop,/services,4,645,0,1,A,0
S05108,U3566,2025-01-15,2025-01,2025-W02,Organic,Desktop,/,5,114,0,1,B,0
S05109,U3567,2025-01-15,2025-01,2025-W02,Organic,Desktop,/services,4,80,0,1,A,0
S05110,U3568,2025-01-15,2025-01,2025-W02,Organic,Mobile,/,5,99,0,1,B,0
S05111,U1076,2025-01-15,2025-01,2025-W02,Email,Tablet,/,3,63,0,0,B,0
S05112,U3569,2025-01-15,2025-01,2025-W02,Direct,Mobile,/services,2,112,0,1,B,0
S05113,U3570,2025-01-15,2025-01,2025-W02,Organic,Mobile,/contact,2,193,0,1,A,0
S05114,U3571,2025-01-15,2025-01,2025-W02,Paid,Desktop,/,4,172,0,1,A,0
S05115,U1977,2025-01-15,2025-01,2025-W02,Email,Desktop,/pricing,4,47,0,0,B,0
S05116,U2630,2025-01-15,2025-01,2025-W02,Direct,Desktop,/about,1,214,0,0,A,0
S05117,U3572,2025-01-15,2025-01,2025-W02,Email,Mobile,/,3,363,0,1,B,0
S05118,U3573,2025-01-15,2025-01,2025-W02,Email,Desktop,/pricing,3,51,0,1,B,0
S05119,U3574,2025-01-15,2025-01,2025-W02,Organic,Mobile,/services,3,87,0,1,A,0
S05120,U3575,2025-01-15,2025-01,2025-W02,Paid,Desktop,/contact,2,756,0,1,A,0
S05121,U1128,2025-01-15,2025-01,2025-W02,Paid,Mobile,/services,5,53,0,0,B,0
S05122,U3576,2025-01-15,2025-01,2025-W02,Paid,Desktop,/,1,182,0,1,A,0
S05123,U0906,2025-01-15,2025-01,2025-W02,Organic,Desktop,/,2,221,0,0,B,0
S05124,U3577,2025-01-15,2025-01,2025-W02,Social,Desktop,/,3,426,0,1,A,0
S05125,U3578,2025-01-15,2025-01,2025-W02,Organic,Mobile,/,2,129,0,1,B,0
S05126,U3579,2025-01-15,2025-01,2025-W02,Email,Desktop,/tutors,1,169,0,1,B,0
S05127,U3580,2025-01-15,2025-01,2025-W02,Organic,Desktop,/about,4,1201,0,1,B,0
S05128,U3299,2025-01-15,2025-01,2025-W02,Direct,Desktop,/services,4,63,0,0,A,0
S05129,U1198,2025-01-15,2025-01,2025-W02,Email,Tablet,/,2,859,0,0,B,0
S05130,U0934,2025-01-15,2025-01,2025-W02,Organic,Desktop,/,4,237,0,0,B,1
S05131,U1241,2025-01-15,2025-01,2025-W02,Social,Desktop,/,2,178,0,0,A,0
S05132,U1492,2025-01-15,2025-01,2025-W02,Organic,Mobile,/,4,244,0,0,A,0
S05133,U3581,2025-01-15,2025-01,2025-W02,Organic,Mobile,/pricing,1,129,0,1,B,0
S05134,U3582,2025-01-15,2025-01,2025-W02,Direct,Tablet,/contact,4,1121,0,1,B,0
S05135,U1410,2025-01-15,2025-01,2025-W02,Organic,Mobile,/,4,71,0,0,B,0
S05136,U3583,2025-01-15,2025-01,2025-W02,Direct,Desktop,/tutors,3,238,0,1,B,0
S05137,U3584,2025-01-15,2025-01,2025-W02,Direct,Desktop,/,6,420,0,1,B,0
S05138,U3585,2025-01-15,2025-01,2025-W02,Email,Desktop,/tutors,2,137,0,1,A,0
S05139,U3586,2025-01-15,2025-01,2025-W02,Direct,Desktop,/tutors,3,230,0,1,A,0
S05140,U3587,2025-01-15,2025-01,2025-W02,Social,Desktop,/,1,124,0,1,A,0
S05141,U3588,2025-01-15,2025-01,2025-W02,Organic,Desktop,/,9,108,0,1,A,0
S05142,U0846,2025-01-15,2025-01,2025-W02,Direct,Desktop,/,5,138,0,0,B,0
S05143,U3187,2025-01-15,2025-01,2025-W02,Email,Mobile,/tutors,3,331,0,0,A,0
S05144,U0807,2025-01-15,2025-01,2025-W02,Direct,Desktop,/pricing,5,115,0,0,B,0
S05145,U3589,2025-01-15,2025-01,2025-W02,Social,Desktop,/,5,115,0,1,B,0
S05146,U3590,2025-01-15,2025-01,2025-W02,Organic,Desktop,/tutors,3,734,0,1,A,0
S05147,U3591,2025-01-15,2025-01,2025-W02,Organic,Desktop,/services,1,189,0,1,B,0
S05148,U3592,2025-01-15,2025-01,2025-W02,Organic,Desktop,/tutors,7,78,0,1,A,0
S05149,U2721,2025-01-15,2025-01,2025-W02,Organic,Mobile,/services,2,109,0,0,A,1
S05150,U3593,2025-01-15,2025-01,2025-W02,Organic,Mobile,/services,3,325,0,1,B,0
S05151,U3594,2025-01-16,2025-01,2025-W02,Direct,Mobile,/services,3,590,0,1,B,0
S05152,U3595,2025-01-16,2025-01,2025-W02,Organic,Mobile,/services,3,44,0,1,A,0
S05153,U3596,2025-01-16,2025-01,2025-W02,Direct,Desktop,/,4,49,0,1,A,0
S05154,U3597,2025-01-16,2025-01,2025-W02,Direct,Desktop,/,4,77,0,1,A,0
S05155,U3598,2025-01-16,2025-01,2025-W02,Organic,Desktop,/tutors,2,358,0,1,B,0
S05156,U3599,2025-01-16,2025-01,2025-W02,Organic,Tablet,/contact,6,256,0,1,B,0
S05157,U3600,2025-01-16,2025-01,2025-W02,Paid,Desktop,/,3,39,0,1,A,0
S05158,U2939,2025-01-16,2025-01,2025-W02,Organic,Desktop,/,4,259,0,0,A,0
S05159,U2496,2025-01-16,2025-01,2025-W02,Email,Desktop,/pricing,3,74,0,0,A,0
S05160,U3044,2025-01-16,2025-01,2025-W02,Organic,Desktop,/,5,116,0,0,B,0
S05161,U3601,2025-01-16,2025-01,2025-W02,Email,Desktop,/,2,127,0,1,A,1
S05162,U3602,2025-01-16,2025-01,2025-W02,Organic,Mobile,/services,1,201,0,1,A,0
S05163,U0933,2025-01-16,2025-01,2025-W02,Organic,Mobile,/about,6,130,0,0,B,0
S05164,U3603,2025-01-16,2025-01,2025-W02,Email,Mobile,/contact,5,714,0,1,A,0
S05165,U3201,2025-01-16,2025-01,2025-W02,Social,Mobile,/services,3,626,0,0,A,0
S05166,U3604,2025-01-16,2025-01,2025-W02,Email,Desktop,/services,1,75,0,1,B,1
S05167,U3605,2025-01-16,2025-01,2025-W02,Direct,Mobile,/,2,124,0,1,A,0
S05168,U3606,2025-01-16,2025-01,2025-W02,Organic,Desktop,/services,3,592,0,1,A,0
S05169,U3607,2025-01-16,2025-01,2025-W02,Social,Desktop,/,6,113,0,1,A,0
S05170,U0040,2025-01-16,2025-01,2025-W02,Organic,Mobile,/,3,167,0,0,B,0
S05171,U3608,2025-01-16,2025-01,2025-W02,Organic,Desktop,/services,1,101,0,1,B,0
S05172,U3609,2025-01-16,2025-01,2025-W02,Social,Desktop,/tutors,4,632,0,1,A,0
S05173,U3301,2025-01-16,2025-01,2025-W02,Paid,Mobile,/,1,92,0,0,B,0
S05174,U3610,2025-01-16,2025-01,2025-W02,Organic,Desktop,/,2,197,0,1,B,0
S05175,U1668,2025-01-16,2025-01,2025-W02,Organic,Desktop,/,2,84,0,0,B,0
S05176,U3611,2025-01-16,2025-01,2025-W02,Organic,Mobile,/services,4,154,0,1,B,0
S05177,U3612,2025-01-16,2025-01,2025-W02,Direct,Desktop,/,2,494,0,1,B,0
S05178,U3613,2025-01-16,2025-01,2025-W02,Paid,Mobile,/,6,343,0,1,A,0
S05179,U3614,2025-01-16,2025-01,2025-W02,Email,Desktop,/tutors,6,158,0,1,B,0
S05180,U2299,2025-01-16,2025-01,2025-W02,Direct,Desktop,/about,2,442,0,0,B,0
S05181,U3615,2025-01-16,2025-01,2025-W02,Organic,Mobile,/about,3,851,0,1,B,0
S05182,U3616,2025-01-16,2025-01,2025-W02,Direct,Desktop,/,1,90,0,1,A,0
S05183,U2088,2025-01-16,2025-01,2025-W02,Direct,Desktop,/pricing,3,95,0,0,B,0
S05184,U0269,2025-01-16,2025-01,2025-W02,Paid,Tablet,/,5,508,0,0,A,0
S05185,U3617,2025-01-16,2025-01,2025-W02,Organic,Mobile,/,4,265,0,1,B,0
S05186,U3618,2025-01-16,2025-01,2025-W02,Organic,Desktop,/tutors,5,43,0,1,B,0
S05187,U3619,2025-01-16,2025-01,2025-W02,Direct,Desktop,/tutors,4,209,0,1,B,0
S05188,U0446,2025-01-16,2025-01,2025-W02,Direct,Desktop,/pricing,2,283,0,0,B,0
S05189,U2056,2025-01-16,2025-01,2025-W02,Direct,Desktop,/services,1,674,0,0,B,0
S05190,U3620,2025-01-16,2025-01,2025-W02,Direct,Mobile,/tutors,2,185,0,1,B,0
S05191,U3621,2025-01-16,2025-01,2025-W02,Organic,Mobile,/about,3,85,0,1,A,0
S05192,U2753,2025-01-16,2025-01,2025-W02,Email,Mobile,/tutors,1,166,0,0,B,0
S05193,U3140,2025-01-17,2025-01,2025-W02,Social,Desktop,/tutors,2,60,0,0,B,0
S05194,U0647,2025-01-17,2025-01,2025-W02,Paid,Tablet,/tutors,1,659,0,0,B,0
S05195,U2116,2025-01-17,2025-01,2025-W02,Direct,Mobile,/pricing,3,468,0,0,B,0
S05196,U3622,2025-01-17,2025-01,2025-W02,Organic,Desktop,/pricing,6,2233,0,1,A,0
S05197,U3623,2025-01-17,2025-01,2025-W02,Social,Mobile,/,2,345,0,1,B,0
S05198,U3624,2025-01-17,2025-01,2025-W02,Direct,Mobile,/services,2,205,0,1,A,0
S05199,U3625,2025-01-17,2025-01,2025-W02,Organic,Desktop,/about,2,89,0,1,A,0
S05200,U1367,2025-01-17,2025-01,2025-W02,Email,Mobile,/about,4,94,0,0,A,0
S05201,U3626,2025-01-17,2025-01,2025-W02,Direct,Desktop,/contact,3,545,0,1,A,0
S05202,U3627,2025-01-17,2025-01,2025-W02,Social,Mobile,/services,2,443,0,1,A,0
S05203,U3628,2025-01-17,2025-01,2025-W02,Organic,Mobile,/,1,361,0,1,A,1
S05204,U3629,2025-01-17,2025-01,2025-W02,Email,Desktop,/,3,37,0,1,B,1
S05205,U3630,2025-01-17,2025-01,2025-W02,Direct,Tablet,/pricing,2,124,0,1,A,0
S05206,U1872,2025-01-17,2025-01,2025-W02,Direct,Desktop,/services,1,854,0,0,B,0
S05207,U2885,2025-01-17,2025-01,2025-W02,Organic,Mobile,/,4,450,0,0,B,0
S05208,U3631,2025-01-17,2025-01,2025-W02,Organic,Mobile,/tutors,5,179,0,1,B,0
S05209,U3632,2025-01-17,2025-01,2025-W02,Paid,Desktop,/pricing,2,156,0,1,A,1
S05210,U3633,2025-01-17,2025-01,2025-W02,Organic,Mobile,/,1,169,0,1,B,0
S05211,U3634,2025-01-17,2025-01,2025-W02,Email,Mobile,/,5,152,0,1,A,0
S05212,U3635,2025-01-17,2025-01,2025-W02,Organic,Mobile,/contact,4,160,0,1,A,0
S05213,U3636,2025-01-17,2025-01,2025-W02,Direct,Desktop,/pricing,3,29,0,1,B,0
S05214,U0658,2025-01-17,2025-01,2025-W02,Email,Desktop,/tutors,3,67,0,0,B,0
S05215,U3637,2025-01-17,2025-01,2025-W02,Organic,Desktop,/,4,238,0,1,B,0
S05216,U3638,2025-01-17,2025-01,2025-W02,Organic,Desktop,/,4,92,0,1,B,0
S05217,U2701,2025-01-17,2025-01,2025-W02,Direct,Desktop,/services,3,238,0,0,B,0
S05218,U3639,2025-01-17,2025-01,2025-W02,Organic,Mobile,/contact,4,199,0,1,A,0
S05219,U2486,2025-01-17,2025-01,2025-W02,Organic,Desktop,/pricing,5,134,0,0,B,0
S05220,U0230,2025-01-17,2025-01,2025-W02,Direct,Desktop,/,2,221,0,0,B,0
S05221,U1514,2025-01-17,2025-01,2025-W02,Organic,Desktop,/services,4,326,0,0,B,0
S05222,U1933,2025-01-18,2025-01,2025-W02,Direct,Desktop,/services,5,342,0,0,B,0
S05223,U3640,2025-01-18,2025-01,2025-W02,Social,Mobile,/services,3,66,0,1,B,0
S05224,U3641,2025-01-18,2025-01,2025-W02,Direct,Desktop,/tutors,6,241,0,1,A,0
S05225,U0617,2025-01-18,2025-01,2025-W02,Organic,Mobile,/about,3,199,0,0,B,0
S05226,U3642,2025-01-18,2025-01,2025-W02,Organic,Desktop,/,5,33,0,1,B,0
S05227,U3643,2025-01-18,2025-01,2025-W02,Organic,Desktop,/,7,558,0,1,B,0
S05228,U3644,2025-01-18,2025-01,2025-W02,Direct,Desktop,/,3,577,0,1,A,0
S05229,U3645,2025-01-18,2025-01,2025-W02,Direct,Desktop,/contact,3,505,0,1,A,0
S05230,U3646,2025-01-18,2025-01,2025-W02,Organic,Desktop,/services,5,466,0,1,B,0
S05231,U3647,2025-01-18,2025-01,2025-W02,Organic,Mobile,/,3,896,0,1,A,0
S05232,U3648,2025-01-18,2025-01,2025-W02,Email,Mobile,/,3,327,0,1,A,0
S05233,U3649,2025-01-18,2025-01,2025-W02,Direct,Desktop,/,4,178,0,1,A,0
S05234,U3650,2025-01-18,2025-01,2025-W02,Direct,Tablet,/services,3,469,0,1,A,0
S05235,U1316,2025-01-18,2025-01,2025-W02,Organic,Desktop,/,4,271,0,0,B,0
S05236,U3651,2025-01-18,2025-01,2025-W02,Direct,Desktop,/,5,417,0,1,B,0
S05237,U3652,2025-01-18,2025-01,2025-W02,Organic,Mobile,/services,2,83,0,1,B,0
S05238,U3063,2025-01-18,2025-01,2025-W02,Direct,Mobile,/,1,63,0,0,B,0
S05239,U2631,2025-01-18,2025-01,2025-W02,Email,Mobile,/services,1,196,0,0,A,0
S05240,U3653,2025-01-18,2025-01,2025-W02,Email,Desktop,/,5,218,0,1,A,0
S05241,U2165,2025-01-18,2025-01,2025-W02,Organic,Desktop,/about,5,171,0,0,A,1
S05242,U3654,2025-01-18,2025-01,2025-W02,Organic,Desktop,/,6,197,0,1,A,0
S05243,U3655,2025-01-18,2025-01,2025-W02,Email,Mobile,/tutors,5,385,0,1,A,0
S05244,U3656,2025-01-18,2025-01,2025-W02,Email,Desktop,/,5,199,0,1,A,0
S05245,U3657,2025-01-18,2025-01,2025-W02,Social,Desktop,/services,4,69,0,1,A,0
S05246,U1368,2025-01-18,2025-01,2025-W02,Organic,Mobile,/about,3,189,0,0,A,0
S05247,U3658,2025-01-18,2025-01,2025-W02,Email,Mobile,/services,5,172,0,1,B,0
S05248,U3659,2025-01-19,2025-01,2025-W02,Organic,Mobile,/tutors,9,79,0,1,A,0
S05249,U3660,2025-01-19,2025-01,2025-W02,Email,Mobile,/pricing,3,436,0,1,B,0
S05250,U3661,2025-01-19,2025-01,2025-W02,Organic,Desktop,/,1,335,0,1,A,0
S05251,U3662,2025-01-19,2025-01,2025-W02,Direct,Mobile,/contact,5,981,0,1,A,0
S05252,U3663,2025-01-19,2025-01,2025-W02,Organic,Desktop,/,3,90,0,1,A,0
S05253,U3664,2025-01-19,2025-01,2025-W02,Organic,Mobile,/,1,317,0,1,B,0
S05254,U1849,2025-01-19,2025-01,2025-W02,Social,Mobile,/tutors,3,102,0,0,B,0
S05255,U3665,2025-01-19,2025-01,2025-W02,Organic,Desktop,/,3,580,0,1,A,0
S05256,U3666,2025-01-19,2025-01,2025-W02,Direct,Desktop,/pricing,3,113,0,1,B,0
S05257,U3667,2025-01-19,2025-01,2025-W02,Social,Desktop,/,2,80,0,1,B,0
S05258,U3668,2025-01-19,2025-01,2025-W02,Organic,Desktop,/tutors,4,287,0,1,A,0
S05259,U3669,2025-01-19,2025-01,2025-W02,Direct,Desktop,/pricing,3,334,0,1,A,0
S05260,U3670,2025-01-19,2025-01,2025-W02,Direct,Tablet,/pricing,3,298,0,1,A,0
S05261,U3671,2025-01-19,2025-01,2025-W02,Direct,Desktop,/tutors,4,58,0,1,B,0
S05262,U1321,2025-01-19,2025-01,2025-W02,Direct,Mobile,/services,1,239,0,0,B,0
S05263,U0913,2025-01-19,2025-01,2025-W02,Organic,Mobile,/services,6,575,0,0,B,0
S05264,U3672,2025-01-19,2025-01,2025-W02,Organic,Desktop,/,2,78,0,1,A,0
S05265,U3673,2025-01-19,2025-01,2025-W02,Direct,Desktop,/,1,332,0,1,B,0
S05266,U3674,2025-01-19,2025-01,2025-W02,Email,Tablet,/about,3,459,0,1,B,0
S05267,U3675,2025-01-19,2025-01,2025-W02,Direct,Tablet,/tutors,3,51,0,1,B,0
S05268,U3676,2025-01-19,2025-01,2025-W02,Direct,Tablet,/services,4,217,0,1,A,0
S05269,U1264,2025-01-19,2025-01,2025-W02,Direct,Desktop,/,4,231,0,0,B,0
S05270,U2466,2025-01-19,2025-01,2025-W02,Email,Desktop,/,6,796,0,0,A,0
S05271,U0522,2025-01-19,2025-01,2025-W02,Direct,Mobile,/services,6,36,0,0,A,0
S05272,U3677,2025-01-19,2025-01,2025-W02,Organic,Desktop,/,2,97,0,1,A,0
S05273,U3678,2025-01-19,2025-01,2025-W02,Email,Desktop,/tutors,2,87,0,1,B,0
S05274,U1241,2025-01-19,2025-01,2025-W02,Social,Desktop,/,2,567,0,0,A,0
S05275,U3679,2025-01-19,2025-01,2025-W02,Paid,Mobile,/services,2,244,0,1,B,0
S05276,U3680,2025-01-19,2025-01,2025-W02,Direct,Tablet,/tutors,3,163,0,1,B,0
S05277,U3595,2025-01-19,2025-01,2025-W02,Email,Mobile,/tutors,3,206,0,0,A,0
S05278,U3681,2025-01-19,2025-01,2025-W02,Email,Mobile,/,5,408,0,1,A,0
S05279,U3682,2025-01-20,2025-01,2025-W03,Social,Desktop,/services,2,165,0,1,B,0
S05280,U3683,2025-01-20,2025-01,2025-W03,Organic,Mobile,/,4,159,0,1,B,0
S05281,U3684,2025-01-20,2025-01,2025-W03,Organic,Desktop,/,2,227,0,1,B,0
S05282,U3685,2025-01-20,2025-01,2025-W03,Email,Desktop,/contact,5,1052,0,1,B,0
S05283,U3686,2025-01-20,2025-01,2025-W03,Paid,Desktop,/pricing,6,75,0,1,A,0
S05284,U0718,2025-01-20,2025-01,2025-W03,Direct,Mobile,/,5,61,0,0,A,0
S05285,U3687,2025-01-20,2025-01,2025-W03,Direct,Desktop,/,3,86,0,1,A,0
S05286,U0859,2025-01-20,2025-01,2025-W03,Direct,Mobile,/contact,2,117,0,0,B,0
S05287,U3688,2025-01-20,2025-01,2025-W03,Social,Tablet,/pricing,2,177,0,1,B,0
S05288,U3689,2025-01-20,2025-01,2025-W03,Direct,Mobile,/tutors,5,83,0,1,B,0
S05289,U0372,2025-01-20,2025-01,2025-W03,Paid,Desktop,/,2,56,0,0,A,0
S05290,U3690,2025-01-20,2025-01,2025-W03,Organic,Desktop,/,3,210,0,1,A,0
S05291,U1872,2025-01-20,2025-01,2025-W03,Social,Mobile,/tutors,1,142,0,0,B,1
S05292,U3691,2025-01-20,2025-01,2025-W03,Social,Mobile,/pricing,2,453,0,1,B,0
S05293,U3692,2025-01-20,2025-01,2025-W03,Organic,Desktop,/pricing,1,191,0,1,A,0
S05294,U3693,2025-01-20,2025-01,2025-W03,Direct,Mobile,/,4,199,0,1,A,0
S05295,U3473,2025-01-20,2025-01,2025-W03,Organic,Tablet,/about,6,173,0,0,A,0
S05296,U2873,2025-01-20,2025-01,2025-W03,Direct,Desktop,/,1,174,0,0,A,0
S05297,U3694,2025-01-20,2025-01,2025-W03,Organic,Desktop,/,4,187,0,1,A,0
S05298,U3695,2025-01-20,2025-01,2025-W03,Social,Mobile,/,1,198,0,1,A,0
S05299,U2652,2025-01-20,2025-01,2025-W03,Email,Desktop,/services,3,42,0,0,A,0
S05300,U3472,2025-01-20,2025-01,2025-W03,Organic,Desktop,/,5,109,0,0,B,0
S05301,U3696,2025-01-20,2025-01,2025-W03,Email,Mobile,/pricing,4,251,0,1,A,0
S05302,U2848,2025-01-20,2025-01,2025-W03,Direct,Desktop,/contact,2,191,0,0,A,0
S05303,U2443,2025-01-20,2025-01,2025-W03,Organic,Desktop,/about,6,521,0,0,B,0
S05304,U3697,2025-01-20,2025-01,2025-W03,Direct,Mobile,/contact,4,362,0,1,A,0
S05305,U3698,2025-01-20,2025-01,2025-W03,Direct,Desktop,/pricing,2,102,0,1,A,0
S05306,U0707,2025-01-21,2025-01,2025-W03,Organic,Mobile,/pricing,3,382,0,0,B,0
S05307,U3699,2025-01-21,2025-01,2025-W03,Direct,Desktop,/contact,2,230,0,1,B,0
S05308,U3700,2025-01-21,2025-01,2025-W03,Organic,Desktop,/tutors,3,217,0,1,B,0
S05309,U3701,2025-01-21,2025-01,2025-W03,Organic,Mobile,/contact,2,356,0,1,A,0
S05310,U3702,2025-01-21,2025-01,2025-W03,Direct,Mobile,/pricing,3,64,0,1,A,1
S05311,U1654,2025-01-21,2025-01,2025-W03,Organic,Mobile,/services,3,82,0,0,B,0
S05312,U3703,2025-01-21,2025-01,2025-W03,Organic,Tablet,/services,4,630,0,1,A,0
S05313,U3704,2025-01-21,2025-01,2025-W03,Organic,Desktop,/services,5,229,0,1,B,0
S05314,U3705,2025-01-21,2025-01,2025-W03,Direct,Desktop,/,1,54,0,1,A,0
S05315,U3572,2025-01-21,2025-01,2025-W03,Direct,Desktop,/,4,198,0,0,B,0
S05316,U3706,2025-01-21,2025-01,2025-W03,Direct,Mobile,/pricing,5,243,0,1,B,0
S05317,U3707,2025-01-21,2025-01,2025-W03,Organic,Desktop,/services,3,166,0,1,A,0
S05318,U0411,2025-01-21,2025-01,2025-W03,Email,Desktop,/,4,381,0,0,A,1
S05319,U3708,2025-01-21,2025-01,2025-W03,Direct,Desktop,/services,8,208,0,1,B,0
S05320,U3709,2025-01-21,2025-01,2025-W03,Paid,Mobile,/pricing,4,94,0,1,B,0
S05321,U3710,2025-01-21,2025-01,2025-W03,Email,Tablet,/,1,418,0,1,A,0
S05322,U3711,2025-01-21,2025-01,2025-W03,Organic,Mobile,/services,3,209,0,1,A,0
S05323,U2471,2025-01-21,2025-01,2025-W03,Organic,Mobile,/about,3,53,0,0,A,0
S05324,U1951,2025-01-21,2025-01,2025-W03,Paid,Desktop,/,1,293,0,0,B,0
S05325,U3712,2025-01-21,2025-01,2025-W03,Direct,Desktop,/pricing,3,134,0,1,B,0
S05326,U3713,2025-01-21,2025-01,2025-W03,Email,Mobile,/tutors,1,497,0,1,B,0
S05327,U3714,2025-01-21,2025-01,2025-W03,Social,Desktop,/pricing,4,68,0,1,A,0
S05328,U3715,2025-01-21,2025-01,2025-W03,Organic,Desktop,/services,3,153,0,1,A,0
S05329,U3716,2025-01-21,2025-01,2025-W03,Organic,Mobile,/,1,570,0,1,B,0
S05330,U0532,2025-01-21,2025-01,2025-W03,Paid,Desktop,/tutors,2,219,0,0,B,0
S05331,U2701,2025-01-21,2025-01,2025-W03,Organic,Desktop,/,1,297,0,0,B,0
S05332,U1655,2025-01-21,2025-01,2025-W03,Organic,Mobile,/tutors,5,118,0,0,B,0
S05333,U3717,2025-01-21,2025-01,2025-W03,Direct,Desktop,/,1,88,0,1,A,0
S05334,U2991,2025-01-21,2025-01,2025-W03,Organic,Desktop,/,4,262,0,0,B,0
S05335,U3718,2025-01-21,2025-01,2025-W03,Social,Mobile,/,3,92,0,1,A,0
S05336,U3719,2025-01-21,2025-01,2025-W03,Email,Desktop,/pricing,1,262,0,1,A,0
S05337,U3720,2025-01-21,2025-01,2025-W03,Organic,Mobile,/,4,410,0,1,A,0
S05338,U3721,2025-01-21,2025-01,2025-W03,Organic,Desktop,/about,3,154,0,1,B,0
S05339,U3722,2025-01-21,2025-01,2025-W03,Direct,Mobile,/pricing,5,194,0,1,B,0
S05340,U3723,2025-01-22,2025-01,2025-W03,Direct,Desktop,/tutors,9,339,0,1,B,0
S05341,U3712,2025-01-22,2025-01,2025-W03,Email,Tablet,/pricing,2,546,0,0,B,0
S05342,U3724,2025-01-22,2025-01,2025-W03,Organic,Desktop,/tutors,5,236,0,1,A,0
S05343,U3725,2025-01-22,2025-01,2025-W03,Social,Desktop,/,1,112,0,1,B,1
S05344,U3726,2025-01-22,2025-01,2025-W03,Direct,Desktop,/,2,352,0,1,B,0
S05345,U1626,2025-01-22,2025-01,2025-W03,Social,Desktop,/tutors,1,388,0,0,A,0
S05346,U3727,2025-01-22,2025-01,2025-W03,Organic,Desktop,/,4,286,0,1,B,0
S05347,U3728,2025-01-22,2025-01,2025-W03,Direct,Tablet,/,1,105,0,1,A,0
S05348,U3729,2025-01-22,2025-01,2025-W03,Organic,Mobile,/tutors,4,74,0,1,A,0
S05349,U3730,2025-01-22,2025-01,2025-W03,Direct,Desktop,/about,2,179,0,1,B,0
S05350,U3731,2025-01-22,2025-01,2025-W03,Organic,Tablet,/tutors,3,82,0,1,B,0
S05351,U1145,2025-01-22,2025-01,2025-W03,Social,Desktop,/contact,3,43,0,0,A,0
S05352,U3732,2025-01-22,2025-01,2025-W03,Organic,Mobile,/,6,567,0,1,A,0
S05353,U3733,2025-01-22,2025-01,2025-W03,Email,Mobile,/,3,760,0,1,A,0
S05354,U3734,2025-01-22,2025-01,2025-W03,Direct,Desktop,/pricing,2,402,0,1,B,0
S05355,U3735,2025-01-22,2025-01,2025-W03,Organic,Mobile,/,4,211,0,1,B,0
S05356,U3508,2025-01-22,2025-01,2025-W03,Organic,Mobile,/,6,313,0,0,B,0
S05357,U3736,2025-01-22,2025-01,2025-W03,Direct,Desktop,/about,1,187,0,1,B,1
S05358,U3737,2025-01-22,2025-01,2025-W03,Organic,Desktop,/services,5,818,0,1,B,0
S05359,U3738,2025-01-22,2025-01,2025-W03,Direct,Desktop,/tutors,8,547,0,1,B,0
S05360,U1874,2025-01-22,2025-01,2025-W03,Organic,Mobile,/contact,3,128,0,0,A,0
S05361,U2920,2025-01-22,2025-01,2025-W03,Social,Mobile,/contact,2,129,0,0,B,0
S05362,U3739,2025-01-22,2025-01,2025-W03,Direct,Mobile,/pricing,4,1689,0,1,B,0
S05363,U3740,2025-01-22,2025-01,2025-W03,Organic,Mobile,/services,2,140,0,1,A,0
S05364,U3552,2025-01-23,2025-01,2025-W03,Paid,Desktop,/,2,332,0,0,A,0
S05365,U3359,2025-01-23,2025-01,2025-W03,Paid,Desktop,/services,1,199,0,0,A,0
S05366,U3741,2025-01-23,2025-01,2025-W03,Direct,Desktop,/,5,70,0,1,B,0
S05367,U3742,2025-01-23,2025-01,2025-W03,Paid,Mobile,/services,2,218,0,1,A,0
S05368,U3005,2025-01-23,2025-01,2025-W03,Organic,Mobile,/tutors,1,269,0,0,A,0
S05369,U3743,2025-01-23,2025-01,2025-W03,Organic,Desktop,/contact,1,1191,0,1,B,0
S05370,U3744,2025-01-23,2025-01,2025-W03,Organic,Desktop,/services,3,213,0,1,A,0
S05371,U2184,2025-01-23,2025-01,2025-W03,Email,Mobile,/,5,173,0,0,A,0
S05372,U2175,2025-01-23,2025-01,2025-W03,Organic,Desktop,/services,6,60,0,0,B,0
S05373,U2787,2025-01-23,2025-01,2025-W03,Organic,Desktop,/,5,274,0,0,B,0
S05374,U3745,2025-01-23,2025-01,2025-W03,Email,Mobile,/,3,169,0,1,A,0
S05375,U3746,2025-01-23,2025-01,2025-W03,Email,Desktop,/services,3,118,0,1,B,0
S05376,U2498,2025-01-23,2025-01,2025-W03,Organic,Mobile,/services,6,189,0,0,B,0
S05377,U0201,2025-01-23,2025-01,2025-W03,Direct,Desktop,/services,4,175,0,0,A,0
S05378,U3747,2025-01-23,2025-01,2025-W03,Email,Desktop,/,10,88,0,1,B,0
S05379,U3748,2025-01-23,2025-01,2025-W03,Email,Mobile,/services,1,476,0,1,A,0
S05380,U3749,2025-01-23,2025-01,2025-W03,Organic,Mobile,/services,3,73,0,1,A,0
S05381,U1229,2025-01-23,2025-01,2025-W03,Social,Mobile,/,3,282,0,0,A,1
S05382,U2277,2025-01-23,2025-01,2025-W03,Social,Mobile,/services,7,128,0,0,A,0
S05383,U3005,2025-01-23,2025-01,2025-W03,Organic,Mobile,/,4,31,0,0,A,0
S05384,U3750,2025-01-23,2025-01,2025-W03,Organic,Desktop,/,3,184,0,1,B,1
S05385,U3751,2025-01-23,2025-01,2025-W03,Direct,Mobile,/,1,80,0,1,A,0
S05386,U3752,2025-01-23,2025-01,2025-W03,Email,Desktop,/services,1,102,0,1,A,0
S05387,U3753,2025-01-23,2025-01,2025-W03,Direct,Desktop,/pricing,3,229,0,1,B,0
S05388,U3221,2025-01-23,2025-01,2025-W03,Direct,Desktop,/,4,126,0,0,B,0
S05389,U3754,2025-01-23,2025-01,2025-W03,Direct,Mobile,/about,4,257,0,1,A,0
S05390,U1436,2025-01-23,2025-01,2025-W03,Organic,Desktop,/,3,347,0,0,B,1
S05391,U3755,2025-01-23,2025-01,2025-W03,Direct,Mobile,/,2,132,0,1,A,0
S05392,U3756,2025-01-23,2025-01,2025-W03,Email,Desktop,/,3,483,0,1,B,1
S05393,U3757,2025-01-23,2025-01,2025-W03,Organic,Tablet,/pricing,1,138,0,1,A,0
S05394,U1817,2025-01-23,2025-01,2025-W03,Paid,Desktop,/pricing,3,683,0,0,B,0
S05395,U1342,2025-01-23,2025-01,2025-W03,Direct,Mobile,/,1,320,0,0,A,1
S05396,U1275,2025-01-23,2025-01,2025-W03,Social,Mobile,/about,3,75,0,0,A,0
S05397,U3758,2025-01-23,2025-01,2025-W03,Social,Mobile,/about,2,574,0,1,B,0
S05398,U1796,2025-01-24,2025-01,2025-W03,Direct,Desktop,/tutors,3,489,0,0,B,0
S05399,U3043,2025-01-24,2025-01,2025-W03,Organic,Desktop,/,9,611,0,0,A,0
S05400,U3606,2025-01-24,2025-01,2025-W03,Email,Desktop,/services,3,516,0,0,A,0
S05401,U3759,2025-01-24,2025-01,2025-W03,Organic,Desktop,/,2,84,0,1,A,0
S05402,U0168,2025-01-24,2025-01,2025-W03,Social,Mobile,/tutors,1,130,0,0,B,0
S05403,U3760,2025-01-24,2025-01,2025-W03,Organic,Mobile,/,1,253,0,1,A,0
S05404,U3761,2025-01-24,2025-01,2025-W03,Direct,Desktop,/,1,169,0,1,B,0
S05405,U3762,2025-01-24,2025-01,2025-W03,Direct,Mobile,/services,7,225,0,1,B,0
S05406,U3763,2025-01-24,2025-01,2025-W03,Organic,Mobile,/,1,106,0,1,B,0
S05407,U0423,2025-01-24,2025-01,2025-W03,Organic,Tablet,/,3,238,0,0,B,0
S05408,U3764,2025-01-24,2025-01,2025-W03,Direct,Mobile,/tutors,6,91,0,1,B,0
S05409,U3765,2025-01-24,2025-01,2025-W03,Organic,Desktop,/,1,90,0,1,A,0
S05410,U3766,2025-01-24,2025-01,2025-W03,Organic,Desktop,/tutors,3,74,0,1,A,0
S05411,U3767,2025-01-24,2025-01,2025-W03,Email,Desktop,/,1,237,0,1,B,0
S05412,U0431,2025-01-24,2025-01,2025-W03,Organic,Mobile,/about,4,92,0,0,B,0
S05413,U2966,2025-01-24,2025-01,2025-W03,Direct,Desktop,/contact,3,325,0,0,A,0
S05414,U3768,2025-01-24,2025-01,2025-W03,Direct,Desktop,/,3,172,0,1,A,0
S05415,U3769,2025-01-24,2025-01,2025-W03,Organic,Desktop,/pricing,1,407,0,1,B,0
S05416,U1461,2025-01-24,2025-01,2025-W03,Social,Desktop,/about,2,125,0,0,A,0
S05417,U3302,2025-01-24,2025-01,2025-W03,Social,Mobile,/,2,123,0,0,B,0
S05418,U3770,2025-01-24,2025-01,2025-W03,Email,Desktop,/services,3,219,0,1,B,0
S05419,U3771,2025-01-24,2025-01,2025-W03,Direct,Mobile,/services,5,97,0,1,B,0
S05420,U3772,2025-01-24,2025-01,2025-W03,Email,Desktop,/,3,220,0,1,A,0
S05421,U3773,2025-01-24,2025-01,2025-W03,Direct,Desktop,/services,2,276,0,1,A,0
S05422,U3774,2025-01-24,2025-01,2025-W03,Organic,Mobile,/services,7,119,0,1,B,0
S05423,U3775,2025-01-24,2025-01,2025-W03,Organic,Mobile,/,4,809,0,1,B,0
S05424,U0442,2025-01-24,2025-01,2025-W03,Email,Tablet,/contact,4,322,0,0,B,0
S05425,U3776,2025-01-24,2025-01,2025-W03,Paid,Desktop,/,1,229,0,1,A,0
S05426,U3777,2025-01-24,2025-01,2025-W03,Paid,Desktop,/,2,152,0,1,B,0
S05427,U3778,2025-01-24,2025-01,2025-W03,Organic,Desktop,/,2,181,0,1,B,0
S05428,U3779,2025-01-24,2025-01,2025-W03,Email,Desktop,/about,5,561,0,1,A,0
S05429,U3780,2025-01-24,2025-01,2025-W03,Direct,Tablet,/,3,139,0,1,A,0
S05430,U3781,2025-01-24,2025-01,2025-W03,Organic,Desktop,/tutors,4,491,0,1,B,0
S05431,U3782,2025-01-24,2025-01,2025-W03,Organic,Mobile,/,2,395,0,1,A,0
S05432,U3783,2025-01-24,2025-01,2025-W03,Organic,Mobile,/services,3,236,0,1,B,0
S05433,U3784,2025-01-25,2025-01,2025-W03,Direct,Desktop,/pricing,4,277,0,1,B,0
S05434,U3785,2025-01-25,2025-01,2025-W03,Direct,Mobile,/pricing,2,154,0,1,A,0
S05435,U3786,2025-01-25,2025-01,2025-W03,Paid,Desktop,/,1,103,0,1,B,1
S05436,U3787,2025-01-25,2025-01,2025-W03,Direct,Mobile,/,5,49,0,1,A,1
S05437,U3788,2025-01-25,2025-01,2025-W03,Direct,Desktop,/,2,141,0,1,A,0
S05438,U3789,2025-01-25,2025-01,2025-W03,Email,Tablet,/tutors,2,261,0,1,A,0
S05439,U3790,2025-01-25,2025-01,2025-W03,Organic,Mobile,/,4,80,0,1,B,0
S05440,U3353,2025-01-25,2025-01,2025-W03,Organic,Mobile,/pricing,3,190,0,0,B,0
S05441,U3791,2025-01-25,2025-01,2025-W03,Paid,Desktop,/services,3,135,0,1,A,0
S05442,U3211,2025-01-25,2025-01,2025-W03,Email,Desktop,/services,4,134,0,0,A,1
S05443,U3792,2025-01-25,2025-01,2025-W03,Paid,Mobile,/tutors,8,74,0,1,A,0
S05444,U3251,2025-01-25,2025-01,2025-W03,Social,Mobile,/pricing,3,212,0,0,A,0
S05445,U3793,2025-01-25,2025-01,2025-W03,Direct,Tablet,/,3,174,0,1,B,0
S05446,U3794,2025-01-25,2025-01,2025-W03,Social,Mobile,/,4,262,0,1,B,0
S05447,U3795,2025-01-25,2025-01,2025-W03,Email,Tablet,/pricing,3,67,0,1,B,0
S05448,U2048,2025-01-25,2025-01,2025-W03,Organic,Desktop,/,1,308,0,0,A,0
S05449,U3796,2025-01-25,2025-01,2025-W03,Direct,Desktop,/tutors,4,56,0,1,B,0
S05450,U3797,2025-01-25,2025-01,2025-W03,Direct,Desktop,/tutors,1,98,0,1,A,0
S05451,U3395,2025-01-25,2025-01,2025-W03,Direct,Mobile,/,1,243,0,0,A,0
S05452,U3798,2025-01-25,2025-01,2025-W03,Organic,Desktop,/tutors,1,27,1,1,A,0
S05453,U3799,2025-01-25,2025-01,2025-W03,Email,Tablet,/,5,46,0,1,A,0
S05454,U3800,2025-01-25,2025-01,2025-W03,Email,Mobile,/,4,125,0,1,B,0
S05455,U3507,2025-01-25,2025-01,2025-W03,Direct,Mobile,/about,1,134,0,0,A,0
S05456,U3801,2025-01-25,2025-01,2025-W03,Organic,Mobile,/,5,60,0,1,A,0
S05457,U3802,2025-01-25,2025-01,2025-W03,Direct,Desktop,/about,4,238,0,1,A,0
S05458,U3803,2025-01-25,2025-01,2025-W03,Paid,Mobile,/,3,454,0,1,A,0
S05459,U2384,2025-01-25,2025-01,2025-W03,Social,Desktop,/,4,91,0,0,A,0
S05460,U3804,2025-01-25,2025-01,2025-W03,Social,Mobile,/,4,429,0,1,B,0
S05461,U2294,2025-01-25,2025-01,2025-W03,Organic,Desktop,/services,3,176,0,0,A,0
S05462,U3805,2025-01-25,2025-01,2025-W03,Organic,Desktop,/pricing,5,137,0,1,B,0
S05463,U0371,2025-01-25,2025-01,2025-W03,Direct,Desktop,/about,1,207,0,0,B,0
S05464,U3806,2025-01-25,2025-01,2025-W03,Email,Desktop,/,1,242,0,1,A,0
S05465,U3807,2025-01-25,2025-01,2025-W03,Email,Desktop,/,1,68,0,1,B,1
S05466,U3808,2025-01-26,2025-01,2025-W03,Social,Mobile,/about,4,53,0,1,A,0
S05467,U1578,2025-01-26,2025-01,2025-W03,Organic,Desktop,/,5,124,0,0,A,0
S05468,U3809,2025-01-26,2025-01,2025-W03,Organic,Mobile,/,2,145,0,1,B,0
S05469,U3810,2025-01-26,2025-01,2025-W03,Organic,Mobile,/services,5,116,0,1,B,0
S05470,U3811,2025-01-26,2025-01,2025-W03,Direct,Mobile,/pricing,5,108,0,1,B,0
S05471,U3812,2025-01-26,2025-01,2025-W03,Paid,Mobile,/,2,828,0,1,A,0
S05472,U2245,2025-01-26,2025-01,2025-W03,Direct,Mobile,/about,5,155,0,0,A,0
S05473,U3813,2025-01-26,2025-01,2025-W03,Organic,Mobile,/services,5,586,0,1,A,1
S05474,U2848,2025-01-26,2025-01,2025-W03,Organic,Desktop,/pricing,1,167,0,0,A,0
S05475,U0926,2025-01-26,2025-01,2025-W03,Social,Mobile,/services,3,117,0,0,B,0
S05476,U3814,2025-01-26,2025-01,2025-W03,Organic,Desktop,/,5,296,0,1,A,0
S05477,U0086,2025-01-26,2025-01,2025-W03,Direct,Desktop,/,2,126,0,0,A,0
S05478,U3815,2025-01-26,2025-01,2025-W03,Direct,Mobile,/pricing,1,178,0,1,B,0
S05479,U3816,2025-01-26,2025-01,2025-W03,Email,Mobile,/services,3,452,0,1,A,0
S05480,U0763,2025-01-26,2025-01,2025-W03,Email,Desktop,/,2,344,0,0,B,0
S05481,U3817,2025-01-26,2025-01,2025-W03,Paid,Tablet,/,1,124,0,1,A,0
S05482,U3818,2025-01-26,2025-01,2025-W03,Organic,Desktop,/services,3,133,0,1,A,0
S05483,U3819,2025-01-26,2025-01,2025-W03,Organic,Mobile,/about,6,99,0,1,B,0
S05484,U3820,2025-01-26,2025-01,2025-W03,Social,Desktop,/,1,688,0,1,A,0
S05485,U1517,2025-01-26,2025-01,2025-W03,Organic,Desktop,/,1,426,0,0,B,0
S05486,U3821,2025-01-26,2025-01,2025-W03,Organic,Mobile,/contact,5,101,0,1,A,0
S05487,U3822,2025-01-26,2025-01,2025-W03,Organic,Mobile,/,9,72,0,1,B,0
S05488,U3823,2025-01-26,2025-01,2025-W03,Organic,Desktop,/,2,50,0,1,A,0
S05489,U3824,2025-01-26,2025-01,2025-W03,Direct,Desktop,/,4,93,0,1,A,0
S05490,U3825,2025-01-26,2025-01,2025-W03,Organic,Mobile,/tutors,7,472,0,1,B,0
S05491,U3758,2025-01-26,2025-01,2025-W03,Social,Desktop,/pricing,1,143,0,0,B,0
S05492,U3826,2025-01-26,2025-01,2025-W03,Social,Desktop,/,3,143,0,1,B,0
S05493,U3827,2025-01-26,2025-01,2025-W03,Email,Desktop,/,4,214,0,1,B,0
S05494,U3828,2025-01-26,2025-01,2025-W03,Social,Mobile,/services,1,238,0,1,B,0
S05495,U3829,2025-01-26,2025-01,2025-W03,Email,Desktop,/tutors,2,325,0,1,A,0
S05496,U3830,2025-01-26,2025-01,2025-W03,Email,Desktop,/tutors,2,234,0,1,B,0
S05497,U3831,2025-01-27,2025-01,2025-W04,Direct,Desktop,/,1,299,0,1,B,0
S05498,U2535,2025-01-27,2025-01,2025-W04,Direct,Mobile,/tutors,3,79,0,0,B,0
S05499,U3832,2025-01-27,2025-01,2025-W04,Paid,Desktop,/,5,104,0,1,B,1
S05500,U3833,2025-01-27,2025-01,2025-W04,Email,Mobile,/,3,338,0,1,A,1
S05501,U3834,2025-01-27,2025-01,2025-W04,Organic,Desktop,/tutors,2,56,0,1,B,0
S05502,U3835,2025-01-27,2025-01,2025-W04,Direct,Mobile,/services,5,165,0,1,B,0
S05503,U3836,2025-01-27,2025-01,2025-W04,Organic,Desktop,/contact,2,394,0,1,B,1
S05504,U3837,2025-01-27,2025-01,2025-W04,Email,Mobile,/,3,84,0,1,A,0
S05505,U1033,2025-01-27,2025-01,2025-W04,Organic,Desktop,/services,4,173,0,0,B,0
S05506,U3838,2025-01-27,2025-01,2025-W04,Paid,Desktop,/pricing,5,212,0,1,A,0
S05507,U3839,2025-01-27,2025-01,2025-W04,Social,Desktop,/tutors,1,37,0,1,B,0
S05508,U3840,2025-01-27,2025-01,2025-W04,Social,Mobile,/contact,2,335,0,1,A,0
S05509,U1852,2025-01-27,2025-01,2025-W04,Social,Desktop,/,4,54,0,0,B,0
S05510,U3841,2025-01-27,2025-01,2025-W04,Email,Desktop,/services,5,523,0,1,B,0
S05511,U3271,2025-01-27,2025-01,2025-W04,Paid,Desktop,/,3,156,0,0,A,0
S05512,U3842,2025-01-27,2025-01,2025-W04,Direct,Desktop,/,4,764,0,1,B,0
S05513,U3843,2025-01-27,2025-01,2025-W04,Organic,Desktop,/pricing,3,93,0,1,A,0
S05514,U3844,2025-01-27,2025-01,2025-W04,Organic,Mobile,/services,1,575,0,1,B,1
S05515,U3845,2025-01-27,2025-01,2025-W04,Organic,Mobile,/about,4,93,0,1,A,0
S05516,U3846,2025-01-27,2025-01,2025-W04,Organic,Desktop,/,3,170,0,1,B,0
S05517,U3847,2025-01-27,2025-01,2025-W04,Direct,Mobile,/,1,96,0,1,B,0
S05518,U3848,2025-01-27,2025-01,2025-W04,Direct,Mobile,/contact,4,180,0,1,B,0
S05519,U3849,2025-01-27,2025-01,2025-W04,Social,Desktop,/,2,331,0,1,A,0
S05520,U3850,2025-01-27,2025-01,2025-W04,Social,Desktop,/,6,866,0,1,A,0
S05521,U0743,2025-01-27,2025-01,2025-W04,Social,Desktop,/services,2,373,0,0,B,1
S05522,U3851,2025-01-27,2025-01,2025-W04,Organic,Desktop,/pricing,1,276,0,1,A,0
S05523,U3852,2025-01-27,2025-01,2025-W04,Organic,Mobile,/,2,630,0,1,A,0
S05524,U3853,2025-01-27,2025-01,2025-W04,Organic,Desktop,/,6,137,0,1,A,0
S05525,U3854,2025-01-27,2025-01,2025-W04,Organic,Desktop,/,3,15,0,1,A,0
S05526,U3855,2025-01-28,2025-01,2025-W04,Email,Mobile,/pricing,3,92,0,1,B,0
S05527,U3856,2025-01-28,2025-01,2025-W04,Email,Mobile,/tutors,2,317,0,1,A,0
S05528,U3857,2025-01-28,2025-01,2025-W04,Direct,Desktop,/pricing,3,124,0,1,B,0
S05529,U3858,2025-01-28,2025-01,2025-W04,Direct,Mobile,/tutors,1,103,0,1,B,0
S05530,U1068,2025-01-28,2025-01,2025-W04,Direct,Desktop,/contact,8,189,0,0,A,0
S05531,U2652,2025-01-28,2025-01,2025-W04,Organic,Desktop,/tutors,3,264,0,0,A,0
S05532,U3859,2025-01-28,2025-01,2025-W04,Organic,Desktop,/,3,97,0,1,B,0
S05533,U3860,2025-01-28,2025-01,2025-W04,Social,Desktop,/,1,347,0,1,A,1
S05534,U3861,2025-01-28,2025-01,2025-W04,Direct,Desktop,/services,1,81,0,1,A,0
S05535,U1529,2025-01-28,2025-01,2025-W04,Organic,Mobile,/,3,253,0,0,A,0
S05536,U2168,2025-01-28,2025-01,2025-W04,Social,Desktop,/about,3,463,0,0,B,1
S05537,U3862,2025-01-28,2025-01,2025-W04,Organic,Mobile,/,1,532,0,1,A,0
S05538,U3863,2025-01-28,2025-01,2025-W04,Social,Desktop,/pricing,3,55,0,1,A,0
S05539,U3864,2025-01-28,2025-01,2025-W04,Organic,Desktop,/about,3,252,0,1,B,1
S05540,U2608,2025-01-28,2025-01,2025-W04,Email,Mobile,/pricing,2,76,0,0,B,0
S05541,U0895,2025-01-28,2025-01,2025-W04,Organic,Desktop,/services,5,101,0,0,B,0
S05542,U2799,2025-01-28,2025-01,2025-W04,Direct,Desktop,/tutors,1,333,0,0,A,0
S05543,U3865,2025-01-28,2025-01,2025-W04,Direct,Desktop,/pricing,5,453,0,1,B,0
S05544,U3866,2025-01-28,2025-01,2025-W04,Organic,Tablet,/pricing,6,91,0,1,A,0
S05545,U3867,2025-01-28,2025-01,2025-W04,Direct,Desktop,/,1,198,0,1,A,0
S05546,U3355,2025-01-28,2025-01,2025-W04,Social,Desktop,/pricing,3,37,0,0,A,0
S05547,U3868,2025-01-28,2025-01,2025-W04,Direct,Mobile,/about,2,729,0,1,A,0
S05548,U3869,2025-01-28,2025-01,2025-W04,Direct,Desktop,/,4,70,0,1,A,0
S05549,U3827,2025-01-28,2025-01,2025-W04,Organic,Desktop,/services,1,241,0,0,B,0
S05550,U1430,2025-01-28,2025-01,2025-W04,Direct,Mobile,/services,2,270,0,0,A,0
S05551,U3870,2025-01-28,2025-01,2025-W04,Paid,Desktop,/pricing,6,56,0,1,A,0
S05552,U0792,2025-01-28,2025-01,2025-W04,Organic,Desktop,/contact,3,106,0,0,A,0
S05553,U3871,2025-01-28,2025-01,2025-W04,Organic,Desktop,/services,1,99,0,1,B,0
S05554,U3872,2025-01-28,2025-01,2025-W04,Email,Desktop,/tutors,7,154,0,1,A,0
S05555,U3873,2025-01-28,2025-01,2025-W04,Paid,Desktop,/about,2,97,0,1,B,0
S05556,U3874,2025-01-28,2025-01,2025-W04,Organic,Desktop,/,4,55,0,1,A,0
S05557,U3875,2025-01-28,2025-01,2025-W04,Paid,Mobile,/about,6,133,0,1,A,0
S05558,U3876,2025-01-28,2025-01,2025-W04,Direct,Tablet,/services,1,240,0,1,A,0
S05559,U3877,2025-01-29,2025-01,2025-W04,Direct,Desktop,/about,5,248,0,1,B,0
S05560,U3878,2025-01-29,2025-01,2025-W04,Email,Tablet,/pricing,5,200,0,1,A,0
S05561,U3879,2025-01-29,2025-01,2025-W04,Direct,Desktop,/,2,133,0,1,B,0
S05562,U3880,2025-01-29,2025-01,2025-W04,Organic,Mobile,/about,1,181,0,1,A,0
S05563,U3881,2025-01-29,2025-01,2025-W04,Paid,Desktop,/,1,267,0,1,A,0
S05564,U2130,2025-01-29,2025-01,2025-W04,Paid,Tablet,/,7,58,0,0,A,0
S05565,U3882,2025-01-29,2025-01,2025-W04,Paid,Desktop,/,1,117,0,1,B,0
S05566,U3883,2025-01-29,2025-01,2025-W04,Direct,Desktop,/about,2,50,0,1,A,0
S05567,U3884,2025-01-29,2025-01,2025-W04,Email,Mobile,/tutors,5,136,0,1,A,0
S05568,U3885,2025-01-29,2025-01,2025-W04,Social,Desktop,/contact,3,232,0,1,A,0
S05569,U3128,2025-01-29,2025-01,2025-W04,Direct,Mobile,/contact,3,122,0,0,B,0
S05570,U3886,2025-01-29,2025-01,2025-W04,Direct,Desktop,/,3,270,0,1,A,0
S05571,U3887,2025-01-29,2025-01,2025-W04,Social,Mobile,/pricing,6,689,0,1,B,0
S05572,U0428,2025-01-29,2025-01,2025-W04,Organic,Desktop,/about,5,80,0,0,A,0
S05573,U3888,2025-01-29,2025-01,2025-W04,Organic,Desktop,/,4,165,0,1,B,0
S05574,U3889,2025-01-29,2025-01,2025-W04,Paid,Tablet,/about,2,265,0,1,A,0
S05575,U2802,2025-01-29,2025-01,2025-W04,Organic,Desktop,/about,1,155,0,0,A,0
S05576,U3890,2025-01-29,2025-01,2025-W04,Direct,Desktop,/tutors,2,372,0,1,B,1
S05577,U3891,2025-01-29,2025-01,2025-W04,Organic,Desktop,/contact,3,84,0,1,B,0
S05578,U3892,2025-01-29,2025-01,2025-W04,Organic,Mobile,/,2,72,0,1,A,0
S05579,U3893,2025-01-29,2025-01,2025-W04,Direct,Desktop,/,2,77,0,1,B,0
S05580,U3894,2025-01-29,2025-01,2025-W04,Organic,Desktop,/,1,195,0,1,A,0
S05581,U1241,2025-01-29,2025-01,2025-W04,Social,Desktop,/,1,219,0,0,A,0
S05582,U3895,2025-01-29,2025-01,2025-W04,Direct,Mobile,/contact,4,224,0,1,A,0
S05583,U3896,2025-01-29,2025-01,2025-W04,Organic,Desktop,/tutors,5,205,0,1,B,0
S05584,U3897,2025-01-29,2025-01,2025-W04,Paid,Mobile,/services,3,381,0,1,B,0
S05585,U3898,2025-01-29,2025-01,2025-W04,Direct,Mobile,/services,3,256,0,1,A,0
S05586,U3899,2025-01-29,2025-01,2025-W04,Email,Desktop,/,5,153,0,1,A,1
S05587,U1873,2025-01-29,2025-01,2025-W04,Social,Desktop,/about,6,35,0,0,A,0
S05588,U3900,2025-01-29,2025-01,2025-W04,Organic,Mobile,/,5,174,0,1,B,0
S05589,U0834,2025-01-29,2025-01,2025-W04,Direct,Desktop,/,1,101,0,0,B,0
S05590,U3901,2025-01-29,2025-01,2025-W04,Direct,Mobile,/,1,473,0,1,A,0
S05591,U1563,2025-01-29,2025-01,2025-W04,Email,Mobile,/,1,98,0,0,A,0
S05592,U3902,2025-01-29,2025-01,2025-W04,Direct,Mobile,/pricing,6,100,0,1,B,0
S05593,U0985,2025-01-29,2025-01,2025-W04,Organic,Desktop,/,2,217,0,0,B,0
S05594,U3903,2025-01-30,2025-01,2025-W04,Direct,Desktop,/,2,249,0,1,A,0
S05595,U1598,2025-01-30,2025-01,2025-W04,Organic,Mobile,/,4,188,0,0,B,0
S05596,U3904,2025-01-30,2025-01,2025-W04,Direct,Desktop,/tutors,1,407,0,1,A,0
S05597,U0581,2025-01-30,2025-01,2025-W04,Paid,Mobile,/tutors,3,391,0,0,A,0
S05598,U3905,2025-01-30,2025-01,2025-W04,Organic,Mobile,/services,3,315,0,1,A,0
S05599,U3906,2025-01-30,2025-01,2025-W04,Organic,Desktop,/,3,550,0,1,B,0
S05600,U3907,2025-01-30,2025-01,2025-W04,Email,Mobile,/,2,563,0,1,A,0
S05601,U3908,2025-01-30,2025-01,2025-W04,Organic,Tablet,/,1,343,0,1,A,0
S05602,U3909,2025-01-30,2025-01,2025-W04,Direct,Desktop,/about,1,320,0,1,B,0
S05603,U3910,2025-01-30,2025-01,2025-W04,Direct,Desktop,/pricing,3,333,0,1,B,1
S05604,U3911,2025-01-30,2025-01,2025-W04,Organic,Desktop,/,4,342,0,1,A,0
S05605,U3912,2025-01-30,2025-01,2025-W04,Social,Mobile,/,6,74,0,1,A,0
S05606,U3913,2025-01-30,2025-01,2025-W04,Paid,Mobile,/services,5,250,0,1,B,0
S05607,U2837,2025-01-30,2025-01,2025-W04,Organic,Desktop,/tutors,7,67,0,0,B,0
S05608,U3914,2025-01-30,2025-01,2025-W04,Social,Desktop,/about,3,442,0,1,B,0
S05609,U3915,2025-01-30,2025-01,2025-W04,Organic,Mobile,/tutors,3,680,0,1,A,0
S05610,U3916,2025-01-30,2025-01,2025-W04,Direct,Desktop,/tutors,7,544,0,1,A,0
S05611,U3917,2025-01-30,2025-01,2025-W04,Organic,Desktop,/pricing,5,47,0,1,B,0
S05612,U1341,2025-01-30,2025-01,2025-W04,Social,Desktop,/pricing,6,291,0,0,A,0
S05613,U3918,2025-01-30,2025-01,2025-W04,Social,Mobile,/,4,180,0,1,B,0
S05614,U3919,2025-01-30,2025-01,2025-W04,Direct,Desktop,/tutors,2,233,0,1,A,0
S05615,U1174,2025-01-30,2025-01,2025-W04,Organic,Mobile,/,5,105,0,0,A,0
S05616,U3920,2025-01-30,2025-01,2025-W04,Direct,Desktop,/contact,3,577,0,1,B,0
S05617,U3371,2025-01-30,2025-01,2025-W04,Paid,Desktop,/tutors,9,78,0,0,B,0
S05618,U0355,2025-01-30,2025-01,2025-W04,Direct,Tablet,/,1,50,0,0,A,0
S05619,U3921,2025-01-30,2025-01,2025-W04,Social,Tablet,/services,1,168,0,1,A,0
S05620,U3922,2025-01-30,2025-01,2025-W04,Paid,Mobile,/about,4,188,0,1,B,0
S05621,U0937,2025-01-30,2025-01,2025-W04,Organic,Mobile,/services,3,83,0,0,B,1
S05622,U3923,2025-01-30,2025-01,2025-W04,Email,Desktop,/tutors,2,259,0,1,A,1
S05623,U3924,2025-01-30,2025-01,2025-W04,Paid,Desktop,/,3,161,0,1,B,1
S05624,U3925,2025-01-30,2025-01,2025-W04,Email,Desktop,/services,5,369,0,1,A,0
S05625,U3926,2025-01-30,2025-01,2025-W04,Organic,Desktop,/contact,1,231,0,1,A,0
S05626,U3927,2025-01-30,2025-01,2025-W04,Email,Mobile,/,4,501,0,1,A,0
S05627,U3928,2025-01-30,2025-01,2025-W04,Email,Tablet,/pricing,3,37,0,1,A,0
S05628,U3929,2025-01-31,2025-01,2025-W04,Direct,Desktop,/,3,93,0,1,B,0
S05629,U0059,2025-01-31,2025-01,2025-W04,Direct,Desktop,/,2,186,0,0,B,0
S05630,U3930,2025-01-31,2025-01,2025-W04,Organic,Desktop,/pricing,4,183,0,1,B,0
S05631,U3931,2025-01-31,2025-01,2025-W04,Organic,Desktop,/about,2,101,0,1,A,0
S05632,U2639,2025-01-31,2025-01,2025-W04,Organic,Desktop,/tutors,1,41,0,0,B,1
S05633,U3932,2025-01-31,2025-01,2025-W04,Organic,Mobile,/pricing,7,477,0,1,B,0
S05634,U3933,2025-01-31,2025-01,2025-W04,Email,Mobile,/about,4,259,0,1,B,0
S05635,U3934,2025-01-31,2025-01,2025-W04,Social,Mobile,/services,3,73,0,1,A,0
S05636,U3935,2025-01-31,2025-01,2025-W04,Paid,Tablet,/,2,120,0,1,A,1
S05637,U3936,2025-01-31,2025-01,2025-W04,Direct,Desktop,/,5,92,0,1,A,0
S05638,U3937,2025-01-31,2025-01,2025-W04,Organic,Mobile,/,1,339,0,1,B,0
S05639,U2242,2025-01-31,2025-01,2025-W04,Organic,Mobile,/tutors,3,50,0,0,A,0
S05640,U2805,2025-01-31,2025-01,2025-W04,Paid,Desktop,/services,5,108,0,0,B,1
S05641,U3938,2025-01-31,2025-01,2025-W04,Organic,Desktop,/pricing,2,285,0,1,B,1
S05642,U3939,2025-01-31,2025-01,2025-W04,Direct,Mobile,/,3,98,0,1,A,0
S05643,U3940,2025-01-31,2025-01,2025-W04,Direct,Mobile,/pricing,3,325,0,1,A,1
S05644,U3941,2025-01-31,2025-01,2025-W04,Email,Mobile,/pricing,4,89,0,1,A,0
S05645,U0015,2025-01-31,2025-01,2025-W04,Direct,Desktop,/tutors,1,672,0,0,A,0
S05646,U3942,2025-01-31,2025-01,2025-W04,Organic,Desktop,/services,3,223,0,1,A,0
S05647,U0920,2025-01-31,2025-01,2025-W04,Organic,Mobile,/about,2,67,0,0,B,0
S05648,U2235,2025-01-31,2025-01,2025-W04,Organic,Mobile,/pricing,4,549,0,0,B,0
S05649,U3943,2025-01-31,2025-01,2025-W04,Direct,Desktop,/contact,2,85,0,1,A,0
S05650,U3944,2025-01-31,2025-01,2025-W04,Organic,Mobile,/contact,3,480,0,1,B,0
S05651,U2524,2025-01-31,2025-01,2025-W04,Social,Desktop,/,8,297,0,0,B,0
S05652,U3945,2025-01-31,2025-01,2025-W04,Social,Desktop,/,4,148,0,1,A,0
S05653,U3946,2025-01-31,2025-01,2025-W04,Email,Desktop,/,2,164,0,1,B,0
S05654,U3947,2025-01-31,2025-01,2025-W04,Organic,Mobile,/,1,225,0,1,B,0
S05655,U3948,2025-01-31,2025-01,2025-W04,Email,Mobile,/services,2,154,0,1,B,0
S05656,U3949,2025-01-31,2025-01,2025-W04,Organic,Desktop,/,2,111,0,1,B,0
S05657,U1175,2025-02-01,2025-02,2025-W04,Direct,Mobile,/contact,2,92,0,0,A,0
S05658,U1592,2025-02-01,2025-02,2025-W04,Organic,Desktop,/contact,1,44,0,0,B,0
S05659,U3950,2025-02-01,2025-02,2025-W04,Organic,Desktop,/,2,135,0,1,A,0
S05660,U3300,2025-02-01,2025-02,2025-W04,Organic,Mobile,/tutors,3,52,0,0,A,0
S05661,U1681,2025-02-01,2025-02,2025-W04,Social,Mobile,/pricing,2,42,0,0,B,0
S05662,U3951,2025-02-01,2025-02,2025-W04,Direct,Mobile,/tutors,4,250,0,1,B,0
S05663,U3952,2025-02-01,2025-02,2025-W04,Direct,Mobile,/pricing,2,339,0,1,A,0
S05664,U3953,2025-02-01,2025-02,2025-W04,Direct,Mobile,/pricing,4,557,0,1,A,0
S05665,U3954,2025-02-01,2025-02,2025-W04,Organic,Mobile,/,5,79,0,1,A,0
S05666,U3955,2025-02-01,2025-02,2025-W04,Organic,Desktop,/,3,83,0,1,B,0
S05667,U3956,2025-02-01,2025-02,2025-W04,Organic,Desktop,/tutors,3,165,0,1,A,0
S05668,U3957,2025-02-01,2025-02,2025-W04,Paid,Desktop,/pricing,2,228,0,1,B,0
S05669,U3958,2025-02-01,2025-02,2025-W04,Direct,Desktop,/,2,153,0,1,A,0
S05670,U0783,2025-02-01,2025-02,2025-W04,Organic,Tablet,/,3,314,0,0,B,0
S05671,U3959,2025-02-01,2025-02,2025-W04,Direct,Mobile,/about,1,243,0,1,A,0
S05672,U3960,2025-02-01,2025-02,2025-W04,Organic,Mobile,/services,4,139,0,1,B,0
S05673,U3961,2025-02-01,2025-02,2025-W04,Direct,Desktop,/,3,354,0,1,B,0
S05674,U3962,2025-02-01,2025-02,2025-W04,Paid,Desktop,/,2,61,0,1,B,0
S05675,U3963,2025-02-01,2025-02,2025-W04,Direct,Desktop,/services,3,25,0,1,B,0
S05676,U3964,2025-02-01,2025-02,2025-W04,Organic,Desktop,/tutors,4,211,0,1,B,0
S05677,U3965,2025-02-01,2025-02,2025-W04,Paid,Desktop,/contact,4,163,0,1,A,0
S05678,U3966,2025-02-01,2025-02,2025-W04,Organic,Desktop,/pricing,1,150,0,1,B,0
S05679,U3967,2025-02-01,2025-02,2025-W04,Organic,Mobile,/,3,97,0,1,B,0
S05680,U3968,2025-02-01,2025-02,2025-W04,Social,Desktop,/services,2,336,0,1,B,0
S05681,U3969,2025-02-01,2025-02,2025-W04,Social,Desktop,/services,4,43,0,1,A,0
S05682,U3970,2025-02-01,2025-02,2025-W04,Direct,Desktop,/services,3,200,0,1,A,0
S05683,U0846,2025-02-01,2025-02,2025-W04,Organic,Desktop,/,4,22,0,0,B,0
S05684,U3971,2025-02-01,2025-02,2025-W04,Direct,Desktop,/,1,137,0,1,B,0
S05685,U3972,2025-02-01,2025-02,2025-W04,Organic,Desktop,/tutors,2,73,0,1,B,0
S05686,U1647,2025-02-01,2025-02,2025-W04,Paid,Desktop,/,2,444,0,0,A,0
S05687,U3973,2025-02-01,2025-02,2025-W04,Direct,Desktop,/,5,890,0,1,B,0
S05688,U3974,2025-02-01,2025-02,2025-W04,Direct,Desktop,/about,3,36,0,1,B,0
S05689,U3975,2025-02-01,2025-02,2025-W04,Direct,Mobile,/,4,213,0,1,A,0
S05690,U3976,2025-02-01,2025-02,2025-W04,Email,Desktop,/,2,189,0,1,B,0
S05691,U3977,2025-02-01,2025-02,2025-W04,Organic,Desktop,/about,4,133,0,1,A,0
S05692,U3978,2025-02-01,2025-02,2025-W04,Direct,Mobile,/services,9,185,0,1,B,1
S05693,U0268,2025-02-01,2025-02,2025-W04,Email,Desktop,/,3,143,0,0,B,1
S05694,U3532,2025-02-01,2025-02,2025-W04,Social,Desktop,/contact,2,225,0,0,A,0
S05695,U3979,2025-02-01,2025-02,2025-W04,Organic,Tablet,/,4,97,0,1,B,0
S05696,U3980,2025-02-01,2025-02,2025-W04,Direct,Desktop,/pricing,6,167,0,1,A,0
S05697,U3981,2025-02-01,2025-02,2025-W04,Organic,Desktop,/,2,31,0,1,A,0
S05698,U3982,2025-02-01,2025-02,2025-W04,Organic,Desktop,/pricing,4,85,0,1,A,0
S05699,U3983,2025-02-01,2025-02,2025-W04,Organic,Desktop,/about,5,106,0,1,A,0
S05700,U3984,2025-02-01,2025-02,2025-W04,Organic,Desktop,/tutors,4,36,0,1,B,0
S05701,U3985,2025-02-01,2025-02,2025-W04,Email,Mobile,/pricing,4,141,0,1,B,0
S05702,U3986,2025-02-01,2025-02,2025-W04,Organic,Mobile,/,2,245,0,1,A,0
S05703,U3607,2025-02-01,2025-02,2025-W04,Paid,Desktop,/,1,701,0,0,A,0
S05704,U3987,2025-02-01,2025-02,2025-W04,Direct,Mobile,/,6,88,0,1,A,0
S05705,U3988,2025-02-01,2025-02,2025-W04,Social,Desktop,/,1,109,0,1,A,0
S05706,U3989,2025-02-01,2025-02,2025-W04,Organic,Tablet,/,3,627,0,1,A,0
S05707,U3990,2025-02-01,2025-02,2025-W04,Email,Desktop,/tutors,3,670,0,1,B,0
S05708,U3991,2025-02-01,2025-02,2025-W04,Email,Desktop,/,3,336,0,1,B,0
S05709,U3992,2025-02-01,2025-02,2025-W04,Organic,Desktop,/,6,179,0,1,A,0
S05710,U3993,2025-02-01,2025-02,2025-W04,Organic,Desktop,/,2,76,0,1,B,0
S05711,U1561,2025-02-01,2025-02,2025-W04,Paid,Mobile,/services,3,87,0,0,A,0
S05712,U3994,2025-02-01,2025-02,2025-W04,Social,Desktop,/pricing,6,172,0,1,B,0
S05713,U3995,2025-02-01,2025-02,2025-W04,Email,Tablet,/services,2,363,0,1,A,0
S05714,U3996,2025-02-01,2025-02,2025-W04,Email,Mobile,/tutors,1,170,0,1,A,0
S05715,U3997,2025-02-01,2025-02,2025-W04,Paid,Desktop,/,7,154,0,1,A,0
S05716,U2015,2025-02-01,2025-02,2025-W04,Organic,Mobile,/services,2,292,0,0,A,0
S05717,U3998,2025-02-01,2025-02,2025-W04,Organic,Desktop,/services,3,349,0,1,A,0
S05718,U3999,2025-02-01,2025-02,2025-W04,Direct,Desktop,/,2,47,0,1,A,0
S05719,U0553,2025-02-01,2025-02,2025-W04,Paid,Mobile,/tutors,2,80,0,0,B,0
S05720,U4000,2025-02-01,2025-02,2025-W04,Direct,Desktop,/pricing,1,345,0,1,A,0
S05721,U3830,2025-02-01,2025-02,2025-W04,Paid,Mobile,/services,2,169,0,0,B,0
S05722,U4001,2025-02-02,2025-02,2025-W04,Direct,Desktop,/,6,479,0,1,A,0
S05723,U4002,2025-02-02,2025-02,2025-W04,Organic,Desktop,/tutors,2,262,0,1,A,0
S05724,U4003,2025-02-02,2025-02,2025-W04,Direct,Desktop,/,4,257,0,1,B,1
S05725,U4004,2025-02-02,2025-02,2025-W04,Paid,Mobile,/pricing,2,465,0,1,B,0
S05726,U3650,2025-02-02,2025-02,2025-W04,Social,Mobile,/services,2,68,0,0,B,0
S05727,U4005,2025-02-02,2025-02,2025-W04,Social,Mobile,/,3,600,0,1,B,0
S05728,U2103,2025-02-02,2025-02,2025-W04,Organic,Desktop,/services,1,178,0,0,A,0
S05729,U4006,2025-02-02,2025-02,2025-W04,Paid,Mobile,/,6,92,0,1,A,0
S05730,U4007,2025-02-02,2025-02,2025-W04,Direct,Desktop,/services,2,382,0,1,A,0
S05731,U0979,2025-02-02,2025-02,2025-W04,Email,Mobile,/services,5,80,0,0,B,0
S05732,U1774,2025-02-02,2025-02,2025-W04,Organic,Mobile,/tutors,1,124,0,0,A,0
S05733,U3112,2025-02-02,2025-02,2025-W04,Organic,Desktop,/contact,2,239,0,0,B,0
S05734,U4008,2025-02-02,2025-02,2025-W04,Social,Mobile,/pricing,4,49,0,1,A,0
S05735,U3572,2025-02-02,2025-02,2025-W04,Organic,Desktop,/contact,3,378,0,0,B,0
S05736,U4009,2025-02-02,2025-02,2025-W04,Social,Desktop,/about,3,139,0,1,B,0
S05737,U1560,2025-02-02,2025-02,2025-W04,Organic,Desktop,/,4,134,0,0,A,0
S05738,U4010,2025-02-02,2025-02,2025-W04,Organic,Desktop,/contact,4,284,0,1,A,0
S05739,U4011,2025-02-02,2025-02,2025-W04,Email,Mobile,/,3,142,0,1,A,0
S05740,U4012,2025-02-02,2025-02,2025-W04,Direct,Desktop,/,1,38,0,1,A,0
S05741,U4013,2025-02-02,2025-02,2025-W04,Direct,Mobile,/services,2,182,0,1,B,0
S05742,U4014,2025-02-02,2025-02,2025-W04,Organic,Desktop,/,3,19,0,1,A,0
S05743,U1419,2025-02-02,2025-02,2025-W04,Direct,Desktop,/,5,334,0,0,B,0
S05744,U4015,2025-02-02,2025-02,2025-W04,Email,Desktop,/tutors,2,98,0,1,B,0
S05745,U3742,2025-02-02,2025-02,2025-W04,Organic,Desktop,/,2,35,0,0,B,0
S05746,U4016,2025-02-02,2025-02,2025-W04,Paid,Mobile,/tutors,2,247,0,1,A,0
S05747,U4017,2025-02-02,2025-02,2025-W04,Email,Desktop,/,2,53,0,1,B,0
S05748,U4018,2025-02-02,2025-02,2025-W04,Email,Desktop,/tutors,2,55,0,1,B,1
S05749,U3122,2025-02-02,2025-02,2025-W04,Direct,Desktop,/contact,5,392,0,0,A,0
S05750,U1530,2025-02-02,2025-02,2025-W04,Organic,Mobile,/,3,635,0,0,A,0
S05751,U4019,2025-02-02,2025-02,2025-W04,Direct,Desktop,/services,1,43,0,1,A,0
S05752,U0309,2025-02-02,2025-02,2025-W04,Direct,Mobile,/,1,248,0,0,B,1
S05753,U3306,2025-02-02,2025-02,2025-W04,Paid,Desktop,/,5,188,0,0,A,0
S05754,U4020,2025-02-02,2025-02,2025-W04,Organic,Desktop,/services,3,618,0,1,A,0
S05755,U4021,2025-02-02,2025-02,2025-W04,Organic,Desktop,/,4,659,0,1,A,0
S05756,U4022,2025-02-02,2025-02,2025-W04,Social,Desktop,/tutors,2,179,0,1,A,0
S05757,U4023,2025-02-02,2025-02,2025-W04,Paid,Desktop,/,2,198,0,1,A,0
S05758,U4024,2025-02-02,2025-02,2025-W04,Social,Mobile,/about,2,148,0,1,A,0
S05759,U3761,2025-02-02,2025-02,2025-W04,Social,Desktop,/tutors,4,269,0,0,B,0
S05760,U0376,2025-02-02,2025-02,2025-W04,Social,Tablet,/tutors,3,119,0,0,A,0
S05761,U1774,2025-02-02,2025-02,2025-W04,Organic,Desktop,/,3,223,0,0,A,0
S05762,U0205,2025-02-02,2025-02,2025-W04,Email,Mobile,/,6,238,0,0,A,0
S05763,U4025,2025-02-02,2025-02,2025-W04,Organic,Mobile,/,6,159,0,1,B,0
S05764,U3349,2025-02-02,2025-02,2025-W04,Direct,Desktop,/tutors,5,268,0,0,A,0
S05765,U4026,2025-02-02,2025-02,2025-W04,Social,Desktop,/services,2,196,0,1,B,0
S05766,U1180,2025-02-02,2025-02,2025-W04,Direct,Mobile,/tutors,6,57,0,0,A,0
S05767,U4027,2025-02-02,2025-02,2025-W04,Organic,Mobile,/services,1,678,0,1,A,0
S05768,U4028,2025-02-02,2025-02,2025-W04,Organic,Desktop,/pricing,2,113,0,1,A,0
S05769,U3991,2025-02-02,2025-02,2025-W04,Email,Desktop,/about,2,13,0,0,B,0
S05770,U2221,2025-02-02,2025-02,2025-W04,Social,Desktop,/pricing,2,128,0,0,A,0
S05771,U0508,2025-02-02,2025-02,2025-W04,Organic,Mobile,/,2,851,0,0,B,0
S05772,U0767,2025-02-02,2025-02,2025-W04,Social,Mobile,/pricing,4,226,0,0,A,0
S05773,U4029,2025-02-02,2025-02,2025-W04,Social,Mobile,/tutors,5,22,0,1,B,0
S05774,U4030,2025-02-02,2025-02,2025-W04,Organic,Mobile,/tutors,1,274,0,1,A,0
S05775,U1689,2025-02-02,2025-02,2025-W04,Organic,Desktop,/,1,173,0,0,B,0
S05776,U1748,2025-02-02,2025-02,2025-W04,Organic,Desktop,/services,4,69,0,0,B,0
S05777,U4031,2025-02-02,2025-02,2025-W04,Organic,Desktop,/tutors,8,172,0,1,A,0
S05778,U3648,2025-02-02,2025-02,2025-W04,Direct,Mobile,/services,5,77,0,0,A,0
S05779,U3090,2025-02-02,2025-02,2025-W04,Social,Desktop,/,2,149,0,0,B,0
S05780,U2024,2025-02-03,2025-02,2025-W05,Social,Desktop,/,5,853,0,0,A,0
S05781,U4032,2025-02-03,2025-02,2025-W05,Organic,Desktop,/,3,460,0,1,A,0
S05782,U4033,2025-02-03,2025-02,2025-W05,Organic,Mobile,/,4,966,0,1,A,0
S05783,U4034,2025-02-03,2025-02,2025-W05,Email,Desktop,/,4,64,0,1,B,0
S05784,U3049,2025-02-03,2025-02,2025-W05,Organic,Desktop,/services,5,227,0,0,A,0
S05785,U4035,2025-02-03,2025-02,2025-W05,Paid,Mobile,/pricing,2,436,0,1,A,0
S05786,U4036,2025-02-03,2025-02,2025-W05,Email,Desktop,/,7,174,0,1,A,0
S05787,U4037,2025-02-03,2025-02,2025-W05,Organic,Mobile,/about,3,41,0,1,A,0
S05788,U4038,2025-02-03,2025-02,2025-W05,Direct,Mobile,/services,3,47,0,1,A,0
S05789,U4039,2025-02-03,2025-02,2025-W05,Organic,Desktop,/,5,425,0,1,B,0
S05790,U4040,2025-02-03,2025-02,2025-W05,Organic,Desktop,/,6,84,0,1,B,0
S05791,U4041,2025-02-03,2025-02,2025-W05,Organic,Mobile,/,2,100,0,1,B,0
S05792,U4042,2025-02-03,2025-02,2025-W05,Organic,Desktop,/,4,348,0,1,B,0
S05793,U0699,2025-02-03,2025-02,2025-W05,Organic,Desktop,/,3,81,0,0,A,1
S05794,U4043,2025-02-03,2025-02,2025-W05,Direct,Desktop,/,4,531,0,1,B,0
S05795,U4044,2025-02-03,2025-02,2025-W05,Direct,Mobile,/about,3,130,0,1,A,0
S05796,U4045,2025-02-03,2025-02,2025-W05,Email,Mobile,/pricing,3,137,0,1,B,0
S05797,U4046,2025-02-03,2025-02,2025-W05,Direct,Mobile,/tutors,3,268,0,1,A,0
S05798,U4047,2025-02-03,2025-02,2025-W05,Paid,Desktop,/tutors,1,713,0,1,A,0
S05799,U4048,2025-02-03,2025-02,2025-W05,Organic,Mobile,/tutors,2,418,0,1,B,0
S05800,U0572,2025-02-03,2025-02,2025-W05,Organic,Mobile,/tutors,5,34,0,0,B,0
S05801,U4049,2025-02-03,2025-02,2025-W05,Organic,Desktop,/tutors,1,126,0,1,A,0
S05802,U1498,2025-02-03,2025-02,2025-W05,Organic,Desktop,/tutors,2,201,0,0,B,1
S05803,U4050,2025-02-03,2025-02,2025-W05,Direct,Desktop,/pricing,3,81,0,1,A,0
S05804,U2429,2025-02-03,2025-02,2025-W05,Direct,Tablet,/services,4,306,0,0,A,0
S05805,U0068,2025-02-03,2025-02,2025-W05,Organic,Desktop,/tutors,8,35,0,0,A,0
S05806,U1382,2025-02-03,2025-02,2025-W05,Organic,Mobile,/,4,246,0,0,B,0
S05807,U4051,2025-02-03,2025-02,2025-W05,Direct,Desktop,/services,1,85,0,1,A,0
S05808,U4052,2025-02-03,2025-02,2025-W05,Direct,Desktop,/tutors,1,91,0,1,B,0
S05809,U0779,2025-02-03,2025-02,2025-W05,Social,Desktop,/tutors,2,1479,0,0,A,0
S05810,U4053,2025-02-03,2025-02,2025-W05,Organic,Mobile,/tutors,4,166,0,1,B,0
S05811,U4054,2025-02-03,2025-02,2025-W05,Organic,Desktop,/tutors,3,252,0,1,A,0
S05812,U4055,2025-02-03,2025-02,2025-W05,Organic,Mobile,/tutors,1,157,0,1,A,0
S05813,U4056,2025-02-03,2025-02,2025-W05,Direct,Desktop,/contact,2,331,0,1,B,1
S05814,U4057,2025-02-03,2025-02,2025-W05,Email,Mobile,/contact,1,911,0,1,A,0
S05815,U0964,2025-02-03,2025-02,2025-W05,Organic,Tablet,/tutors,5,170,0,0,B,0
S05816,U4058,2025-02-03,2025-02,2025-W05,Email,Desktop,/services,2,169,0,1,A,0
S05817,U4059,2025-02-03,2025-02,2025-W05,Email,Desktop,/contact,3,148,0,1,A,0
S05818,U4060,2025-02-03,2025-02,2025-W05,Email,Desktop,/services,8,220,0,1,A,0
S05819,U4061,2025-02-03,2025-02,2025-W05,Paid,Desktop,/pricing,3,69,0,1,A,0
S05820,U4062,2025-02-03,2025-02,2025-W05,Direct,Mobile,/contact,2,773,0,1,B,0
S05821,U4063,2025-02-03,2025-02,2025-W05,Email,Desktop,/,2,496,0,1,B,0
S05822,U4064,2025-02-03,2025-02,2025-W05,Direct,Mobile,/tutors,2,48,0,1,A,0
S05823,U2316,2025-02-03,2025-02,2025-W05,Email,Mobile,/,3,261,0,0,B,0
S05824,U1832,2025-02-03,2025-02,2025-W05,Organic,Desktop,/,4,112,0,0,B,0
S05825,U3869,2025-02-03,2025-02,2025-W05,Email,Desktop,/pricing,1,131,0,0,B,0
S05826,U3572,2025-02-03,2025-02,2025-W05,Organic,Tablet,/services,4,69,0,0,B,0
S05827,U4065,2025-02-03,2025-02,2025-W05,Social,Desktop,/,4,326,0,1,A,0
S05828,U4066,2025-02-03,2025-02,2025-W05,Organic,Desktop,/,1,597,0,1,A,0
S05829,U4067,2025-02-03,2025-02,2025-W05,Email,Desktop,/contact,4,130,0,1,B,0
S05830,U4068,2025-02-03,2025-02,2025-W05,Social,Desktop,/,4,408,0,1,A,0
S05831,U4069,2025-02-03,2025-02,2025-W05,Direct,Desktop,/,2,151,0,1,B,0
S05832,U4070,2025-02-03,2025-02,2025-W05,Paid,Mobile,/,4,304,0,1,A,0
S05833,U4071,2025-02-03,2025-02,2025-W05,Organic,Mobile,/tutors,2,280,0,1,A,0
S05834,U4072,2025-02-03,2025-02,2025-W05,Organic,Mobile,/,2,382,0,1,B,0
S05835,U4073,2025-02-03,2025-02,2025-W05,Paid,Desktop,/tutors,1,743,0,1,A,0
S05836,U4074,2025-02-03,2025-02,2025-W05,Email,Desktop,/tutors,1,219,0,1,B,0
S05837,U4075,2025-02-03,2025-02,2025-W05,Email,Desktop,/pricing,3,244,0,1,A,0
S05838,U4076,2025-02-03,2025-02,2025-W05,Social,Mobile,/,3,206,0,1,A,0
S05839,U4077,2025-02-03,2025-02,2025-W05,Social,Desktop,/contact,2,176,0,1,B,0
S05840,U4078,2025-02-04,2025-02,2025-W05,Social,Mobile,/,3,186,0,1,A,0
S05841,U1596,2025-02-04,2025-02,2025-W05,Organic,Desktop,/pricing,3,85,0,0,A,0
S05842,U4079,2025-02-04,2025-02,2025-W05,Social,Desktop,/,3,91,0,1,A,0
S05843,U3473,2025-02-04,2025-02,2025-W05,Organic,Mobile,/,3,725,0,0,B,0
S05844,U4080,2025-02-04,2025-02,2025-W05,Email,Mobile,/,1,300,0,1,B,0
S05845,U1459,2025-02-04,2025-02,2025-W05,Organic,Desktop,/services,4,101,0,0,A,0
S05846,U4081,2025-02-04,2025-02,2025-W05,Social,Mobile,/tutors,3,158,0,1,A,0
S05847,U1311,2025-02-04,2025-02,2025-W05,Organic,Mobile,/contact,1,308,0,0,A,0
S05848,U4082,2025-02-04,2025-02,2025-W05,Organic,Mobile,/,1,209,0,1,B,0
S05849,U3321,2025-02-04,2025-02,2025-W05,Organic,Mobile,/services,1,148,0,0,B,0
S05850,U4083,2025-02-04,2025-02,2025-W05,Organic,Desktop,/services,2,92,0,1,A,0
S05851,U3005,2025-02-04,2025-02,2025-W05,Organic,Desktop,/tutors,9,309,0,0,A,1
S05852,U4084,2025-02-04,2025-02,2025-W05,Direct,Desktop,/pricing,2,62,0,1,B,0
S05853,U4085,2025-02-04,2025-02,2025-W05,Organic,Mobile,/services,6,2026,0,1,B,0
S05854,U4086,2025-02-04,2025-02,2025-W05,Social,Mobile,/about,1,181,0,1,A,0
S05855,U4087,2025-02-04,2025-02,2025-W05,Email,Mobile,/tutors,5,114,0,1,A,0
S05856,U1213,2025-02-04,2025-02,2025-W05,Organic,Desktop,/contact,5,200,0,0,B,1
S05857,U4088,2025-02-04,2025-02,2025-W05,Paid,Mobile,/services,2,171,0,1,A,0
S05858,U1905,2025-02-04,2025-02,2025-W05,Organic,Desktop,/pricing,1,104,0,0,A,0
S05859,U4089,2025-02-04,2025-02,2025-W05,Organic,Mobile,/pricing,4,117,0,1,B,0
S05860,U4090,2025-02-04,2025-02,2025-W05,Social,Mobile,/services,3,211,0,1,B,0
S05861,U4091,2025-02-04,2025-02,2025-W05,Direct,Mobile,/tutors,2,94,0,1,B,0
S05862,U4092,2025-02-04,2025-02,2025-W05,Social,Mobile,/tutors,2,297,0,1,A,0
S05863,U2485,2025-02-04,2025-02,2025-W05,Organic,Tablet,/,3,113,0,0,B,0
S05864,U0527,2025-02-04,2025-02,2025-W05,Social,Desktop,/tutors,5,86,0,0,A,0
S05865,U0215,2025-02-04,2025-02,2025-W05,Organic,Mobile,/,5,118,0,0,A,0
S05866,U4093,2025-02-04,2025-02,2025-W05,Organic,Desktop,/,1,170,0,1,A,0
S05867,U4094,2025-02-04,2025-02,2025-W05,Organic,Desktop,/tutors,4,552,0,1,A,0
S05868,U4095,2025-02-04,2025-02,2025-W05,Organic,Mobile,/pricing,4,60,0,1,A,0
S05869,U4096,2025-02-04,2025-02,2025-W05,Organic,Mobile,/pricing,6,34,0,1,A,0
S05870,U4097,2025-02-04,2025-02,2025-W05,Organic,Desktop,/pricing,1,214,0,1,A,0
S05871,U2318,2025-02-04,2025-02,2025-W05,Organic,Desktop,/services,2,31,0,0,B,0
S05872,U4098,2025-02-04,2025-02,2025-W05,Direct,Mobile,/contact,5,175,0,1,B,1
S05873,U4099,2025-02-04,2025-02,2025-W05,Direct,Desktop,/services,1,144,0,1,B,0
S05874,U4100,2025-02-04,2025-02,2025-W05,Organic,Desktop,/,4,232,0,1,A,0
S05875,U4101,2025-02-04,2025-02,2025-W05,Direct,Desktop,/,1,390,0,1,B,0
S05876,U1339,2025-02-04,2025-02,2025-W05,Direct,Mobile,/tutors,4,459,0,0,A,0
S05877,U2952,2025-02-04,2025-02,2025-W05,Organic,Tablet,/tutors,4,108,0,0,A,0
S05878,U4102,2025-02-04,2025-02,2025-W05,Organic,Desktop,/,5,171,0,1,B,0
S05879,U4103,2025-02-04,2025-02,2025-W05,Email,Desktop,/pricing,3,484,0,1,B,0
S05880,U4104,2025-02-04,2025-02,2025-W05,Direct,Mobile,/tutors,4,34,0,1,B,0
S05881,U4105,2025-02-04,2025-02,2025-W05,Organic,Mobile,/pricing,4,55,0,1,B,0
S05882,U0733,2025-02-04,2025-02,2025-W05,Organic,Mobile,/tutors,4,73,0,0,A,0
S05883,U4106,2025-02-04,2025-02,2025-W05,Organic,Mobile,/tutors,1,409,0,1,A,0
S05884,U4107,2025-02-04,2025-02,2025-W05,Organic,Mobile,/tutors,3,53,0,1,B,0
S05885,U0199,2025-02-05,2025-02,2025-W05,Email,Mobile,/tutors,4,1885,0,0,A,1
S05886,U4108,2025-02-05,2025-02,2025-W05,Organic,Mobile,/services,4,138,0,1,A,0
S05887,U1795,2025-02-05,2025-02,2025-W05,Organic,Desktop,/contact,7,146,0,0,A,0
S05888,U4109,2025-02-05,2025-02,2025-W05,Organic,Desktop,/contact,2,206,0,1,A,0
S05889,U2618,2025-02-05,2025-02,2025-W05,Paid,Mobile,/about,2,384,0,0,A,0
S05890,U4110,2025-02-05,2025-02,2025-W05,Email,Tablet,/,6,186,0,1,A,0
S05891,U2373,2025-02-05,2025-02,2025-W05,Social,Desktop,/services,2,176,0,0,A,0
S05892,U4111,2025-02-05,2025-02,2025-W05,Email,Desktop,/,3,204,0,1,B,0
S05893,U4112,2025-02-05,2025-02,2025-W05,Direct,Desktop,/tutors,3,48,0,1,A,1
S05894,U4113,2025-02-05,2025-02,2025-W05,Organic,Mobile,/pricing,3,101,0,1,A,0
S05895,U4114,2025-02-05,2025-02,2025-W05,Paid,Mobile,/,2,101,0,1,B,1
S05896,U4115,2025-02-05,2025-02,2025-W05,Organic,Desktop,/tutors,5,202,0,1,B,0
S05897,U4116,2025-02-05,2025-02,2025-W05,Organic,Desktop,/,1,50,0,1,B,0
S05898,U1744,2025-02-05,2025-02,2025-W05,Organic,Desktop,/,1,603,0,0,A,0
S05899,U2306,2025-02-05,2025-02,2025-W05,Organic,Tablet,/services,5,70,0,0,B,0
S05900,U4117,2025-02-05,2025-02,2025-W05,Paid,Desktop,/,1,319,0,1,B,0
S05901,U4118,2025-02-05,2025-02,2025-W05,Direct,Desktop,/,5,70,0,1,A,0
S05902,U1604,2025-02-05,2025-02,2025-W05,Email,Mobile,/about,3,624,0,0,A,0
S05903,U0977,2025-02-05,2025-02,2025-W05,Organic,Mobile,/,2,171,0,0,A,0
S05904,U4119,2025-02-05,2025-02,2025-W05,Organic,Desktop,/,2,156,0,1,A,0
S05905,U4120,2025-02-05,2025-02,2025-W05,Email,Mobile,/about,2,256,0,1,A,0
S05906,U4121,2025-02-05,2025-02,2025-W05,Organic,Mobile,/,5,138,0,1,B,0
S05907,U3175,2025-02-05,2025-02,2025-W05,Email,Desktop,/about,1,161,0,0,B,0
S05908,U4122,2025-02-05,2025-02,2025-W05,Organic,Mobile,/,3,326,0,1,A,0
S05909,U2447,2025-02-05,2025-02,2025-W05,Social,Mobile,/contact,4,337,0,0,B,0
S05910,U4123,2025-02-05,2025-02,2025-W05,Email,Desktop,/contact,4,268,0,1,B,0
S05911,U4124,2025-02-05,2025-02,2025-W05,Organic,Desktop,/tutors,3,44,0,1,B,0
S05912,U1883,2025-02-05,2025-02,2025-W05,Email,Tablet,/contact,3,162,0,0,A,0
S05913,U4125,2025-02-05,2025-02,2025-W05,Organic,Mobile,/contact,5,137,0,1,A,0
S05914,U4126,2025-02-05,2025-02,2025-W05,Direct,Desktop,/services,7,564,0,1,A,0
S05915,U1483,2025-02-05,2025-02,2025-W05,Paid,Desktop,/services,3,64,0,0,A,0
S05916,U3184,2025-02-05,2025-02,2025-W05,Organic,Mobile,/pricing,3,181,0,0,B,0
S05917,U4127,2025-02-05,2025-02,2025-W05,Organic,Desktop,/pricing,1,131,0,1,B,0
S05918,U4128,2025-02-05,2025-02,2025-W05,Organic,Desktop,/,3,82,0,1,B,0
S05919,U4129,2025-02-05,2025-02,2025-W05,Direct,Mobile,/services,3,166,0,1,B,0
S05920,U4130,2025-02-05,2025-02,2025-W05,Direct,Tablet,/services,5,226,0,1,B,0
S05921,U4131,2025-02-05,2025-02,2025-W05,Organic,Desktop,/services,5,144,0,1,A,0
S05922,U0003,2025-02-05,2025-02,2025-W05,Direct,Desktop,/about,4,146,0,0,A,0
S05923,U4132,2025-02-05,2025-02,2025-W05,Organic,Desktop,/,3,340,0,1,A,0
S05924,U4133,2025-02-05,2025-02,2025-W05,Social,Desktop,/,3,142,0,1,B,0
S05925,U4134,2025-02-05,2025-02,2025-W05,Organic,Desktop,/tutors,2,212,0,1,B,0
S05926,U4135,2025-02-05,2025-02,2025-W05,Social,Desktop,/,2,93,0,1,A,0
S05927,U1764,2025-02-05,2025-02,2025-W05,Email,Mobile,/,3,625,0,0,A,0
S05928,U4136,2025-02-05,2025-02,2025-W05,Direct,Desktop,/services,2,104,0,1,B,0
S05929,U4137,2025-02-05,2025-02,2025-W05,Direct,Desktop,/pricing,4,52,0,1,B,0
S05930,U4138,2025-02-05,2025-02,2025-W05,Organic,Mobile,/,6,361,0,1,A,0
S05931,U0984,2025-02-05,2025-02,2025-W05,Organic,Desktop,/services,3,187,0,0,A,0
S05932,U1677,2025-02-05,2025-02,2025-W05,Organic,Mobile,/tutors,1,197,0,0,B,0
S05933,U4139,2025-02-05,2025-02,2025-W05,Direct,Desktop,/,4,191,0,1,B,0
S05934,U4140,2025-02-05,2025-02,2025-W05,Social,Desktop,/tutors,7,162,0,1,A,0
S05935,U4141,2025-02-05,2025-02,2025-W05,Email,Mobile,/,1,889,0,1,A,0
S05936,U1924,2025-02-05,2025-02,2025-W05,Organic,Desktop,/pricing,3,111,0,0,A,0
S05937,U4142,2025-02-05,2025-02,2025-W05,Organic,Desktop,/,3,135,0,1,B,0
S05938,U0185,2025-02-05,2025-02,2025-W05,Organic,Desktop,/,9,240,0,0,B,0
S05939,U4143,2025-02-05,2025-02,2025-W05,Direct,Mobile,/about,2,708,0,1,B,0
S05940,U0534,2025-02-06,2025-02,2025-W05,Social,Desktop,/contact,4,297,0,0,A,0
S05941,U4144,2025-02-06,2025-02,2025-W05,Paid,Mobile,/pricing,3,234,0,1,B,1
S05942,U4145,2025-02-06,2025-02,2025-W05,Organic,Desktop,/pricing,2,286,0,1,A,0
S05943,U0109,2025-02-06,2025-02,2025-W05,Paid,Tablet,/tutors,4,212,0,0,A,0
S05944,U0517,2025-02-06,2025-02,2025-W05,Email,Mobile,/,2,188,0,0,B,0
S05945,U4146,2025-02-06,2025-02,2025-W05,Email,Mobile,/services,1,175,0,1,B,0
S05946,U4147,2025-02-06,2025-02,2025-W05,Email,Mobile,/services,4,213,0,1,A,0
S05947,U2228,2025-02-06,2025-02,2025-W05,Social,Mobile,/,3,84,0,0,A,0
S05948,U3670,2025-02-06,2025-02,2025-W05,Email,Desktop,/services,1,170,0,0,A,0
S05949,U4148,2025-02-06,2025-02,2025-W05,Direct,Mobile,/tutors,3,845,0,1,A,0
S05950,U4149,2025-02-06,2025-02,2025-W05,Organic,Mobile,/services,6,230,0,1,B,0
S05951,U4150,2025-02-06,2025-02,2025-W05,Organic,Desktop,/contact,5,393,0,1,B,0
S05952,U4151,2025-02-06,2025-02,2025-W05,Organic,Mobile,/services,1,141,0,1,B,0
S05953,U4152,2025-02-06,2025-02,2025-W05,Paid,Mobile,/,1,816,0,1,B,0
S05954,U3009,2025-02-06,2025-02,2025-W05,Organic,Mobile,/pricing,4,285,0,0,B,0
S05955,U4153,2025-02-06,2025-02,2025-W05,Organic,Desktop,/tutors,7,49,0,1,B,0
S05956,U4154,2025-02-06,2025-02,2025-W05,Email,Desktop,/pricing,3,260,0,1,B,0
S05957,U4155,2025-02-06,2025-02,2025-W05,Organic,Mobile,/services,2,318,0,1,B,0
S05958,U4156,2025-02-06,2025-02,2025-W05,Social,Mobile,/about,1,99,0,1,B,0
S05959,U3292,2025-02-06,2025-02,2025-W05,Email,Desktop,/tutors,3,297,0,0,A,0
S05960,U4157,2025-02-06,2025-02,2025-W05,Social,Desktop,/pricing,2,39,0,1,A,0
S05961,U4052,2025-02-06,2025-02,2025-W05,Paid,Tablet,/services,2,881,0,0,B,0
S05962,U4158,2025-02-06,2025-02,2025-W05,Social,Desktop,/tutors,3,76,0,1,B,0
S05963,U2075,2025-02-06,2025-02,2025-W05,Direct,Mobile,/,6,204,0,0,A,0
S05964,U4159,2025-02-06,2025-02,2025-W05,Organic,Desktop,/,3,740,0,1,A,0
S05965,U4160,2025-02-06,2025-02,2025-W05,Direct,Mobile,/,2,169,0,1,A,0
S05966,U4161,2025-02-06,2025-02,2025-W05,Organic,Desktop,/pricing,11,396,0,1,A,0
S05967,U4149,2025-02-06,2025-02,2025-W05,Direct,Tablet,/services,4,177,0,0,B,0
S05968,U4162,2025-02-06,2025-02,2025-W05,Direct,Mobile,/about,1,288,0,1,A,0
S05969,U4163,2025-02-06,2025-02,2025-W05,Organic,Desktop,/contact,6,128,0,1,A,0
S05970,U4164,2025-02-06,2025-02,2025-W05,Email,Mobile,/services,3,561,0,1,B,0
S05971,U4165,2025-02-06,2025-02,2025-W05,Paid,Desktop,/services,4,95,0,1,B,0
S05972,U4166,2025-02-06,2025-02,2025-W05,Organic,Desktop,/,2,95,0,1,A,0
S05973,U4167,2025-02-06,2025-02,2025-W05,Organic,Desktop,/tutors,6,104,0,1,A,0
S05974,U4168,2025-02-06,2025-02,2025-W05,Direct,Mobile,/pricing,2,120,0,1,B,0
S05975,U4169,2025-02-06,2025-02,2025-W05,Direct,Mobile,/tutors,5,61,0,1,B,0
S05976,U4170,2025-02-06,2025-02,2025-W05,Direct,Mobile,/pricing,2,33,0,1,B,0
S05977,U4171,2025-02-06,2025-02,2025-W05,Organic,Desktop,/pricing,4,61,0,1,A,0
S05978,U4172,2025-02-06,2025-02,2025-W05,Email,Desktop,/tutors,7,573,0,1,A,0
S05979,U4173,2025-02-06,2025-02,2025-W05,Direct,Desktop,/tutors,4,820,0,1,B,0
S05980,U4174,2025-02-06,2025-02,2025-W05,Organic,Desktop,/pricing,1,88,0,1,A,0
S05981,U4175,2025-02-06,2025-02,2025-W05,Organic,Desktop,/services,1,319,0,1,A,0
S05982,U4176,2025-02-06,2025-02,2025-W05,Organic,Desktop,/,1,85,0,1,B,0
S05983,U2877,2025-02-06,2025-02,2025-W05,Organic,Mobile,/tutors,5,154,0,0,B,0
S05984,U4177,2025-02-06,2025-02,2025-W05,Email,Desktop,/pricing,7,544,0,1,B,0
S05985,U3717,2025-02-06,2025-02,2025-W05,Organic,Desktop,/services,1,165,0,0,A,0
S05986,U4178,2025-02-06,2025-02,2025-W05,Organic,Mobile,/services,6,215,0,1,B,0
S05987,U4179,2025-02-06,2025-02,2025-W05,Social,Desktop,/services,1,179,0,1,A,0
S05988,U4180,2025-02-06,2025-02,2025-W05,Email,Mobile,/services,4,295,0,1,B,0
S05989,U4181,2025-02-06,2025-02,2025-W05,Email,Desktop,/,3,152,0,1,A,0
S05990,U4182,2025-02-06,2025-02,2025-W05,Organic,Desktop,/,2,414,0,1,B,0
S05991,U4183,2025-02-06,2025-02,2025-W05,Paid,Desktop,/contact,4,53,0,1,B,0
S05992,U0792,2025-02-06,2025-02,2025-W05,Social,Desktop,/tutors,1,109,0,0,A,0
S05993,U0133,2025-02-06,2025-02,2025-W05,Direct,Desktop,/pricing,1,615,0,0,A,1
S05994,U1522,2025-02-06,2025-02,2025-W05,Social,Desktop,/,6,282,0,0,A,0
S05995,U4184,2025-02-06,2025-02,2025-W05,Organic,Desktop,/pricing,3,152,0,1,A,0
S05996,U4185,2025-02-06,2025-02,2025-W05,Direct,Desktop,/,6,89,0,1,B,0
S05997,U4186,2025-02-06,2025-02,2025-W05,Direct,Mobile,/about,4,1822,0,1,A,0
S05998,U2460,2025-02-06,2025-02,2025-W05,Email,Desktop,/services,5,507,0,0,A,0
S05999,U4187,2025-02-06,2025-02,2025-W05,Organic,Desktop,/tutors,2,110,0,1,A,0
S06000,U4188,2025-02-07,2025-02,2025-W05,Paid,Mobile,/,2,471,0,1,A,0
S06001,U4189,2025-02-07,2025-02,2025-W05,Social,Desktop,/pricing,2,53,0,1,A,0
S06002,U4190,2025-02-07,2025-02,2025-W05,Organic,Mobile,/contact,9,362,0,1,A,0
S06003,U4191,2025-02-07,2025-02,2025-W05,Organic,Tablet,/pricing,3,135,0,1,A,0
S06004,U3880,2025-02-07,2025-02,2025-W05,Organic,Desktop,/,3,51,0,0,A,0
S06005,U4192,2025-02-07,2025-02,2025-W05,Email,Mobile,/,8,100,0,1,B,0
S06006,U2876,2025-02-07,2025-02,2025-W05,Email,Desktop,/about,1,205,0,0,A,0
S06007,U4193,2025-02-07,2025-02,2025-W05,Social,Desktop,/,4,88,0,1,A,0
S06008,U4194,2025-02-07,2025-02,2025-W05,Organic,Mobile,/,1,282,0,1,B,0
S06009,U4195,2025-02-07,2025-02,2025-W05,Direct,Desktop,/,1,46,0,1,B,0
S06010,U0755,2025-02-07,2025-02,2025-W05,Direct,Mobile,/tutors,3,1142,0,0,B,0
S06011,U4196,2025-02-07,2025-02,2025-W05,Email,Mobile,/,2,150,0,1,A,0
S06012,U4197,2025-02-07,2025-02,2025-W05,Social,Desktop,/,2,370,0,1,B,0
S06013,U4198,2025-02-07,2025-02,2025-W05,Social,Tablet,/tutors,6,93,0,1,B,0
S06014,U4199,2025-02-07,2025-02,2025-W05,Email,Mobile,/about,3,191,0,1,A,1
S06015,U4200,2025-02-07,2025-02,2025-W05,Direct,Mobile,/contact,5,298,0,1,A,0
S06016,U4201,2025-02-07,2025-02,2025-W05,Paid,Desktop,/,2,150,0,1,A,0
S06017,U4202,2025-02-07,2025-02,2025-W05,Direct,Tablet,/,3,157,0,1,B,1
S06018,U0232,2025-02-07,2025-02,2025-W05,Direct,Tablet,/about,2,27,0,0,B,0
S06019,U4203,2025-02-07,2025-02,2025-W05,Direct,Mobile,/,2,815,0,1,A,0
S06020,U4204,2025-02-07,2025-02,2025-W05,Direct,Mobile,/,3,115,0,1,A,0
S06021,U4205,2025-02-07,2025-02,2025-W05,Direct,Desktop,/tutors,4,306,0,1,B,0
S06022,U4206,2025-02-07,2025-02,2025-W05,Direct,Desktop,/tutors,2,49,0,1,A,1
S06023,U4207,2025-02-07,2025-02,2025-W05,Social,Desktop,/about,3,58,0,1,B,0
S06024,U4208,2025-02-07,2025-02,2025-W05,Email,Desktop,/,3,121,0,1,B,0
S06025,U1334,2025-02-07,2025-02,2025-W05,Direct,Desktop,/pricing,4,77,0,0,B,1
S06026,U4209,2025-02-07,2025-02,2025-W05,Social,Tablet,/,3,65,0,1,A,0
S06027,U4210,2025-02-07,2025-02,2025-W05,Organic,Mobile,/,3,230,0,1,B,0
S06028,U3950,2025-02-07,2025-02,2025-W05,Organic,Desktop,/about,6,91,0,0,A,0
S06029,U1447,2025-02-07,2025-02,2025-W05,Email,Tablet,/tutors,7,472,0,0,B,0
S06030,U1497,2025-02-07,2025-02,2025-W05,Organic,Desktop,/pricing,3,306,0,0,B,0
S06031,U4211,2025-02-07,2025-02,2025-W05,Organic,Desktop,/services,4,196,0,1,B,0
S06032,U4212,2025-02-07,2025-02,2025-W05,Email,Desktop,/tutors,1,215,0,1,B,0
S06033,U4213,2025-02-07,2025-02,2025-W05,Organic,Desktop,/,4,126,0,1,B,0
S06034,U1348,2025-02-07,2025-02,2025-W05,Direct,Tablet,/,2,580,0,0,A,0
S06035,U4214,2025-02-07,2025-02,2025-W05,Organic,Mobile,/,2,77,0,1,A,0
S06036,U4215,2025-02-07,2025-02,2025-W05,Paid,Desktop,/about,2,100,0,1,A,0
S06037,U4216,2025-02-07,2025-02,2025-W05,Direct,Desktop,/about,2,46,0,1,A,0
S06038,U3018,2025-02-07,2025-02,2025-W05,Direct,Desktop,/tutors,5,195,0,0,B,0
S06039,U3881,2025-02-07,2025-02,2025-W05,Organic,Mobile,/,1,339,0,0,B,1
S06040,U4217,2025-02-07,2025-02,2025-W05,Organic,Desktop,/contact,4,154,0,1,A,0
S06041,U0715,2025-02-07,2025-02,2025-W05,Organic,Mobile,/services,2,79,0,0,A,0
S06042,U4218,2025-02-07,2025-02,2025-W05,Direct,Mobile,/tutors,4,475,0,1,B,0
S06043,U4219,2025-02-07,2025-02,2025-W05,Organic,Desktop,/contact,5,395,0,1,A,0
S06044,U4220,2025-02-07,2025-02,2025-W05,Organic,Mobile,/services,7,508,0,1,B,0
S06045,U1328,2025-02-07,2025-02,2025-W05,Social,Mobile,/tutors,4,125,0,0,B,0
S06046,U1610,2025-02-07,2025-02,2025-W05,Direct,Mobile,/pricing,3,280,0,0,B,0
S06047,U4221,2025-02-07,2025-02,2025-W05,Organic,Mobile,/,4,112,0,1,A,0
S06048,U0548,2025-02-07,2025-02,2025-W05,Social,Mobile,/services,5,233,0,0,B,0
S06049,U4222,2025-02-07,2025-02,2025-W05,Paid,Mobile,/tutors,4,443,0,1,A,0
S06050,U0326,2025-02-07,2025-02,2025-W05,Organic,Mobile,/contact,1,61,0,0,B,0
S06051,U1092,2025-02-07,2025-02,2025-W05,Social,Mobile,/contact,8,998,0,0,A,0
S06052,U4223,2025-02-07,2025-02,2025-W05,Organic,Tablet,/,3,95,0,1,B,0
S06053,U4224,2025-02-07,2025-02,2025-W05,Social,Desktop,/about,3,325,0,1,B,1
S06054,U4225,2025-02-07,2025-02,2025-W05,Email,Desktop,/services,2,196,0,1,A,0
S06055,U4226,2025-02-08,2025-02,2025-W05,Direct,Mobile,/services,3,230,0,1,B,0
S06056,U4227,2025-02-08,2025-02,2025-W05,Email,Mobile,/tutors,1,74,0,1,A,0
S06057,U3936,2025-02-08,2025-02,2025-W05,Social,Mobile,/contact,2,217,0,0,A,0
S06058,U3890,2025-02-08,2025-02,2025-W05,Direct,Desktop,/,1,190,0,0,A,0
S06059,U1413,2025-02-08,2025-02,2025-W05,Organic,Tablet,/about,3,205,0,0,B,0
S06060,U4228,2025-02-08,2025-02,2025-W05,Email,Tablet,/services,1,69,0,1,A,0
S06061,U4229,2025-02-08,2025-02,2025-W05,Paid,Mobile,/pricing,3,250,0,1,A,0
S06062,U4177,2025-02-08,2025-02,2025-W05,Organic,Desktop,/pricing,7,440,0,0,B,0
S06063,U4230,2025-02-08,2025-02,2025-W05,Organic,Desktop,/contact,4,172,0,1,A,0
S06064,U4231,2025-02-08,2025-02,2025-W05,Paid,Mobile,/,3,41,0,1,B,0
S06065,U3388,2025-02-08,2025-02,2025-W05,Social,Mobile,/,1,161,0,0,A,0
S06066,U4232,2025-02-08,2025-02,2025-W05,Organic,Mobile,/services,3,269,0,1,B,0
S06067,U0489,2025-02-08,2025-02,2025-W05,Organic,Desktop,/,4,514,0,0,A,0
S06068,U2626,2025-02-08,2025-02,2025-W05,Organic,Desktop,/pricing,1,246,0,0,B,0
S06069,U3062,2025-02-08,2025-02,2025-W05,Social,Desktop,/services,3,1669,0,0,A,0
S06070,U4233,2025-02-08,2025-02,2025-W05,Organic,Desktop,/,1,33,0,1,A,0
S06071,U4234,2025-02-08,2025-02,2025-W05,Email,Mobile,/pricing,6,254,0,1,B,1
S06072,U4235,2025-02-08,2025-02,2025-W05,Email,Mobile,/contact,2,150,0,1,B,0
S06073,U4236,2025-02-08,2025-02,2025-W05,Organic,Desktop,/about,2,104,0,1,A,0
S06074,U4237,2025-02-08,2025-02,2025-W05,Direct,Mobile,/services,3,149,0,1,A,0
S06075,U4238,2025-02-08,2025-02,2025-W05,Social,Mobile,/services,2,158,0,1,B,0
S06076,U4239,2025-02-08,2025-02,2025-W05,Organic,Mobile,/,8,222,0,1,A,0
S06077,U0544,2025-02-08,2025-02,2025-W05,Direct,Mobile,/contact,1,239,0,0,A,0
S06078,U4240,2025-02-08,2025-02,2025-W05,Direct,Mobile,/,6,448,0,1,A,0
S06079,U4241,2025-02-08,2025-02,2025-W05,Social,Tablet,/services,2,163,0,1,B,1
S06080,U2301,2025-02-08,2025-02,2025-W05,Email,Desktop,/services,3,254,0,0,A,0
S06081,U4242,2025-02-08,2025-02,2025-W05,Direct,Mobile,/,1,66,0,1,B,0
S06082,U4243,2025-02-08,2025-02,2025-W05,Social,Desktop,/services,1,104,0,1,B,0
S06083,U4244,2025-02-08,2025-02,2025-W05,Organic,Desktop,/services,3,201,0,1,B,0
S06084,U4245,2025-02-08,2025-02,2025-W05,Email,Desktop,/pricing,5,212,0,1,B,0
S06085,U4246,2025-02-08,2025-02,2025-W05,Paid,Mobile,/services,5,520,0,1,B,0
S06086,U4247,2025-02-08,2025-02,2025-W05,Organic,Desktop,/services,2,130,0,1,B,0
S06087,U4248,2025-02-08,2025-02,2025-W05,Organic,Mobile,/,1,298,0,1,A,0
S06088,U4249,2025-02-08,2025-02,2025-W05,Social,Desktop,/about,4,287,0,1,B,0
S06089,U4250,2025-02-08,2025-02,2025-W05,Organic,Desktop,/,3,60,0,1,B,0
S06090,U4251,2025-02-08,2025-02,2025-W05,Organic,Desktop,/,2,198,0,1,B,0
S06091,U4252,2025-02-08,2025-02,2025-W05,Direct,Mobile,/,1,159,0,1,B,0
S06092,U2198,2025-02-08,2025-02,2025-W05,Email,Mobile,/,4,332,0,0,B,0
S06093,U4253,2025-02-08,2025-02,2025-W05,Organic,Desktop,/,3,421,0,1,B,0
S06094,U2656,2025-02-08,2025-02,2025-W05,Email,Mobile,/,7,154,0,0,A,0
S06095,U4254,2025-02-08,2025-02,2025-W05,Direct,Tablet,/,5,193,0,1,B,0
S06096,U4255,2025-02-08,2025-02,2025-W05,Organic,Desktop,/,3,157,0,1,B,0
S06097,U4256,2025-02-08,2025-02,2025-W05,Organic,Desktop,/,2,146,0,1,A,0
S06098,U3473,2025-02-08,2025-02,2025-W05,Organic,Mobile,/pricing,2,153,0,0,B,0
S06099,U1141,2025-02-08,2025-02,2025-W05,Direct,Desktop,/contact,1,345,0,0,A,0
S06100,U4257,2025-02-08,2025-02,2025-W05,Direct,Desktop,/,2,667,0,1,B,0
S06101,U4258,2025-02-08,2025-02,2025-W05,Direct,Desktop,/services,4,57,0,1,A,0
S06102,U4259,2025-02-08,2025-02,2025-W05,Organic,Desktop,/,4,170,0,1,A,0
S06103,U4260,2025-02-08,2025-02,2025-W05,Organic,Desktop,/about,4,64,0,1,A,0
S06104,U2388,2025-02-08,2025-02,2025-W05,Direct,Desktop,/pricing,8,124,0,0,B,0
S06105,U2764,2025-02-08,2025-02,2025-W05,Organic,Desktop,/about,4,196,0,0,B,0
S06106,U4261,2025-02-08,2025-02,2025-W05,Email,Mobile,/,4,201,0,1,A,0
S06107,U3968,2025-02-08,2025-02,2025-W05,Direct,Mobile,/,7,85,0,0,B,0
S06108,U4262,2025-02-08,2025-02,2025-W05,Organic,Desktop,/services,4,497,0,1,A,0
S06109,U4263,2025-02-08,2025-02,2025-W05,Organic,Mobile,/tutors,3,607,0,1,A,0
S06110,U1020,2025-02-08,2025-02,2025-W05,Organic,Desktop,/,4,57,0,0,B,0
S06111,U4264,2025-02-08,2025-02,2025-W05,Organic,Desktop,/,4,651,0,1,A,0
S06112,U1548,2025-02-08,2025-02,2025-W05,Direct,Mobile,/contact,1,218,0,0,A,0
S06113,U4056,2025-02-08,2025-02,2025-W05,Organic,Mobile,/,2,136,0,0,B,0
S06114,U4265,2025-02-08,2025-02,2025-W05,Direct,Mobile,/,1,498,0,1,A,0
S06115,U3445,2025-02-08,2025-02,2025-W05,Organic,Desktop,/,4,148,0,0,B,0
S06116,U3504,2025-02-08,2025-02,2025-W05,Social,Desktop,/contact,7,148,0,0,B,0
S06117,U4266,2025-02-08,2025-02,2025-W05,Direct,Mobile,/,1,126,0,1,B,0
S06118,U4267,2025-02-08,2025-02,2025-W05,Organic,Tablet,/tutors,4,136,0,1,A,0
S06119,U1007,2025-02-08,2025-02,2025-W05,Email,Desktop,/tutors,3,81,0,0,A,0
S06120,U4268,2025-02-09,2025-02,2025-W05,Email,Desktop,/,6,52,0,1,B,1
S06121,U4269,2025-02-09,2025-02,2025-W05,Direct,Desktop,/tutors,8,568,0,1,A,0
S06122,U4270,2025-02-09,2025-02,2025-W05,Email,Mobile,/contact,3,282,0,1,A,0
S06123,U4271,2025-02-09,2025-02,2025-W05,Email,Desktop,/services,1,536,0,1,B,0
S06124,U4272,2025-02-09,2025-02,2025-W05,Organic,Mobile,/pricing,5,89,0,1,B,0
S06125,U4273,2025-02-09,2025-02,2025-W05,Organic,Desktop,/tutors,2,181,0,1,B,0
S06126,U2766,2025-02-09,2025-02,2025-W05,Email,Desktop,/tutors,3,110,0,0,A,0
S06127,U4274,2025-02-09,2025-02,2025-W05,Organic,Desktop,/about,3,211,0,1,A,0
S06128,U1806,2025-02-09,2025-02,2025-W05,Organic,Desktop,/contact,3,187,0,0,B,0
S06129,U4275,2025-02-09,2025-02,2025-W05,Paid,Mobile,/services,1,94,0,1,A,0
S06130,U4276,2025-02-09,2025-02,2025-W05,Organic,Desktop,/,1,59,0,1,A,0
S06131,U2595,2025-02-09,2025-02,2025-W05,Social,Desktop,/services,1,234,0,0,A,0
S06132,U3140,2025-02-09,2025-02,2025-W05,Organic,Desktop,/,4,475,0,0,A,0
S06133,U4277,2025-02-09,2025-02,2025-W05,Organic,Mobile,/,2,231,0,1,B,0
S06134,U2210,2025-02-09,2025-02,2025-W05,Social,Mobile,/,4,66,0,0,B,0
S06135,U2017,2025-02-09,2025-02,2025-W05,Social,Desktop,/,1,280,0,0,A,0
S06136,U3765,2025-02-09,2025-02,2025-W05,Social,Desktop,/pricing,2,98,0,0,B,0
S06137,U4278,2025-02-09,2025-02,2025-W05,Direct,Mobile,/services,8,61,0,1,B,0
S06138,U0026,2025-02-09,2025-02,2025-W05,Organic,Desktop,/,3,542,0,0,A,0
S06139,U4279,2025-02-09,2025-02,2025-W05,Organic,Mobile,/tutors,4,454,0,1,B,0
S06140,U4280,2025-02-09,2025-02,2025-W05,Direct,Mobile,/services,4,135,0,1,B,0
S06141,U0823,2025-02-09,2025-02,2025-W05,Direct,Desktop,/,2,73,0,0,B,0
S06142,U4281,2025-02-09,2025-02,2025-W05,Direct,Mobile,/about,1,75,0,1,B,0
S06143,U3150,2025-02-09,2025-02,2025-W05,Organic,Desktop,/services,1,207,0,0,B,0
S06144,U4282,2025-02-09,2025-02,2025-W05,Email,Desktop,/services,4,1313,0,1,B,1
S06145,U4283,2025-02-09,2025-02,2025-W05,Direct,Desktop,/services,7,592,0,1,A,0
S06146,U4284,2025-02-09,2025-02,2025-W05,Direct,Tablet,/pricing,6,109,0,1,A,0
S06147,U4285,2025-02-09,2025-02,2025-W05,Organic,Desktop,/contact,1,77,0,1,A,0
S06148,U4158,2025-02-09,2025-02,2025-W05,Email,Mobile,/services,2,197,0,0,B,0
S06149,U4286,2025-02-09,2025-02,2025-W05,Social,Desktop,/pricing,4,151,0,1,B,0
S06150,U4287,2025-02-09,2025-02,2025-W05,Organic,Desktop,/pricing,2,139,0,1,B,0
S06151,U4288,2025-02-09,2025-02,2025-W05,Organic,Mobile,/pricing,3,177,0,1,A,0
S06152,U4289,2025-02-09,2025-02,2025-W05,Email,Tablet,/,3,456,0,1,B,0
S06153,U2575,2025-02-09,2025-02,2025-W05,Email,Mobile,/about,3,226,0,0,A,0
S06154,U2382,2025-02-09,2025-02,2025-W05,Direct,Mobile,/pricing,3,60,0,0,B,0
S06155,U4290,2025-02-09,2025-02,2025-W05,Email,Desktop,/about,5,90,0,1,B,0
S06156,U4291,2025-02-09,2025-02,2025-W05,Direct,Mobile,/,6,316,0,1,A,0
S06157,U4292,2025-02-09,2025-02,2025-W05,Organic,Desktop,/,3,196,0,1,A,0
S06158,U0180,2025-02-09,2025-02,2025-W05,Direct,Desktop,/services,2,269,0,0,B,0
S06159,U4293,2025-02-09,2025-02,2025-W05,Direct,Mobile,/services,2,225,0,1,A,0
S06160,U4294,2025-02-09,2025-02,2025-W05,Organic,Desktop,/services,7,93,0,1,A,0
S06161,U4295,2025-02-09,2025-02,2025-W05,Direct,Tablet,/pricing,3,95,0,1,B,0
S06162,U1873,2025-02-09,2025-02,2025-W05,Organic,Desktop,/contact,3,402,0,0,B,0
S06163,U4296,2025-02-09,2025-02,2025-W05,Social,Desktop,/,1,110,0,1,B,0
S06164,U1796,2025-02-09,2025-02,2025-W05,Paid,Desktop,/,2,250,0,0,B,0
S06165,U4297,2025-02-09,2025-02,2025-W05,Organic,Desktop,/about,5,148,0,1,A,0
S06166,U4298,2025-02-09,2025-02,2025-W05,Paid,Tablet,/services,3,134,0,1,A,0
S06167,U4299,2025-02-09,2025-02,2025-W05,Direct,Desktop,/tutors,3,131,0,1,B,0
S06168,U4300,2025-02-09,2025-02,2025-W05,Organic,Mobile,/about,3,158,0,1,A,0
S06169,U4301,2025-02-09,2025-02,2025-W05,Social,Desktop,/pricing,3,180,0,1,B,0
S06170,U4302,2025-02-09,2025-02,2025-W05,Organic,Desktop,/pricing,1,93,0,1,B,1
S06171,U2091,2025-02-09,2025-02,2025-W05,Direct,Mobile,/services,4,240,0,0,A,0
S06172,U3571,2025-02-09,2025-02,2025-W05,Organic,Desktop,/services,5,189,0,0,A,0
S06173,U4303,2025-02-09,2025-02,2025-W05,Paid,Desktop,/services,2,35,0,1,B,0
S06174,U4304,2025-02-09,2025-02,2025-W05,Organic,Mobile,/about,2,238,0,1,A,0
S06175,U0756,2025-02-09,2025-02,2025-W05,Organic,Desktop,/,5,654,0,0,B,0
S06176,U4305,2025-02-09,2025-02,2025-W05,Email,Mobile,/services,3,58,0,1,B,0
S06177,U4306,2025-02-09,2025-02,2025-W05,Organic,Tablet,/tutors,3,289,0,1,A,0
S06178,U4307,2025-02-09,2025-02,2025-W05,Direct,Tablet,/services,2,735,0,1,A,0
S06179,U4308,2025-02-09,2025-02,2025-W05,Email,Desktop,/,2,419,0,1,B,0
S06180,U0141,2025-02-09,2025-02,2025-W05,Organic,Mobile,/tutors,3,266,0,0,A,0
S06181,U0632,2025-02-09,2025-02,2025-W05,Organic,Mobile,/services,3,95,0,0,A,0
S06182,U1465,2025-02-09,2025-02,2025-W05,Direct,Tablet,/services,1,79,0,0,B,0
S06183,U4309,2025-02-09,2025-02,2025-W05,Organic,Desktop,/about,7,210,0,1,A,0
S06184,U4310,2025-02-09,2025-02,2025-W05,Direct,Desktop,/pricing,5,160,0,1,A,0
S06185,U4311,2025-02-09,2025-02,2025-W05,Direct,Desktop,/services,2,136,0,1,A,0
S06186,U4312,2025-02-09,2025-02,2025-W05,Organic,Desktop,/services,5,139,0,1,A,0
S06187,U2231,2025-02-09,2025-02,2025-W05,Email,Desktop,/about,6,295,0,0,B,0
S06188,U4133,2025-02-09,2025-02,2025-W05,Social,Tablet,/about,3,57,0,0,B,0
S06189,U4313,2025-02-09,2025-02,2025-W05,Organic,Desktop,/tutors,1,266,0,1,A,0
S06190,U4314,2025-02-09,2025-02,2025-W05,Direct,Mobile,/services,2,56,0,1,A,0
S06191,U3009,2025-02-09,2025-02,2025-W05,Organic,Desktop,/,2,464,0,0,B,0
S06192,U2014,2025-02-09,2025-02,2025-W05,Organic,Desktop,/,7,161,0,0,A,0
S06193,U4315,2025-02-10,2025-02,2025-W06,Direct,Mobile,/,5,186,0,1,A,0
S06194,U0347,2025-02-10,2025-02,2025-W06,Paid,Desktop,/pricing,3,621,0,0,B,1
S06195,U4316,2025-02-10,2025-02,2025-W06,Organic,Mobile,/about,4,230,0,1,A,1
S06196,U4317,2025-02-10,2025-02,2025-W06,Direct,Mobile,/,2,921,0,1,B,0
S06197,U4318,2025-02-10,2025-02,2025-W06,Organic,Mobile,/,4,180,0,1,B,0
S06198,U4319,2025-02-10,2025-02,2025-W06,Direct,Mobile,/,7,244,0,1,A,0
S06199,U4320,2025-02-10,2025-02,2025-W06,Organic,Desktop,/pricing,4,201,0,1,A,0
S06200,U4321,2025-02-10,2025-02,2025-W06,Direct,Mobile,/tutors,3,140,0,1,A,0
S06201,U4322,2025-02-10,2025-02,2025-W06,Email,Desktop,/,4,291,0,1,A,0
S06202,U4323,2025-02-10,2025-02,2025-W06,Organic,Desktop,/services,5,120,0,1,A,0
S06203,U4324,2025-02-10,2025-02,2025-W06,Email,Desktop,/tutors,3,125,0,1,B,0
S06204,U4325,2025-02-10,2025-02,2025-W06,Organic,Desktop,/pricing,2,158,0,1,B,0
S06205,U4326,2025-02-10,2025-02,2025-W06,Organic,Mobile,/,2,54,0,1,B,0
S06206,U4327,2025-02-10,2025-02,2025-W06,Organic,Desktop,/,1,461,0,1,A,0
S06207,U3379,2025-02-10,2025-02,2025-W06,Paid,Mobile,/pricing,3,339,0,0,B,0
S06208,U0196,2025-02-10,2025-02,2025-W06,Email,Mobile,/tutors,4,84,0,0,A,0
S06209,U0132,2025-02-10,2025-02,2025-W06,Direct,Desktop,/tutors,4,365,0,0,A,0
S06210,U4328,2025-02-10,2025-02,2025-W06,Email,Mobile,/about,2,154,0,1,A,0
S06211,U4329,2025-02-10,2025-02,2025-W06,Social,Desktop,/,3,646,0,1,B,0
S06212,U4330,2025-02-10,2025-02,2025-W06,Paid,Desktop,/tutors,3,33,0,1,A,0
S06213,U4331,2025-02-10,2025-02,2025-W06,Organic,Desktop,/,4,128,0,1,B,0
S06214,U1861,2025-02-10,2025-02,2025-W06,Organic,Mobile,/,1,141,0,0,B,0
S06215,U3271,2025-02-10,2025-02,2025-W06,Direct,Mobile,/tutors,4,168,0,0,B,0
S06216,U4332,2025-02-10,2025-02,2025-W06,Email,Desktop,/,2,519,0,1,A,0
S06217,U4333,2025-02-10,2025-02,2025-W06,Organic,Desktop,/,2,420,0,1,B,0
S06218,U1193,2025-02-10,2025-02,2025-W06,Direct,Mobile,/services,1,33,0,0,B,0
S06219,U4334,2025-02-10,2025-02,2025-W06,Organic,Mobile,/,6,396,0,1,B,0
S06220,U3811,2025-02-10,2025-02,2025-W06,Direct,Tablet,/services,3,90,0,0,B,0
S06221,U4335,2025-02-10,2025-02,2025-W06,Organic,Desktop,/services,1,355,0,1,B,0
S06222,U2409,2025-02-10,2025-02,2025-W06,Email,Tablet,/,1,85,0,0,B,0
S06223,U4336,2025-02-10,2025-02,2025-W06,Organic,Desktop,/tutors,7,82,0,1,A,0
S06224,U4337,2025-02-10,2025-02,2025-W06,Organic,Desktop,/,1,252,0,1,A,0
S06225,U4338,2025-02-10,2025-02,2025-W06,Organic,Desktop,/tutors,2,112,0,1,B,0
S06226,U4152,2025-02-10,2025-02,2025-W06,Social,Mobile,/services,1,131,0,0,B,0
S06227,U4339,2025-02-10,2025-02,2025-W06,Organic,Mobile,/,5,131,0,1,A,0
S06228,U4340,2025-02-10,2025-02,2025-W06,Email,Mobile,/services,1,180,0,1,B,0
S06229,U1792,2025-02-10,2025-02,2025-W06,Direct,Mobile,/,2,483,0,0,A,0
S06230,U4341,2025-02-10,2025-02,2025-W06,Direct,Mobile,/,4,391,0,1,A,0
S06231,U4342,2025-02-10,2025-02,2025-W06,Direct,Desktop,/tutors,1,241,0,1,A,0
S06232,U4343,2025-02-10,2025-02,2025-W06,Direct,Mobile,/pricing,1,81,0,1,B,0
S06233,U4344,2025-02-10,2025-02,2025-W06,Organic,Mobile,/tutors,2,238,0,1,B,0
S06234,U4345,2025-02-10,2025-02,2025-W06,Email,Desktop,/,3,66,0,1,B,0
S06235,U4346,2025-02-10,2025-02,2025-W06,Organic,Mobile,/,2,60,0,1,A,0
S06236,U4347,2025-02-10,2025-02,2025-W06,Organic,Mobile,/services,5,83,0,1,A,0
S06237,U4348,2025-02-10,2025-02,2025-W06,Organic,Mobile,/tutors,4,570,0,1,B,0
S06238,U4349,2025-02-10,2025-02,2025-W06,Paid,Mobile,/contact,4,44,0,1,B,0
S06239,U3096,2025-02-10,2025-02,2025-W06,Organic,Mobile,/services,2,359,0,0,B,0
S06240,U4350,2025-02-10,2025-02,2025-W06,Direct,Mobile,/pricing,2,453,0,1,B,0
S06241,U4351,2025-02-10,2025-02,2025-W06,Social,Desktop,/,4,181,0,1,B,0
S06242,U4352,2025-02-10,2025-02,2025-W06,Organic,Mobile,/about,3,148,0,1,B,0
S06243,U4353,2025-02-10,2025-02,2025-W06,Organic,Desktop,/about,1,185,0,1,A,0
S06244,U0361,2025-02-10,2025-02,2025-W06,Direct,Desktop,/services,5,234,0,0,A,0
S06245,U4354,2025-02-10,2025-02,2025-W06,Organic,Desktop,/services,1,86,0,1,A,0
S06246,U4355,2025-02-10,2025-02,2025-W06,Direct,Mobile,/,8,82,0,1,A,0
S06247,U4356,2025-02-10,2025-02,2025-W06,Organic,Desktop,/about,4,49,0,1,A,0
S06248,U4357,2025-02-10,2025-02,2025-W06,Paid,Mobile,/,3,215,0,1,A,0
S06249,U4358,2025-02-10,2025-02,2025-W06,Organic,Tablet,/,2,314,0,1,A,1
S06250,U0307,2025-02-10,2025-02,2025-W06,Direct,Desktop,/,2,162,0,0,A,0
S06251,U4359,2025-02-10,2025-02,2025-W06,Direct,Mobile,/tutors,2,158,0,1,A,0
S06252,U4360,2025-02-10,2025-02,2025-W06,Social,Desktop,/pricing,5,565,0,1,A,0
S06253,U4361,2025-02-10,2025-02,2025-W06,Direct,Mobile,/,6,143,0,1,B,0
S06254,U3766,2025-02-10,2025-02,2025-W06,Email,Mobile,/about,3,280,0,0,B,0
S06255,U4362,2025-02-10,2025-02,2025-W06,Direct,Mobile,/about,1,222,0,1,B,0
S06256,U4363,2025-02-10,2025-02,2025-W06,Organic,Mobile,/tutors,5,84,0,1,B,0
S06257,U4364,2025-02-11,2025-02,2025-W06,Organic,Mobile,/services,2,98,0,1,B,0
S06258,U4365,2025-02-11,2025-02,2025-W06,Social,Mobile,/contact,3,304,0,1,B,0
S06259,U4366,2025-02-11,2025-02,2025-W06,Email,Desktop,/,1,86,0,1,A,0
S06260,U4367,2025-02-11,2025-02,2025-W06,Direct,Desktop,/about,3,364,0,1,A,0
S06261,U4368,2025-02-11,2025-02,2025-W06,Direct,Tablet,/,4,125,0,1,A,0
S06262,U4369,2025-02-11,2025-02,2025-W06,Email,Desktop,/,2,100,0,1,A,0
S06263,U4370,2025-02-11,2025-02,2025-W06,Social,Desktop,/,5,52,0,1,B,0
S06264,U0183,2025-02-11,2025-02,2025-W06,Social,Tablet,/services,2,195,0,0,A,0
S06265,U4169,2025-02-11,2025-02,2025-W06,Organic,Tablet,/,6,126,0,0,B,0
S06266,U4371,2025-02-11,2025-02,2025-W06,Paid,Desktop,/tutors,6,71,0,1,A,0
S06267,U2461,2025-02-11,2025-02,2025-W06,Organic,Mobile,/tutors,3,162,0,0,B,0
S06268,U1213,2025-02-11,2025-02,2025-W06,Direct,Desktop,/,4,73,0,0,B,0
S06269,U4372,2025-02-11,2025-02,2025-W06,Email,Mobile,/services,5,97,0,1,B,0
S06270,U4373,2025-02-11,2025-02,2025-W06,Direct,Desktop,/,5,53,0,1,A,0
S06271,U0808,2025-02-11,2025-02,2025-W06,Social,Tablet,/,4,270,0,0,A,0
S06272,U4374,2025-02-11,2025-02,2025-W06,Organic,Mobile,/,4,101,0,1,B,0
S06273,U4375,2025-02-11,2025-02,2025-W06,Organic,Mobile,/services,2,529,0,1,B,0
S06274,U1987,2025-02-11,2025-02,2025-W06,Organic,Mobile,/tutors,5,131,0,0,A,0
S06275,U4376,2025-02-11,2025-02,2025-W06,Direct,Desktop,/services,3,63,0,1,B,0
S06276,U2572,2025-02-11,2025-02,2025-W06,Paid,Desktop,/tutors,2,242,0,0,B,0
S06277,U3326,2025-02-11,2025-02,2025-W06,Paid,Mobile,/,1,45,0,0,B,0
S06278,U3877,2025-02-11,2025-02,2025-W06,Email,Desktop,/,1,58,0,0,B,0
S06279,U4377,2025-02-11,2025-02,2025-W06,Organic,Mobile,/contact,1,559,0,1,B,0
S06280,U4378,2025-02-11,2025-02,2025-W06,Organic,Desktop,/,4,140,0,1,A,0
S06281,U4379,2025-02-11,2025-02,2025-W06,Direct,Mobile,/,4,568,0,1,B,0
S06282,U4380,2025-02-11,2025-02,2025-W06,Email,Desktop,/,3,39,0,1,A,0
S06283,U4381,2025-02-11,2025-02,2025-W06,Email,Desktop,/tutors,2,328,0,1,B,0
S06284,U1351,2025-02-11,2025-02,2025-W06,Organic,Desktop,/,7,172,0,0,B,0
S06285,U4382,2025-02-11,2025-02,2025-W06,Organic,Tablet,/about,6,468,0,1,A,0
S06286,U4383,2025-02-11,2025-02,2025-W06,Organic,Desktop,/contact,4,78,0,1,A,0
S06287,U0070,2025-02-11,2025-02,2025-W06,Email,Desktop,/contact,2,103,0,0,B,1
S06288,U4384,2025-02-11,2025-02,2025-W06,Direct,Desktop,/services,6,173,0,1,A,0
S06289,U4385,2025-02-11,2025-02,2025-W06,Direct,Desktop,/contact,5,96,0,1,B,0
S06290,U4386,2025-02-11,2025-02,2025-W06,Organic,Desktop,/about,2,676,0,1,A,0
S06291,U3861,2025-02-11,2025-02,2025-W06,Organic,Mobile,/tutors,4,79,0,0,A,0
S06292,U3005,2025-02-11,2025-02,2025-W06,Organic,Mobile,/services,8,242,0,0,A,0
S06293,U4387,2025-02-11,2025-02,2025-W06,Social,Mobile,/,1,291,0,1,B,0
S06294,U4388,2025-02-11,2025-02,2025-W06,Social,Desktop,/services,5,190,0,1,B,0
S06295,U2538,2025-02-11,2025-02,2025-W06,Direct,Desktop,/services,1,109,0,0,A,0
S06296,U0675,2025-02-11,2025-02,2025-W06,Social,Desktop,/services,1,417,0,0,B,0
S06297,U4389,2025-02-11,2025-02,2025-W06,Organic,Desktop,/services,5,381,0,1,B,0
S06298,U1393,2025-02-11,2025-02,2025-W06,Organic,Desktop,/,3,317,0,0,A,0
S06299,U4390,2025-02-11,2025-02,2025-W06,Organic,Desktop,/contact,1,510,0,1,A,0
S06300,U2388,2025-02-11,2025-02,2025-W06,Organic,Desktop,/pricing,1,257,0,0,B,0
S06301,U4391,2025-02-11,2025-02,2025-W06,Email,Desktop,/about,1,435,0,1,A,0
S06302,U0533,2025-02-11,2025-02,2025-W06,Social,Mobile,/services,4,127,0,0,A,0
S06303,U4392,2025-02-11,2025-02,2025-W06,Organic,Desktop,/,1,141,0,1,A,0
S06304,U4393,2025-02-11,2025-02,2025-W06,Organic,Desktop,/services,1,146,0,1,A,0
S06305,U4394,2025-02-11,2025-02,2025-W06,Direct,Desktop,/tutors,4,705,0,1,B,0
S06306,U3223,2025-02-11,2025-02,2025-W06,Email,Desktop,/,1,197,0,0,B,0
S06307,U4395,2025-02-11,2025-02,2025-W06,Organic,Desktop,/,3,68,0,1,B,0
S06308,U4396,2025-02-11,2025-02,2025-W06,Email,Desktop,/,1,116,0,1,B,0
S06309,U4397,2025-02-11,2025-02,2025-W06,Organic,Tablet,/,6,149,0,1,A,0
S06310,U4398,2025-02-11,2025-02,2025-W06,Organic,Desktop,/tutors,5,417,0,1,B,0
S06311,U4399,2025-02-11,2025-02,2025-W06,Organic,Desktop,/contact,3,106,0,1,B,0
S06312,U4400,2025-02-11,2025-02,2025-W06,Direct,Mobile,/tutors,2,217,0,1,A,0
S06313,U4401,2025-02-11,2025-02,2025-W06,Organic,Desktop,/services,4,825,0,1,B,0
S06314,U1272,2025-02-11,2025-02,2025-W06,Organic,Desktop,/about,2,320,0,0,B,1
S06315,U0965,2025-02-11,2025-02,2025-W06,Email,Mobile,/about,2,373,0,0,A,0
S06316,U4402,2025-02-11,2025-02,2025-W06,Organic,Desktop,/,1,209,0,1,A,0
S06317,U4403,2025-02-11,2025-02,2025-W06,Direct,Desktop,/,3,155,0,1,B,0
S06318,U4404,2025-02-11,2025-02,2025-W06,Paid,Desktop,/services,3,486,0,1,A,0
S06319,U3946,2025-02-11,2025-02,2025-W06,Organic,Mobile,/pricing,1,270,0,0,A,0
S06320,U2479,2025-02-11,2025-02,2025-W06,Direct,Mobile,/services,3,83,0,0,B,0
S06321,U3877,2025-02-11,2025-02,2025-W06,Email,Desktop,/pricing,3,276,0,0,B,0
S06322,U4405,2025-02-12,2025-02,2025-W06,Direct,Desktop,/services,1,274,0,1,B,0
S06323,U4406,2025-02-12,2025-02,2025-W06,Direct,Desktop,/about,2,84,0,1,A,1
S06324,U4407,2025-02-12,2025-02,2025-W06,Email,Desktop,/,7,293,0,1,B,0
S06325,U4408,2025-02-12,2025-02,2025-W06,Direct,Mobile,/tutors,4,270,0,1,B,0
S06326,U4409,2025-02-12,2025-02,2025-W06,Email,Mobile,/contact,3,285,0,1,B,0
S06327,U4410,2025-02-12,2025-02,2025-W06,Direct,Mobile,/about,1,604,0,1,A,0
S06328,U4411,2025-02-12,2025-02,2025-W06,Direct,Desktop,/,2,163,0,1,A,0
S06329,U4412,2025-02-12,2025-02,2025-W06,Direct,Mobile,/,3,150,0,1,A,0
S06330,U4413,2025-02-12,2025-02,2025-W06,Email,Tablet,/,2,89,0,1,A,0
S06331,U4414,2025-02-12,2025-02,2025-W06,Paid,Mobile,/tutors,3,121,0,1,A,0
S06332,U1345,2025-02-12,2025-02,2025-W06,Direct,Mobile,/,3,72,0,0,A,0
S06333,U4415,2025-02-12,2025-02,2025-W06,Organic,Desktop,/contact,1,189,0,1,A,0
S06334,U4416,2025-02-12,2025-02,2025-W06,Organic,Desktop,/,3,130,0,1,A,0
S06335,U4417,2025-02-12,2025-02,2025-W06,Social,Desktop,/tutors,2,74,0,1,A,0
S06336,U4418,2025-02-12,2025-02,2025-W06,Email,Desktop,/tutors,9,130,0,1,A,0
S06337,U4419,2025-02-12,2025-02,2025-W06,Direct,Mobile,/tutors,3,92,0,1,A,0
S06338,U4420,2025-02-12,2025-02,2025-W06,Direct,Desktop,/,2,173,0,1,A,0
S06339,U4421,2025-02-12,2025-02,2025-W06,Organic,Mobile,/,6,127,0,1,A,0
S06340,U4422,2025-02-12,2025-02,2025-W06,Organic,Mobile,/tutors,5,198,0,1,A,0
S06341,U3956,2025-02-12,2025-02,2025-W06,Social,Desktop,/services,5,107,0,0,A,0
S06342,U4423,2025-02-12,2025-02,2025-W06,Direct,Desktop,/,2,332,0,1,B,0
S06343,U4137,2025-02-12,2025-02,2025-W06,Paid,Desktop,/,1,95,0,0,B,0
S06344,U4424,2025-02-12,2025-02,2025-W06,Direct,Mobile,/pricing,4,201,0,1,B,0
S06345,U4425,2025-02-12,2025-02,2025-W06,Direct,Tablet,/,3,72,0,1,B,0
S06346,U0323,2025-02-12,2025-02,2025-W06,Direct,Desktop,/,6,112,0,0,B,0
S06347,U4426,2025-02-12,2025-02,2025-W06,Organic,Desktop,/contact,5,99,0,1,B,0
S06348,U4427,2025-02-12,2025-02,2025-W06,Organic,Mobile,/tutors,5,146,0,1,B,0
S06349,U2725,2025-02-12,2025-02,2025-W06,Social,Mobile,/services,3,272,0,0,A,1
S06350,U4428,2025-02-12,2025-02,2025-W06,Direct,Desktop,/,1,169,0,1,A,0
S06351,U3419,2025-02-12,2025-02,2025-W06,Direct,Desktop,/tutors,1,157,0,0,B,0
S06352,U4429,2025-02-12,2025-02,2025-W06,Social,Desktop,/,3,267,0,1,A,0
S06353,U2582,2025-02-12,2025-02,2025-W06,Organic,Mobile,/,1,204,0,0,A,0
S06354,U2169,2025-02-12,2025-02,2025-W06,Paid,Mobile,/pricing,3,332,0,0,A,0
S06355,U4430,2025-02-12,2025-02,2025-W06,Direct,Desktop,/pricing,5,132,0,1,A,1
S06356,U2082,2025-02-12,2025-02,2025-W06,Direct,Desktop,/pricing,4,80,0,0,A,0
S06357,U1878,2025-02-12,2025-02,2025-W06,Direct,Tablet,/contact,3,204,0,0,A,1
S06358,U4431,2025-02-12,2025-02,2025-W06,Organic,Mobile,/,6,168,0,1,B,0
S06359,U4432,2025-02-12,2025-02,2025-W06,Email,Desktop,/about,1,123,0,1,B,0
S06360,U4433,2025-02-12,2025-02,2025-W06,Direct,Mobile,/tutors,5,189,0,1,B,0
S06361,U3415,2025-02-12,2025-02,2025-W06,Direct,Desktop,/,3,163,0,0,B,1
S06362,U4434,2025-02-12,2025-02,2025-W06,Paid,Desktop,/about,5,252,0,1,B,0
S06363,U4435,2025-02-12,2025-02,2025-W06,Paid,Mobile,/tutors,4,140,0,1,A,0
S06364,U4436,2025-02-12,2025-02,2025-W06,Direct,Mobile,/pricing,1,431,0,1,A,0
S06365,U4437,2025-02-12,2025-02,2025-W06,Organic,Mobile,/services,6,77,0,1,A,0
S06366,U4438,2025-02-12,2025-02,2025-W06,Email,Desktop,/,6,941,0,1,A,0
S06367,U4439,2025-02-12,2025-02,2025-W06,Organic,Mobile,/,3,400,0,1,B,0
S06368,U4440,2025-02-12,2025-02,2025-W06,Social,Mobile,/services,4,73,0,1,A,0
S06369,U4441,2025-02-12,2025-02,2025-W06,Email,Desktop,/services,2,219,0,1,B,0
S06370,U4442,2025-02-12,2025-02,2025-W06,Email,Mobile,/tutors,3,245,0,1,B,1
S06371,U4443,2025-02-12,2025-02,2025-W06,Direct,Mobile,/,2,1504,0,1,A,0
S06372,U3932,2025-02-12,2025-02,2025-W06,Organic,Desktop,/,2,79,0,0,A,1
S06373,U2116,2025-02-12,2025-02,2025-W06,Organic,Desktop,/,2,452,0,0,B,0
S06374,U2107,2025-02-12,2025-02,2025-W06,Direct,Desktop,/pricing,2,114,0,0,A,0
S06375,U4444,2025-02-12,2025-02,2025-W06,Organic,Desktop,/contact,1,82,0,1,B,0
S06376,U0800,2025-02-12,2025-02,2025-W06,Social,Desktop,/,5,88,0,0,B,0
S06377,U4443,2025-02-12,2025-02,2025-W06,Social,Desktop,/services,2,231,0,0,A,0
S06378,U4445,2025-02-12,2025-02,2025-W06,Email,Mobile,/,6,302,0,1,A,1
S06379,U0995,2025-02-12,2025-02,2025-W06,Direct,Mobile,/about,1,1176,0,0,B,0
S06380,U1963,2025-02-12,2025-02,2025-W06,Organic,Desktop,/tutors,8,174,0,0,A,0
S06381,U4446,2025-02-12,2025-02,2025-W06,Email,Desktop,/,4,276,0,1,A,0
S06382,U1467,2025-02-12,2025-02,2025-W06,Direct,Mobile,/,5,165,0,0,A,0
S06383,U4447,2025-02-12,2025-02,2025-W06,Organic,Desktop,/,7,252,0,1,A,0
S06384,U4448,2025-02-12,2025-02,2025-W06,Direct,Mobile,/,1,433,0,1,B,0
S06385,U4449,2025-02-12,2025-02,2025-W06,Direct,Desktop,/tutors,3,89,0,1,A,0
S06386,U4450,2025-02-12,2025-02,2025-W06,Direct,Mobile,/,4,90,0,1,B,0
S06387,U0754,2025-02-12,2025-02,2025-W06,Organic,Desktop,/contact,4,136,0,0,A,0
S06388,U4451,2025-02-12,2025-02,2025-W06,Email,Desktop,/pricing,1,142,0,1,B,0
S06389,U4452,2025-02-12,2025-02,2025-W06,Organic,Desktop,/services,2,697,0,1,B,0
S06390,U4453,2025-02-12,2025-02,2025-W06,Organic,Desktop,/,2,109,0,1,A,0
S06391,U4454,2025-02-12,2025-02,2025-W06,Organic,Desktop,/contact,4,176,0,1,A,0
S06392,U4455,2025-02-12,2025-02,2025-W06,Direct,Mobile,/,3,165,0,1,A,0
S06393,U4456,2025-02-13,2025-02,2025-W06,Organic,Desktop,/about,3,83,0,1,A,0
S06394,U4457,2025-02-13,2025-02,2025-W06,Organic,Mobile,/tutors,5,502,0,1,B,0
S06395,U4458,2025-02-13,2025-02,2025-W06,Organic,Tablet,/pricing,2,193,0,1,A,0
S06396,U4459,2025-02-13,2025-02,2025-W06,Direct,Desktop,/pricing,4,208,0,1,B,0
S06397,U4460,2025-02-13,2025-02,2025-W06,Social,Desktop,/tutors,6,543,0,1,A,0
S06398,U4198,2025-02-13,2025-02,2025-W06,Organic,Desktop,/services,1,154,0,0,B,0
S06399,U4461,2025-02-13,2025-02,2025-W06,Social,Desktop,/services,4,37,0,1,B,0
S06400,U4462,2025-02-13,2025-02,2025-W06,Social,Desktop,/tutors,3,324,0,1,A,0
S06401,U4463,2025-02-13,2025-02,2025-W06,Organic,Desktop,/services,6,159,0,1,B,0
S06402,U4464,2025-02-13,2025-02,2025-W06,Social,Mobile,/services,5,39,0,1,A,0
S06403,U4465,2025-02-13,2025-02,2025-W06,Organic,Mobile,/,3,457,0,1,B,0
S06404,U4466,2025-02-13,2025-02,2025-W06,Paid,Desktop,/,5,564,0,1,B,0
S06405,U4467,2025-02-13,2025-02,2025-W06,Organic,Mobile,/,4,138,0,1,A,0
S06406,U4468,2025-02-13,2025-02,2025-W06,Organic,Desktop,/,4,48,0,1,B,0
S06407,U1541,2025-02-13,2025-02,2025-W06,Email,Mobile,/services,4,196,0,0,B,1
S06408,U4469,2025-02-13,2025-02,2025-W06,Email,Mobile,/about,2,127,0,1,A,0
S06409,U4470,2025-02-13,2025-02,2025-W06,Email,Desktop,/services,2,208,0,1,B,0
S06410,U4471,2025-02-13,2025-02,2025-W06,Direct,Mobile,/pricing,2,1191,0,1,B,0
S06411,U4472,2025-02-13,2025-02,2025-W06,Organic,Mobile,/about,3,116,0,1,B,0
S06412,U0787,2025-02-13,2025-02,2025-W06,Organic,Desktop,/,6,200,0,0,A,0
S06413,U4473,2025-02-13,2025-02,2025-W06,Social,Desktop,/,2,428,0,1,A,0
S06414,U4050,2025-02-13,2025-02,2025-W06,Direct,Desktop,/pricing,1,227,0,0,A,0
S06415,U4474,2025-02-13,2025-02,2025-W06,Paid,Tablet,/,6,364,0,1,A,0
S06416,U0267,2025-02-13,2025-02,2025-W06,Organic,Desktop,/services,6,118,0,0,B,0
S06417,U4475,2025-02-13,2025-02,2025-W06,Social,Mobile,/,2,110,0,1,A,0
S06418,U4476,2025-02-13,2025-02,2025-W06,Organic,Desktop,/,3,211,0,1,B,0
S06419,U0874,2025-02-13,2025-02,2025-W06,Social,Desktop,/services,2,89,0,0,B,1
S06420,U4477,2025-02-13,2025-02,2025-W06,Direct,Desktop,/about,2,38,0,1,A,0
S06421,U2116,2025-02-13,2025-02,2025-W06,Organic,Tablet,/tutors,4,189,0,0,B,0
S06422,U4478,2025-02-13,2025-02,2025-W06,Organic,Tablet,/services,4,289,0,1,B,0
S06423,U4479,2025-02-13,2025-02,2025-W06,Social,Desktop,/,5,58,0,1,B,0
S06424,U4480,2025-02-13,2025-02,2025-W06,Email,Mobile,/contact,1,144,0,1,A,0
S06425,U4481,2025-02-13,2025-02,2025-W06,Social,Mobile,/tutors,1,208,0,1,B,0
S06426,U4482,2025-02-13,2025-02,2025-W06,Email,Desktop,/tutors,1,104,0,1,A,1
S06427,U1514,2025-02-13,2025-02,2025-W06,Social,Mobile,/,5,120,0,0,A,0
S06428,U4483,2025-02-13,2025-02,2025-W06,Organic,Tablet,/about,1,223,0,1,B,0
S06429,U4484,2025-02-13,2025-02,2025-W06,Organic,Desktop,/services,1,588,0,1,A,0
S06430,U4485,2025-02-13,2025-02,2025-W06,Organic,Tablet,/tutors,4,91,0,1,B,0
S06431,U2735,2025-02-13,2025-02,2025-W06,Email,Mobile,/services,4,265,0,0,A,0
S06432,U1740,2025-02-13,2025-02,2025-W06,Paid,Mobile,/,2,499,0,0,A,0
S06433,U0403,2025-02-13,2025-02,2025-W06,Direct,Desktop,/,2,197,0,0,B,0
S06434,U4486,2025-02-13,2025-02,2025-W06,Social,Desktop,/contact,1,473,0,1,B,0
S06435,U4487,2025-02-13,2025-02,2025-W06,Direct,Desktop,/services,3,81,0,1,A,0
S06436,U4488,2025-02-13,2025-02,2025-W06,Social,Mobile,/contact,2,191,0,1,A,0
S06437,U4489,2025-02-13,2025-02,2025-W06,Email,Desktop,/,4,75,0,1,B,0
S06438,U2438,2025-02-13,2025-02,2025-W06,Organic,Desktop,/,2,98,0,0,A,0
S06439,U4490,2025-02-13,2025-02,2025-W06,Organic,Desktop,/,3,137,0,1,A,0
S06440,U4491,2025-02-13,2025-02,2025-W06,Email,Mobile,/pricing,2,122,0,1,A,0
S06441,U2731,2025-02-13,2025-02,2025-W06,Direct,Desktop,/,1,210,0,0,A,0
S06442,U0564,2025-02-13,2025-02,2025-W06,Direct,Mobile,/tutors,3,291,0,0,B,0
S06443,U4492,2025-02-13,2025-02,2025-W06,Organic,Desktop,/services,5,243,0,1,B,1
S06444,U4493,2025-02-13,2025-02,2025-W06,Organic,Tablet,/,3,88,0,1,B,1
S06445,U4494,2025-02-13,2025-02,2025-W06,Direct,Desktop,/,3,413,0,1,B,0
S06446,U1301,2025-02-13,2025-02,2025-W06,Social,Desktop,/,6,58,0,0,B,0
S06447,U4495,2025-02-13,2025-02,2025-W06,Organic,Mobile,/,6,2237,0,1,B,0
S06448,U1380,2025-02-13,2025-02,2025-W06,Social,Desktop,/pricing,3,104,0,0,B,0
S06449,U4496,2025-02-13,2025-02,2025-W06,Direct,Mobile,/,1,26,1,1,B,0
S06450,U0138,2025-02-13,2025-02,2025-W06,Organic,Mobile,/,3,401,0,0,A,0
S06451,U4497,2025-02-13,2025-02,2025-W06,Social,Desktop,/services,2,185,0,1,A,0
S06452,U4498,2025-02-13,2025-02,2025-W06,Social,Desktop,/contact,4,559,0,1,B,0
S06453,U4499,2025-02-14,2025-02,2025-W06,Email,Tablet,/services,1,92,0,1,B,0
S06454,U4500,2025-02-14,2025-02,2025-W06,Organic,Mobile,/about,1,357,0,1,A,0
S06455,U4501,2025-02-14,2025-02,2025-W06,Paid,Desktop,/,3,390,0,1,A,0
S06456,U4502,2025-02-14,2025-02,2025-W06,Direct,Mobile,/tutors,6,89,0,1,B,0
S06457,U4503,2025-02-14,2025-02,2025-W06,Direct,Mobile,/pricing,3,392,0,1,A,0
S06458,U4504,2025-02-14,2025-02,2025-W06,Email,Desktop,/,2,72,0,1,A,0
S06459,U4505,2025-02-14,2025-02,2025-W06,Organic,Mobile,/pricing,1,207,0,1,A,0
S06460,U1116,2025-02-14,2025-02,2025-W06,Email,Desktop,/,3,311,0,0,B,0
S06461,U4506,2025-02-14,2025-02,2025-W06,Direct,Desktop,/pricing,3,42,0,1,B,0
S06462,U2041,2025-02-14,2025-02,2025-W06,Social,Desktop,/services,4,149,0,0,B,0
S06463,U4507,2025-02-14,2025-02,2025-W06,Social,Mobile,/pricing,5,162,0,1,A,0
S06464,U4077,2025-02-14,2025-02,2025-W06,Social,Desktop,/contact,3,759,0,0,B,1
S06465,U1567,2025-02-14,2025-02,2025-W06,Social,Desktop,/,2,306,0,0,B,0
S06466,U4508,2025-02-14,2025-02,2025-W06,Direct,Desktop,/tutors,5,173,0,1,B,0
S06467,U4509,2025-02-14,2025-02,2025-W06,Organic,Mobile,/services,3,120,0,1,A,0
S06468,U4510,2025-02-14,2025-02,2025-W06,Email,Desktop,/services,2,127,0,1,A,0
S06469,U4511,2025-02-14,2025-02,2025-W06,Direct,Desktop,/services,4,257,0,1,A,0
S06470,U0382,2025-02-14,2025-02,2025-W06,Direct,Mobile,/,3,123,0,0,B,0
S06471,U4512,2025-02-14,2025-02,2025-W06,Email,Desktop,/pricing,8,196,0,1,A,1
S06472,U0923,2025-02-14,2025-02,2025-W06,Social,Mobile,/pricing,3,418,0,0,B,0
S06473,U4513,2025-02-14,2025-02,2025-W06,Direct,Desktop,/services,6,47,0,1,A,0
S06474,U4514,2025-02-14,2025-02,2025-W06,Social,Desktop,/,2,103,0,1,A,1
S06475,U1691,2025-02-14,2025-02,2025-W06,Direct,Desktop,/tutors,3,136,0,0,B,0
S06476,U1010,2025-02-14,2025-02,2025-W06,Paid,Mobile,/about,3,265,0,0,A,0
S06477,U4515,2025-02-14,2025-02,2025-W06,Organic,Desktop,/services,1,96,0,1,B,0
S06478,U4516,2025-02-14,2025-02,2025-W06,Email,Desktop,/,6,124,0,1,B,0
S06479,U4517,2025-02-14,2025-02,2025-W06,Social,Desktop,/services,1,276,0,1,B,0
S06480,U4518,2025-02-14,2025-02,2025-W06,Email,Mobile,/services,2,160,0,1,B,0
S06481,U4519,2025-02-14,2025-02,2025-W06,Direct,Mobile,/about,6,282,0,1,A,0
S06482,U4520,2025-02-14,2025-02,2025-W06,Direct,Mobile,/services,5,121,0,1,B,0
S06483,U4521,2025-02-14,2025-02,2025-W06,Organic,Desktop,/,4,76,0,1,A,0
S06484,U4522,2025-02-14,2025-02,2025-W06,Email,Desktop,/,3,82,0,1,B,0
S06485,U4523,2025-02-14,2025-02,2025-W06,Organic,Mobile,/services,3,170,0,1,A,0
S06486,U4524,2025-02-14,2025-02,2025-W06,Paid,Desktop,/services,5,127,0,1,A,0
S06487,U4525,2025-02-14,2025-02,2025-W06,Paid,Desktop,/services,1,357,0,1,A,0
S06488,U0905,2025-02-14,2025-02,2025-W06,Direct,Desktop,/,7,105,0,0,B,0
S06489,U2289,2025-02-14,2025-02,2025-W06,Direct,Mobile,/tutors,5,251,0,0,A,0
S06490,U4526,2025-02-14,2025-02,2025-W06,Email,Tablet,/services,4,202,0,1,B,0
S06491,U4527,2025-02-14,2025-02,2025-W06,Direct,Mobile,/,4,117,0,1,B,0
S06492,U4528,2025-02-14,2025-02,2025-W06,Organic,Desktop,/,2,48,0,1,B,0
S06493,U1646,2025-02-14,2025-02,2025-W06,Organic,Desktop,/services,3,70,0,0,A,0
S06494,U3907,2025-02-14,2025-02,2025-W06,Organic,Desktop,/,6,450,0,0,B,0
S06495,U3936,2025-02-14,2025-02,2025-W06,Email,Desktop,/,4,307,0,0,A,0
S06496,U4529,2025-02-14,2025-02,2025-W06,Organic,Mobile,/,7,62,0,1,B,1
S06497,U3981,2025-02-14,2025-02,2025-W06,Organic,Mobile,/,2,189,0,0,A,0
S06498,U4530,2025-02-14,2025-02,2025-W06,Email,Desktop,/contact,5,64,0,1,A,0
S06499,U4531,2025-02-14,2025-02,2025-W06,Paid,Mobile,/services,4,485,0,1,B,0
S06500,U3038,2025-02-14,2025-02,2025-W06,Organic,Mobile,/services,2,407,0,0,A,0
S06501,U4532,2025-02-14,2025-02,2025-W06,Email,Desktop,/tutors,2,760,0,1,B,0
S06502,U4533,2025-02-14,2025-02,2025-W06,Email,Mobile,/,2,273,0,1,A,0
S06503,U4534,2025-02-14,2025-02,2025-W06,Direct,Desktop,/,3,189,0,1,A,1
S06504,U4535,2025-02-15,2025-02,2025-W06,Organic,Desktop,/tutors,3,184,0,1,B,0
S06505,U2317,2025-02-15,2025-02,2025-W06,Direct,Tablet,/about,2,183,0,0,B,0
S06506,U4342,2025-02-15,2025-02,2025-W06,Direct,Desktop,/,2,398,0,0,A,0
S06507,U4536,2025-02-15,2025-02,2025-W06,Social,Desktop,/,5,576,0,1,A,0
S06508,U0161,2025-02-15,2025-02,2025-W06,Organic,Tablet,/,2,192,0,0,B,0
S06509,U4537,2025-02-15,2025-02,2025-W06,Direct,Desktop,/pricing,3,553,0,1,A,0
S06510,U4538,2025-02-15,2025-02,2025-W06,Social,Desktop,/,3,265,0,1,A,1
S06511,U0889,2025-02-15,2025-02,2025-W06,Direct,Desktop,/contact,1,203,0,0,A,0
S06512,U4539,2025-02-15,2025-02,2025-W06,Direct,Mobile,/about,4,164,0,1,B,0
S06513,U4540,2025-02-15,2025-02,2025-W06,Organic,Desktop,/tutors,6,384,0,1,B,0
S06514,U3293,2025-02-15,2025-02,2025-W06,Organic,Desktop,/pricing,5,47,0,0,A,0
S06515,U4541,2025-02-15,2025-02,2025-W06,Direct,Desktop,/,4,183,0,1,B,0
S06516,U4542,2025-02-15,2025-02,2025-W06,Organic,Desktop,/,6,304,0,1,A,0
S06517,U4543,2025-02-15,2025-02,2025-W06,Organic,Desktop,/tutors,2,491,0,1,B,0
S06518,U4544,2025-02-15,2025-02,2025-W06,Social,Tablet,/contact,6,89,0,1,A,0
S06519,U4545,2025-02-15,2025-02,2025-W06,Organic,Desktop,/services,3,547,0,1,A,0
S06520,U4546,2025-02-15,2025-02,2025-W06,Direct,Mobile,/,4,118,0,1,A,0
S06521,U4547,2025-02-15,2025-02,2025-W06,Organic,Desktop,/,5,144,0,1,B,0
S06522,U4548,2025-02-15,2025-02,2025-W06,Social,Mobile,/services,3,233,0,1,A,0
S06523,U4549,2025-02-15,2025-02,2025-W06,Social,Desktop,/,4,70,0,1,A,0
S06524,U4550,2025-02-15,2025-02,2025-W06,Paid,Desktop,/,4,710,0,1,B,0
S06525,U4551,2025-02-15,2025-02,2025-W06,Organic,Mobile,/about,4,117,0,1,B,0
S06526,U4494,2025-02-15,2025-02,2025-W06,Direct,Desktop,/tutors,1,164,0,0,B,0
S06527,U1758,2025-02-15,2025-02,2025-W06,Email,Desktop,/services,3,197,0,0,A,0
S06528,U2101,2025-02-15,2025-02,2025-W06,Organic,Desktop,/,4,176,0,0,B,1
S06529,U4552,2025-02-15,2025-02,2025-W06,Email,Desktop,/services,6,135,0,1,B,1
S06530,U3686,2025-02-15,2025-02,2025-W06,Direct,Desktop,/contact,2,315,0,0,B,0
S06531,U1940,2025-02-15,2025-02,2025-W06,Direct,Desktop,/tutors,1,207,0,0,B,0
S06532,U2051,2025-02-15,2025-02,2025-W06,Organic,Mobile,/,2,114,0,0,A,0
S06533,U4553,2025-02-15,2025-02,2025-W06,Organic,Desktop,/tutors,5,143,0,1,B,0
S06534,U4554,2025-02-15,2025-02,2025-W06,Direct,Mobile,/contact,6,157,0,1,B,1
S06535,U4555,2025-02-15,2025-02,2025-W06,Organic,Desktop,/pricing,4,68,0,1,A,0
S06536,U4556,2025-02-15,2025-02,2025-W06,Email,Mobile,/,7,76,0,1,B,0
S06537,U4011,2025-02-15,2025-02,2025-W06,Organic,Desktop,/,1,521,0,0,A,0
S06538,U3374,2025-02-15,2025-02,2025-W06,Organic,Tablet,/services,7,168,0,0,B,0
S06539,U4127,2025-02-15,2025-02,2025-W06,Organic,Desktop,/,2,81,0,0,B,0
S06540,U4557,2025-02-15,2025-02,2025-W06,Paid,Mobile,/,2,260,0,1,A,0
S06541,U4558,2025-02-15,2025-02,2025-W06,Organic,Desktop,/contact,2,83,0,1,A,0
S06542,U4559,2025-02-15,2025-02,2025-W06,Organic,Mobile,/tutors,4,208,0,1,A,0
S06543,U4560,2025-02-15,2025-02,2025-W06,Direct,Mobile,/tutors,5,173,0,1,B,1
S06544,U0175,2025-02-15,2025-02,2025-W06,Organic,Mobile,/,3,148,0,0,A,0
S06545,U1286,2025-02-15,2025-02,2025-W06,Paid,Desktop,/tutors,2,1109,0,0,B,0
S06546,U1470,2025-02-15,2025-02,2025-W06,Email,Mobile,/,1,126,0,0,B,0
S06547,U1087,2025-02-15,2025-02,2025-W06,Social,Mobile,/services,2,169,0,0,A,0
S06548,U3683,2025-02-15,2025-02,2025-W06,Organic,Desktop,/contact,2,280,0,0,B,0
S06549,U0966,2025-02-15,2025-02,2025-W06,Organic,Desktop,/,6,111,0,0,B,0
S06550,U4561,2025-02-15,2025-02,2025-W06,Organic,Desktop,/,2,331,0,1,A,0
S06551,U4562,2025-02-15,2025-02,2025-W06,Organic,Mobile,/services,5,195,0,1,B,0
S06552,U4563,2025-02-15,2025-02,2025-W06,Email,Desktop,/tutors,4,61,0,1,A,0
S06553,U4564,2025-02-15,2025-02,2025-W06,Paid,Mobile,/services,3,450,0,1,A,0
S06554,U3098,2025-02-15,2025-02,2025-W06,Organic,Mobile,/tutors,1,196,0,0,A,1
S06555,U4565,2025-02-15,2025-02,2025-W06,Organic,Desktop,/pricing,6,72,0,1,B,0
S06556,U4566,2025-02-15,2025-02,2025-W06,Email,Desktop,/services,3,112,0,1,A,0
S06557,U1291,2025-02-15,2025-02,2025-W06,Organic,Mobile,/,4,436,0,0,B,0
S06558,U0889,2025-02-15,2025-02,2025-W06,Organic,Desktop,/pricing,1,58,0,0,A,0
S06559,U4567,2025-02-15,2025-02,2025-W06,Paid,Desktop,/,5,92,0,1,B,0
S06560,U4568,2025-02-15,2025-02,2025-W06,Direct,Desktop,/pricing,3,682,0,1,B,0
S06561,U4569,2025-02-15,2025-02,2025-W06,Direct,Mobile,/,6,125,0,1,A,0
S06562,U4570,2025-02-15,2025-02,2025-W06,Direct,Desktop,/pricing,2,278,0,1,A,0
S06563,U4571,2025-02-15,2025-02,2025-W06,Organic,Mobile,/,1,141,0,1,A,0
S06564,U4572,2025-02-15,2025-02,2025-W06,Organic,Desktop,/services,1,136,0,1,A,0
S06565,U4573,2025-02-15,2025-02,2025-W06,Organic,Mobile,/pricing,2,131,0,1,A,0
S06566,U4574,2025-02-15,2025-02,2025-W06,Direct,Desktop,/,4,326,0,1,A,0
S06567,U4575,2025-02-15,2025-02,2025-W06,Organic,Mobile,/,1,81,0,1,B,0
S06568,U4576,2025-02-15,2025-02,2025-W06,Organic,Mobile,/,4,164,0,1,A,0
S06569,U4577,2025-02-15,2025-02,2025-W06,Organic,Tablet,/,2,159,0,1,A,0
S06570,U4578,2025-02-15,2025-02,2025-W06,Organic,Mobile,/,3,184,0,1,B,0
S06571,U4579,2025-02-15,2025-02,2025-W06,Direct,Mobile,/contact,3,159,0,1,B,0
S06572,U4387,2025-02-15,2025-02,2025-W06,Organic,Desktop,/,3,94,0,0,B,0
S06573,U0945,2025-02-15,2025-02,2025-W06,Direct,Desktop,/tutors,3,353,0,0,B,0
S06574,U0441,2025-02-15,2025-02,2025-W06,Direct,Mobile,/about,3,77,0,0,A,0
S06575,U4580,2025-02-16,2025-02,2025-W06,Social,Mobile,/services,2,305,0,1,A,0
S06576,U3927,2025-02-16,2025-02,2025-W06,Organic,Desktop,/contact,1,192,0,0,B,0
S06577,U4581,2025-02-16,2025-02,2025-W06,Organic,Desktop,/contact,3,246,0,1,A,0
S06578,U4582,2025-02-16,2025-02,2025-W06,Email,Mobile,/,4,276,0,1,A,1
S06579,U1899,2025-02-16,2025-02,2025-W06,Organic,Mobile,/,3,821,0,0,A,0
S06580,U0416,2025-02-16,2025-02,2025-W06,Organic,Desktop,/contact,2,513,0,0,B,0
S06581,U4583,2025-02-16,2025-02,2025-W06,Paid,Mobile,/contact,1,62,0,1,B,0
S06582,U4525,2025-02-16,2025-02,2025-W06,Social,Desktop,/,4,206,0,0,A,0
S06583,U4584,2025-02-16,2025-02,2025-W06,Organic,Tablet,/services,1,152,0,1,A,0
S06584,U4497,2025-02-16,2025-02,2025-W06,Email,Desktop,/pricing,2,262,0,0,A,0
S06585,U3504,2025-02-16,2025-02,2025-W06,Direct,Desktop,/tutors,3,308,0,0,B,0
S06586,U4585,2025-02-16,2025-02,2025-W06,Organic,Desktop,/about,2,325,0,1,A,0
S06587,U4586,2025-02-16,2025-02,2025-W06,Direct,Mobile,/contact,3,234,0,1,B,0
S06588,U1211,2025-02-16,2025-02,2025-W06,Direct,Mobile,/pricing,8,851,0,0,B,0
S06589,U4479,2025-02-16,2025-02,2025-W06,Organic,Mobile,/services,2,489,0,0,B,0
S06590,U4587,2025-02-16,2025-02,2025-W06,Email,Desktop,/pricing,6,68,0,1,A,0
S06591,U4588,2025-02-16,2025-02,2025-W06,Email,Mobile,/services,6,159,0,1,B,0
S06592,U4589,2025-02-16,2025-02,2025-W06,Direct,Mobile,/,6,280,0,1,B,1
S06593,U0224,2025-02-16,2025-02,2025-W06,Direct,Mobile,/tutors,5,29,0,0,B,0
S06594,U4590,2025-02-16,2025-02,2025-W06,Direct,Mobile,/pricing,1,54,0,1,A,0
S06595,U4591,2025-02-16,2025-02,2025-W06,Organic,Mobile,/,3,170,0,1,B,0
S06596,U0665,2025-02-16,2025-02,2025-W06,Organic,Mobile,/,6,181,0,0,A,0
S06597,U0805,2025-02-16,2025-02,2025-W06,Organic,Mobile,/pricing,3,219,0,0,B,0
S06598,U4592,2025-02-16,2025-02,2025-W06,Organic,Desktop,/,3,196,0,1,B,0
S06599,U0212,2025-02-16,2025-02,2025-W06,Organic,Desktop,/,4,225,0,0,A,0
S06600,U4593,2025-02-16,2025-02,2025-W06,Organic,Tablet,/,5,130,0,1,A,0
S06601,U4594,2025-02-16,2025-02,2025-W06,Email,Mobile,/,4,204,0,1,B,0
S06602,U4595,2025-02-16,2025-02,2025-W06,Organic,Desktop,/contact,3,466,0,1,A,0
S06603,U1305,2025-02-16,2025-02,2025-W06,Organic,Mobile,/,4,222,0,0,A,0
S06604,U4596,2025-02-16,2025-02,2025-W06,Organic,Desktop,/contact,2,98,0,1,A,0
S06605,U4597,2025-02-16,2025-02,2025-W06,Direct,Desktop,/,4,129,0,1,A,0
S06606,U4598,2025-02-16,2025-02,2025-W06,Organic,Mobile,/about,4,212,0,1,B,0
S06607,U1440,2025-02-16,2025-02,2025-W06,Organic,Mobile,/pricing,5,86,0,0,B,0
S06608,U0348,2025-02-16,2025-02,2025-W06,Organic,Mobile,/,5,115,0,0,A,0
S06609,U4599,2025-02-16,2025-02,2025-W06,Direct,Desktop,/about,4,80,0,1,B,0
S06610,U4600,2025-02-16,2025-02,2025-W06,Organic,Tablet,/,2,264,0,1,A,1
S06611,U2141,2025-02-16,2025-02,2025-W06,Social,Desktop,/pricing,3,1156,0,0,A,0
S06612,U4601,2025-02-16,2025-02,2025-W06,Social,Desktop,/,2,250,0,1,A,0
S06613,U4227,2025-02-16,2025-02,2025-W06,Organic,Desktop,/tutors,5,159,0,0,A,0
S06614,U3095,2025-02-16,2025-02,2025-W06,Paid,Mobile,/pricing,3,48,0,0,B,0
S06615,U1223,2025-02-16,2025-02,2025-W06,Organic,Desktop,/services,3,120,0,0,B,0
S06616,U4602,2025-02-16,2025-02,2025-W06,Social,Desktop,/,3,148,0,1,A,0
S06617,U4603,2025-02-16,2025-02,2025-W06,Organic,Desktop,/services,6,203,0,1,A,1
S06618,U4604,2025-02-16,2025-02,2025-W06,Email,Mobile,/pricing,2,42,0,1,B,0
S06619,U4605,2025-02-16,2025-02,2025-W06,Social,Desktop,/tutors,7,197,0,1,B,0
S06620,U4606,2025-02-16,2025-02,2025-W06,Paid,Desktop,/,5,185,0,1,B,1
S06621,U4607,2025-02-16,2025-02,2025-W06,Organic,Desktop,/contact,1,125,0,1,A,0
S06622,U4574,2025-02-16,2025-02,2025-W06,Direct,Mobile,/,6,120,0,0,A,0
S06623,U4608,2025-02-16,2025-02,2025-W06,Direct,Desktop,/,1,532,0,1,B,0
S06624,U4609,2025-02-16,2025-02,2025-W06,Paid,Desktop,/services,3,168,0,1,B,0
S06625,U4610,2025-02-16,2025-02,2025-W06,Social,Desktop,/,3,43,0,1,A,0
S06626,U4611,2025-02-16,2025-02,2025-W06,Organic,Desktop,/,5,336,0,1,B,0
S06627,U0385,2025-02-16,2025-02,2025-W06,Email,Desktop,/,2,50,0,0,A,0
S06628,U4612,2025-02-16,2025-02,2025-W06,Organic,Tablet,/about,2,305,0,1,B,0
S06629,U4613,2025-02-16,2025-02,2025-W06,Direct,Desktop,/,4,344,0,1,A,0
S06630,U4614,2025-02-16,2025-02,2025-W06,Organic,Desktop,/,3,268,0,1,A,0
S06631,U2119,2025-02-16,2025-02,2025-W06,Social,Mobile,/services,4,125,0,0,B,0
S06632,U4615,2025-02-16,2025-02,2025-W06,Organic,Mobile,/,6,36,0,1,A,0
S06633,U4616,2025-02-16,2025-02,2025-W06,Direct,Mobile,/pricing,2,422,0,1,B,0
S06634,U1589,2025-02-16,2025-02,2025-W06,Social,Desktop,/,1,315,0,0,B,0
S06635,U4617,2025-02-16,2025-02,2025-W06,Organic,Mobile,/,3,233,0,1,A,0
S06636,U2194,2025-02-16,2025-02,2025-W06,Social,Mobile,/,5,242,0,0,A,0
S06637,U4618,2025-02-16,2025-02,2025-W06,Direct,Desktop,/,6,567,0,1,B,0
S06638,U4619,2025-02-16,2025-02,2025-W06,Paid,Mobile,/services,3,261,0,1,B,0
S06639,U4620,2025-02-16,2025-02,2025-W06,Email,Mobile,/tutors,1,137,0,1,B,0
S06640,U4621,2025-02-17,2025-02,2025-W07,Organic,Mobile,/contact,2,523,0,1,B,0
S06641,U4622,2025-02-17,2025-02,2025-W07,Organic,Mobile,/,7,498,0,1,A,0
S06642,U3439,2025-02-17,2025-02,2025-W07,Direct,Desktop,/services,3,177,0,0,A,0
S06643,U4329,2025-02-17,2025-02,2025-W07,Social,Mobile,/about,6,74,0,0,B,0
S06644,U2064,2025-02-17,2025-02,2025-W07,Organic,Mobile,/pricing,3,96,0,0,B,0
S06645,U4623,2025-02-17,2025-02,2025-W07,Organic,Desktop,/services,1,207,0,1,A,0
S06646,U3194,2025-02-17,2025-02,2025-W07,Direct,Desktop,/,5,345,0,0,A,0
S06647,U4624,2025-02-17,2025-02,2025-W07,Paid,Desktop,/pricing,3,61,0,1,A,0
S06648,U0347,2025-02-17,2025-02,2025-W07,Direct,Desktop,/about,5,585,0,0,B,0
S06649,U4625,2025-02-17,2025-02,2025-W07,Organic,Desktop,/,2,642,0,1,B,0
S06650,U4626,2025-02-17,2025-02,2025-W07,Organic,Mobile,/pricing,3,126,0,1,B,0
S06651,U1571,2025-02-17,2025-02,2025-W07,Organic,Desktop,/services,4,192,0,0,A,0
S06652,U4627,2025-02-17,2025-02,2025-W07,Direct,Mobile,/contact,3,159,0,1,A,1
S06653,U3091,2025-02-17,2025-02,2025-W07,Email,Mobile,/services,2,177,0,0,B,0
S06654,U4628,2025-02-17,2025-02,2025-W07,Organic,Desktop,/services,3,145,0,1,B,0
S06655,U4629,2025-02-17,2025-02,2025-W07,Email,Mobile,/,1,310,0,1,B,0
S06656,U4630,2025-02-17,2025-02,2025-W07,Organic,Desktop,/,5,946,0,1,A,0
S06657,U1851,2025-02-17,2025-02,2025-W07,Email,Mobile,/services,7,59,0,0,B,0
S06658,U4631,2025-02-17,2025-02,2025-W07,Organic,Desktop,/,2,319,0,1,A,0
S06659,U4632,2025-02-17,2025-02,2025-W07,Direct,Mobile,/tutors,3,322,0,1,A,0
S06660,U4633,2025-02-17,2025-02,2025-W07,Direct,Desktop,/services,1,271,0,1,A,0
S06661,U4634,2025-02-17,2025-02,2025-W07,Organic,Tablet,/tutors,4,206,0,1,B,0
S06662,U4635,2025-02-17,2025-02,2025-W07,Organic,Mobile,/about,1,270,0,1,A,0
S06663,U4636,2025-02-17,2025-02,2025-W07,Social,Mobile,/,2,319,0,1,B,1
S06664,U4637,2025-02-17,2025-02,2025-W07,Organic,Mobile,/pricing,1,434,0,1,B,0
S06665,U4638,2025-02-17,2025-02,2025-W07,Organic,Desktop,/services,3,72,0,1,B,0
S06666,U4639,2025-02-17,2025-02,2025-W07,Email,Tablet,/,3,153,0,1,A,0
S06667,U4640,2025-02-17,2025-02,2025-W07,Organic,Desktop,/services,3,314,0,1,A,0
S06668,U4641,2025-02-17,2025-02,2025-W07,Direct,Desktop,/tutors,2,88,0,1,A,0
S06669,U4642,2025-02-17,2025-02,2025-W07,Social,Desktop,/about,5,1026,0,1,A,0
S06670,U4643,2025-02-17,2025-02,2025-W07,Social,Tablet,/services,1,427,0,1,A,0
S06671,U0838,2025-02-17,2025-02,2025-W07,Organic,Mobile,/tutors,5,145,0,0,A,0
S06672,U4644,2025-02-17,2025-02,2025-W07,Direct,Desktop,/,3,51,0,1,A,0
S06673,U4645,2025-02-17,2025-02,2025-W07,Email,Desktop,/,4,467,0,1,B,0
S06674,U0396,2025-02-17,2025-02,2025-W07,Email,Tablet,/services,6,266,0,0,B,0
S06675,U0749,2025-02-17,2025-02,2025-W07,Organic,Mobile,/,4,636,0,0,B,0
S06676,U1776,2025-02-17,2025-02,2025-W07,Email,Desktop,/tutors,2,26,0,0,A,0
S06677,U4646,2025-02-17,2025-02,2025-W07,Email,Mobile,/about,2,178,0,1,B,0
S06678,U3332,2025-02-17,2025-02,2025-W07,Paid,Tablet,/,4,200,0,0,A,0
S06679,U4647,2025-02-17,2025-02,2025-W07,Direct,Desktop,/tutors,1,229,0,1,B,0
S06680,U4648,2025-02-17,2025-02,2025-W07,Direct,Desktop,/contact,5,256,0,1,A,0
S06681,U4649,2025-02-17,2025-02,2025-W07,Social,Desktop,/,4,114,0,1,B,0
S06682,U4650,2025-02-17,2025-02,2025-W07,Social,Mobile,/,3,268,0,1,A,0
S06683,U4651,2025-02-17,2025-02,2025-W07,Direct,Desktop,/services,1,51,0,1,B,0
S06684,U4652,2025-02-17,2025-02,2025-W07,Organic,Mobile,/,3,383,0,1,B,0
S06685,U4653,2025-02-17,2025-02,2025-W07,Email,Mobile,/about,11,47,0,1,A,0
S06686,U1515,2025-02-17,2025-02,2025-W07,Organic,Desktop,/tutors,4,111,0,0,A,0
S06687,U0241,2025-02-17,2025-02,2025-W07,Direct,Desktop,/pricing,6,195,0,0,A,0
S06688,U4654,2025-02-17,2025-02,2025-W07,Direct,Mobile,/,1,246,0,1,B,0
S06689,U4655,2025-02-17,2025-02,2025-W07,Organic,Desktop,/services,5,410,0,1,A,0
S06690,U4656,2025-02-17,2025-02,2025-W07,Direct,Desktop,/,1,176,0,1,B,1
S06691,U4657,2025-02-17,2025-02,2025-W07,Paid,Tablet,/pricing,3,160,0,1,A,0
S06692,U4658,2025-02-17,2025-02,2025-W07,Paid,Mobile,/,4,284,0,1,B,0
S06693,U4659,2025-02-17,2025-02,2025-W07,Email,Desktop,/,1,148,0,1,A,0
S06694,U4660,2025-02-17,2025-02,2025-W07,Social,Mobile,/tutors,6,101,0,1,B,0
S06695,U4661,2025-02-17,2025-02,2025-W07,Organic,Desktop,/services,3,162,0,1,A,0
S06696,U4662,2025-02-17,2025-02,2025-W07,Organic,Mobile,/services,4,97,0,1,A,0
S06697,U4663,2025-02-17,2025-02,2025-W07,Social,Desktop,/tutors,1,36,0,1,B,0
S06698,U4664,2025-02-17,2025-02,2025-W07,Email,Mobile,/about,2,842,0,1,A,0
S06699,U0581,2025-02-17,2025-02,2025-W07,Direct,Mobile,/about,3,134,0,0,B,0
S06700,U4665,2025-02-18,2025-02,2025-W07,Organic,Desktop,/pricing,6,140,0,1,A,0
S06701,U4666,2025-02-18,2025-02,2025-W07,Email,Mobile,/,2,105,0,1,A,1
S06702,U1896,2025-02-18,2025-02,2025-W07,Direct,Desktop,/,3,53,0,0,B,0
S06703,U4667,2025-02-18,2025-02,2025-W07,Email,Desktop,/contact,7,746,0,1,A,0
S06704,U4668,2025-02-18,2025-02,2025-W07,Organic,Desktop,/,4,144,0,1,A,0
S06705,U4669,2025-02-18,2025-02,2025-W07,Organic,Mobile,/pricing,2,135,0,1,A,0
S06706,U4670,2025-02-18,2025-02,2025-W07,Organic,Desktop,/contact,3,646,0,1,B,0
S06707,U4671,2025-02-18,2025-02,2025-W07,Direct,Mobile,/tutors,3,104,0,1,B,0
S06708,U3697,2025-02-18,2025-02,2025-W07,Direct,Desktop,/pricing,4,418,0,0,B,0
S06709,U4672,2025-02-18,2025-02,2025-W07,Direct,Mobile,/,1,54,0,1,A,0
S06710,U0299,2025-02-18,2025-02,2025-W07,Organic,Desktop,/,1,126,0,0,A,0
S06711,U4673,2025-02-18,2025-02,2025-W07,Direct,Tablet,/about,3,151,0,1,A,0
S06712,U4674,2025-02-18,2025-02,2025-W07,Organic,Tablet,/services,5,171,0,1,B,0
S06713,U4675,2025-02-18,2025-02,2025-W07,Organic,Desktop,/pricing,4,28,0,1,B,0
S06714,U4676,2025-02-18,2025-02,2025-W07,Social,Desktop,/about,4,978,0,1,A,0
S06715,U4677,2025-02-18,2025-02,2025-W07,Organic,Mobile,/,6,109,0,1,A,0
S06716,U4678,2025-02-18,2025-02,2025-W07,Organic,Tablet,/about,3,196,0,1,A,0
S06717,U4679,2025-02-18,2025-02,2025-W07,Direct,Mobile,/about,3,104,0,1,A,0
S06718,U4680,2025-02-18,2025-02,2025-W07,Email,Mobile,/,2,75,0,1,B,1
S06719,U0148,2025-02-18,2025-02,2025-W07,Organic,Mobile,/pricing,1,19,1,0,A,0
S06720,U4681,2025-02-18,2025-02,2025-W07,Email,Mobile,/,7,337,0,1,B,0
S06721,U1665,2025-02-18,2025-02,2025-W07,Organic,Desktop,/,2,185,0,0,A,0
S06722,U4682,2025-02-18,2025-02,2025-W07,Organic,Mobile,/,3,411,0,1,A,0
S06723,U4683,2025-02-18,2025-02,2025-W07,Direct,Mobile,/services,5,222,0,1,B,0
S06724,U4684,2025-02-18,2025-02,2025-W07,Organic,Desktop,/pricing,1,306,0,1,B,0
S06725,U1744,2025-02-18,2025-02,2025-W07,Organic,Desktop,/pricing,3,172,0,0,A,0
S06726,U1791,2025-02-18,2025-02,2025-W07,Organic,Mobile,/pricing,2,236,0,0,B,0
S06727,U4685,2025-02-18,2025-02,2025-W07,Email,Mobile,/,2,277,0,1,A,1
S06728,U4686,2025-02-18,2025-02,2025-W07,Organic,Mobile,/,3,78,0,1,A,0
S06729,U4687,2025-02-18,2025-02,2025-W07,Direct,Desktop,/,2,57,0,1,A,0
S06730,U4688,2025-02-18,2025-02,2025-W07,Email,Desktop,/services,1,147,0,1,A,0
S06731,U4689,2025-02-18,2025-02,2025-W07,Organic,Mobile,/services,1,85,0,1,A,0
S06732,U1728,2025-02-18,2025-02,2025-W07,Organic,Desktop,/pricing,6,181,0,0,A,0
S06733,U4690,2025-02-18,2025-02,2025-W07,Direct,Desktop,/tutors,2,1342,0,1,B,0
S06734,U4691,2025-02-18,2025-02,2025-W07,Paid,Mobile,/tutors,2,112,0,1,B,0
S06735,U4692,2025-02-18,2025-02,2025-W07,Email,Desktop,/tutors,1,86,0,1,B,0
S06736,U4693,2025-02-18,2025-02,2025-W07,Paid,Mobile,/tutors,2,251,0,1,B,0
S06737,U4694,2025-02-18,2025-02,2025-W07,Organic,Mobile,/pricing,5,139,0,1,A,0
S06738,U4508,2025-02-18,2025-02,2025-W07,Organic,Desktop,/,1,96,0,0,B,0
S06739,U4695,2025-02-18,2025-02,2025-W07,Organic,Tablet,/,2,718,0,1,A,0
S06740,U3067,2025-02-18,2025-02,2025-W07,Social,Mobile,/tutors,3,105,0,0,A,0
S06741,U0840,2025-02-18,2025-02,2025-W07,Email,Desktop,/about,3,163,0,0,B,0
S06742,U4696,2025-02-18,2025-02,2025-W07,Email,Desktop,/pricing,4,56,0,1,B,0
S06743,U4697,2025-02-18,2025-02,2025-W07,Direct,Mobile,/services,7,125,0,1,B,1
S06744,U4698,2025-02-18,2025-02,2025-W07,Social,Desktop,/contact,2,231,0,1,A,0
S06745,U4699,2025-02-18,2025-02,2025-W07,Organic,Mobile,/services,3,468,0,1,A,0
S06746,U1490,2025-02-18,2025-02,2025-W07,Email,Desktop,/,2,146,0,0,B,0
S06747,U4700,2025-02-18,2025-02,2025-W07,Organic,Desktop,/services,5,181,0,1,A,0
S06748,U1357,2025-02-18,2025-02,2025-W07,Direct,Mobile,/about,1,184,0,0,B,0
S06749,U4701,2025-02-18,2025-02,2025-W07,Social,Desktop,/,5,493,0,1,A,0
S06750,U4702,2025-02-19,2025-02,2025-W07,Direct,Desktop,/tutors,5,380,0,1,B,0
S06751,U4703,2025-02-19,2025-02,2025-W07,Organic,Mobile,/services,4,127,0,1,B,0
S06752,U4704,2025-02-19,2025-02,2025-W07,Organic,Desktop,/pricing,4,67,0,1,B,0
S06753,U4705,2025-02-19,2025-02,2025-W07,Social,Desktop,/contact,2,159,0,1,B,0
S06754,U4706,2025-02-19,2025-02,2025-W07,Social,Tablet,/tutors,4,128,0,1,A,0
S06755,U4707,2025-02-19,2025-02,2025-W07,Email,Desktop,/about,2,191,0,1,A,0
S06756,U4708,2025-02-19,2025-02,2025-W07,Paid,Desktop,/contact,4,39,0,1,A,0
S06757,U4709,2025-02-19,2025-02,2025-W07,Direct,Mobile,/,7,506,0,1,B,0
S06758,U4710,2025-02-19,2025-02,2025-W07,Email,Desktop,/services,7,120,0,1,A,0
S06759,U4711,2025-02-19,2025-02,2025-W07,Organic,Desktop,/services,3,246,0,1,B,0
S06760,U4632,2025-02-19,2025-02,2025-W07,Organic,Desktop,/services,3,81,0,0,A,0
S06761,U4100,2025-02-19,2025-02,2025-W07,Email,Desktop,/tutors,5,112,0,0,A,0
S06762,U4712,2025-02-19,2025-02,2025-W07,Social,Desktop,/pricing,4,57,0,1,B,0
S06763,U4713,2025-02-19,2025-02,2025-W07,Social,Desktop,/tutors,3,182,0,1,A,0
S06764,U4714,2025-02-19,2025-02,2025-W07,Organic,Desktop,/contact,2,152,0,1,A,0
S06765,U4715,2025-02-19,2025-02,2025-W07,Direct,Mobile,/services,4,101,0,1,A,0
S06766,U1158,2025-02-19,2025-02,2025-W07,Organic,Desktop,/,4,89,0,0,B,0
S06767,U4716,2025-02-19,2025-02,2025-W07,Organic,Mobile,/services,5,237,0,1,B,0
S06768,U4717,2025-02-19,2025-02,2025-W07,Organic,Mobile,/contact,1,324,0,1,A,0
S06769,U4718,2025-02-19,2025-02,2025-W07,Direct,Desktop,/services,3,183,0,1,A,1
S06770,U4719,2025-02-19,2025-02,2025-W07,Social,Desktop,/services,1,76,0,1,A,0
S06771,U4720,2025-02-19,2025-02,2025-W07,Direct,Desktop,/services,2,136,0,1,A,0
S06772,U4721,2025-02-19,2025-02,2025-W07,Direct,Desktop,/,2,197,0,1,B,0
S06773,U4722,2025-02-19,2025-02,2025-W07,Organic,Mobile,/tutors,5,183,0,1,B,0
S06774,U4602,2025-02-19,2025-02,2025-W07,Organic,Mobile,/,5,106,0,0,A,0
S06775,U4723,2025-02-19,2025-02,2025-W07,Social,Mobile,/pricing,2,642,0,1,A,0
S06776,U2964,2025-02-19,2025-02,2025-W07,Social,Tablet,/services,1,134,0,0,B,0
S06777,U4724,2025-02-19,2025-02,2025-W07,Email,Mobile,/,1,101,0,1,A,0
S06778,U4725,2025-02-19,2025-02,2025-W07,Organic,Desktop,/contact,2,253,0,1,A,0
S06779,U2333,2025-02-19,2025-02,2025-W07,Direct,Desktop,/contact,1,366,0,0,B,0
S06780,U4726,2025-02-19,2025-02,2025-W07,Direct,Mobile,/,6,56,0,1,B,0
S06781,U4727,2025-02-19,2025-02,2025-W07,Organic,Desktop,/contact,1,135,0,1,B,0
S06782,U4639,2025-02-19,2025-02,2025-W07,Social,Mobile,/pricing,5,332,0,0,A,0
S06783,U4728,2025-02-19,2025-02,2025-W07,Direct,Tablet,/,4,440,0,1,B,0
S06784,U4729,2025-02-19,2025-02,2025-W07,Email,Mobile,/tutors,5,838,0,1,A,0
S06785,U4730,2025-02-19,2025-02,2025-W07,Organic,Desktop,/pricing,2,1204,0,1,A,0
S06786,U4731,2025-02-19,2025-02,2025-W07,Organic,Mobile,/services,3,205,0,1,B,0
S06787,U4511,2025-02-19,2025-02,2025-W07,Organic,Desktop,/pricing,3,468,0,0,A,0
S06788,U4732,2025-02-19,2025-02,2025-W07,Paid,Mobile,/,2,238,0,1,A,0
S06789,U1775,2025-02-19,2025-02,2025-W07,Email,Desktop,/,1,82,0,0,A,1
S06790,U4733,2025-02-19,2025-02,2025-W07,Organic,Desktop,/services,2,127,0,1,B,0
S06791,U4734,2025-02-19,2025-02,2025-W07,Email,Mobile,/pricing,2,269,0,1,B,0
S06792,U1559,2025-02-19,2025-02,2025-W07,Organic,Desktop,/tutors,3,38,0,0,B,0
S06793,U4735,2025-02-19,2025-02,2025-W07,Social,Desktop,/,3,427,0,1,A,0
S06794,U4736,2025-02-19,2025-02,2025-W07,Social,Desktop,/,5,240,0,1,A,0
S06795,U4737,2025-02-19,2025-02,2025-W07,Organic,Mobile,/about,7,263,0,1,B,0
S06796,U4738,2025-02-19,2025-02,2025-W07,Organic,Desktop,/services,1,326,0,1,B,0
S06797,U4739,2025-02-19,2025-02,2025-W07,Direct,Mobile,/pricing,2,330,0,1,B,0
S06798,U4740,2025-02-19,2025-02,2025-W07,Email,Mobile,/services,4,328,0,1,A,0
S06799,U4741,2025-02-19,2025-02,2025-W07,Direct,Desktop,/services,4,1032,0,1,B,0
S06800,U4742,2025-02-19,2025-02,2025-W07,Direct,Mobile,/,4,126,0,1,B,0
S06801,U4743,2025-02-19,2025-02,2025-W07,Social,Desktop,/services,5,188,0,1,B,1
S06802,U4744,2025-02-19,2025-02,2025-W07,Organic,Desktop,/contact,4,60,0,1,A,0
S06803,U4745,2025-02-19,2025-02,2025-W07,Paid,Mobile,/tutors,1,47,0,1,B,0
S06804,U4746,2025-02-19,2025-02,2025-W07,Direct,Mobile,/services,3,685,0,1,A,0
S06805,U3172,2025-02-19,2025-02,2025-W07,Organic,Desktop,/,2,392,0,0,A,0
S06806,U1584,2025-02-19,2025-02,2025-W07,Direct,Desktop,/services,1,213,0,0,A,0
S06807,U4747,2025-02-19,2025-02,2025-W07,Organic,Mobile,/tutors,3,122,0,1,B,0
S06808,U4748,2025-02-19,2025-02,2025-W07,Organic,Desktop,/,5,206,0,1,B,1
S06809,U4324,2025-02-19,2025-02,2025-W07,Social,Mobile,/tutors,3,204,0,0,B,0
S06810,U4749,2025-02-19,2025-02,2025-W07,Email,Desktop,/tutors,2,133,0,1,B,1
S06811,U4750,2025-02-19,2025-02,2025-W07,Direct,Desktop,/contact,2,143,0,1,A,0
S06812,U4751,2025-02-19,2025-02,2025-W07,Organic,Desktop,/services,4,311,0,1,B,1
S06813,U4752,2025-02-19,2025-02,2025-W07,Organic,Tablet,/,4,141,0,1,B,0
S06814,U4753,2025-02-19,2025-02,2025-W07,Organic,Mobile,/tutors,2,67,0,1,A,0
S06815,U4754,2025-02-19,2025-02,2025-W07,Organic,Desktop,/services,4,106,0,1,B,0
S06816,U4755,2025-02-19,2025-02,2025-W07,Direct,Desktop,/services,2,197,0,1,B,0
S06817,U4756,2025-02-19,2025-02,2025-W07,Email,Desktop,/services,8,41,0,1,B,0
S06818,U0138,2025-02-19,2025-02,2025-W07,Email,Desktop,/,2,253,0,0,A,0
S06819,U4757,2025-02-20,2025-02,2025-W07,Social,Mobile,/services,3,223,0,1,B,0
S06820,U4758,2025-02-20,2025-02,2025-W07,Organic,Mobile,/services,1,117,0,1,A,0
S06821,U4759,2025-02-20,2025-02,2025-W07,Social,Desktop,/,8,57,0,1,B,0
S06822,U4760,2025-02-20,2025-02,2025-W07,Social,Mobile,/,2,39,0,1,A,0
S06823,U4761,2025-02-20,2025-02,2025-W07,Organic,Desktop,/contact,3,1500,0,1,B,0
S06824,U0160,2025-02-20,2025-02,2025-W07,Email,Mobile,/,2,277,0,0,A,0
S06825,U4032,2025-02-20,2025-02,2025-W07,Social,Mobile,/tutors,7,302,0,0,A,0
S06826,U4762,2025-02-20,2025-02,2025-W07,Direct,Desktop,/,5,52,0,1,B,0
S06827,U4763,2025-02-20,2025-02,2025-W07,Organic,Desktop,/,4,123,0,1,A,0
S06828,U4764,2025-02-20,2025-02,2025-W07,Direct,Desktop,/pricing,2,154,0,1,A,0
S06829,U2159,2025-02-20,2025-02,2025-W07,Direct,Mobile,/services,5,403,0,0,B,1
S06830,U4765,2025-02-20,2025-02,2025-W07,Organic,Mobile,/,3,208,0,1,B,0
S06831,U1600,2025-02-20,2025-02,2025-W07,Paid,Desktop,/contact,8,110,0,0,B,0
S06832,U4766,2025-02-20,2025-02,2025-W07,Organic,Desktop,/about,3,370,0,1,A,0
S06833,U2574,2025-02-20,2025-02,2025-W07,Direct,Desktop,/tutors,2,413,0,0,A,0
S06834,U4767,2025-02-20,2025-02,2025-W07,Direct,Desktop,/,3,643,0,1,B,0
S06835,U4768,2025-02-20,2025-02,2025-W07,Organic,Desktop,/,2,1226,0,1,B,0
S06836,U4769,2025-02-20,2025-02,2025-W07,Social,Mobile,/tutors,3,147,0,1,A,0
S06837,U4770,2025-02-20,2025-02,2025-W07,Direct,Mobile,/pricing,3,168,0,1,A,0
S06838,U4771,2025-02-20,2025-02,2025-W07,Organic,Mobile,/tutors,2,68,0,1,A,0
S06839,U4772,2025-02-20,2025-02,2025-W07,Organic,Desktop,/pricing,4,258,0,1,A,0
S06840,U3112,2025-02-20,2025-02,2025-W07,Organic,Desktop,/pricing,1,309,0,0,B,0
S06841,U4773,2025-02-20,2025-02,2025-W07,Organic,Desktop,/,1,561,0,1,B,0
S06842,U4774,2025-02-20,2025-02,2025-W07,Direct,Desktop,/,3,58,0,1,B,0
S06843,U4062,2025-02-20,2025-02,2025-W07,Organic,Desktop,/,4,132,0,0,B,0
S06844,U4775,2025-02-20,2025-02,2025-W07,Organic,Mobile,/services,6,540,0,1,A,0
S06845,U3666,2025-02-20,2025-02,2025-W07,Direct,Mobile,/services,3,144,0,0,A,0
S06846,U4776,2025-02-20,2025-02,2025-W07,Organic,Desktop,/,4,277,0,1,B,0
S06847,U0403,2025-02-20,2025-02,2025-W07,Direct,Mobile,/tutors,1,290,0,0,B,0
S06848,U4742,2025-02-20,2025-02,2025-W07,Organic,Tablet,/services,5,770,0,0,B,0
S06849,U3241,2025-02-20,2025-02,2025-W07,Social,Desktop,/services,1,1178,0,0,A,0
S06850,U0775,2025-02-20,2025-02,2025-W07,Direct,Desktop,/,3,166,0,0,B,0
S06851,U0434,2025-02-20,2025-02,2025-W07,Direct,Desktop,/about,3,142,0,0,B,0
S06852,U2050,2025-02-20,2025-02,2025-W07,Direct,Desktop,/tutors,7,623,0,0,A,0
S06853,U4777,2025-02-20,2025-02,2025-W07,Organic,Desktop,/,2,116,0,1,B,0
S06854,U4778,2025-02-20,2025-02,2025-W07,Email,Mobile,/services,6,489,0,1,B,0
S06855,U4779,2025-02-20,2025-02,2025-W07,Social,Desktop,/contact,4,107,0,1,B,0
S06856,U4780,2025-02-20,2025-02,2025-W07,Direct,Desktop,/,1,995,0,1,B,0
S06857,U1323,2025-02-20,2025-02,2025-W07,Direct,Desktop,/,6,457,0,0,B,0
S06858,U4781,2025-02-20,2025-02,2025-W07,Email,Desktop,/services,2,63,0,1,B,0
S06859,U4782,2025-02-20,2025-02,2025-W07,Social,Mobile,/pricing,2,56,0,1,B,0
S06860,U1585,2025-02-20,2025-02,2025-W07,Email,Desktop,/tutors,3,181,0,0,A,0
S06861,U4783,2025-02-20,2025-02,2025-W07,Direct,Desktop,/services,7,425,0,1,B,0
S06862,U4784,2025-02-20,2025-02,2025-W07,Organic,Desktop,/,5,280,0,1,A,0
S06863,U4785,2025-02-20,2025-02,2025-W07,Direct,Tablet,/tutors,3,265,0,1,B,0
S06864,U4786,2025-02-20,2025-02,2025-W07,Organic,Mobile,/tutors,2,296,0,1,B,0
S06865,U4787,2025-02-20,2025-02,2025-W07,Organic,Tablet,/tutors,4,686,0,1,B,0
S06866,U4419,2025-02-20,2025-02,2025-W07,Social,Mobile,/services,2,88,0,0,A,0
S06867,U4222,2025-02-20,2025-02,2025-W07,Direct,Tablet,/,1,39,0,0,A,0
S06868,U4788,2025-02-20,2025-02,2025-W07,Direct,Desktop,/tutors,8,142,0,1,B,0
S06869,U1876,2025-02-20,2025-02,2025-W07,Organic,Mobile,/,1,229,0,0,A,0
S06870,U4789,2025-02-20,2025-02,2025-W07,Organic,Desktop,/,4,1094,0,1,B,0
S06871,U4790,2025-02-20,2025-02,2025-W07,Paid,Mobile,/services,3,128,0,1,B,0
S06872,U4791,2025-02-20,2025-02,2025-W07,Social,Desktop,/services,3,96,0,1,A,0
S06873,U4792,2025-02-20,2025-02,2025-W07,Organic,Desktop,/,3,288,0,1,B,0
S06874,U3919,2025-02-20,2025-02,2025-W07,Direct,Desktop,/,3,155,0,0,B,0
S06875,U4793,2025-02-20,2025-02,2025-W07,Organic,Desktop,/services,1,109,0,1,B,0
S06876,U3319,2025-02-20,2025-02,2025-W07,Email,Desktop,/pricing,2,177,0,0,A,0
S06877,U4794,2025-02-20,2025-02,2025-W07,Organic,Mobile,/,2,111,0,1,B,0
S06878,U0019,2025-02-20,2025-02,2025-W07,Direct,Desktop,/,4,69,0,0,A,0
S06879,U1401,2025-02-20,2025-02,2025-W07,Organic,Desktop,/,1,177,0,0,B,0
S06880,U4795,2025-02-20,2025-02,2025-W07,Organic,Desktop,/,5,116,0,1,A,0
S06881,U3223,2025-02-21,2025-02,2025-W07,Paid,Mobile,/tutors,4,691,0,0,B,0
S06882,U4796,2025-02-21,2025-02,2025-W07,Organic,Mobile,/tutors,2,132,0,1,A,1
S06883,U4797,2025-02-21,2025-02,2025-W07,Paid,Mobile,/about,2,88,0,1,B,0
S06884,U4798,2025-02-21,2025-02,2025-W07,Email,Mobile,/,4,159,0,1,B,0
S06885,U4799,2025-02-21,2025-02,2025-W07,Organic,Desktop,/,3,682,0,1,B,0
S06886,U1428,2025-02-21,2025-02,2025-W07,Organic,Desktop,/contact,4,192,0,0,A,0
S06887,U4800,2025-02-21,2025-02,2025-W07,Organic,Mobile,/pricing,2,154,0,1,B,0
S06888,U4801,2025-02-21,2025-02,2025-W07,Social,Mobile,/,3,299,0,1,A,0
S06889,U4802,2025-02-21,2025-02,2025-W07,Social,Mobile,/,3,286,0,1,A,0
S06890,U4803,2025-02-21,2025-02,2025-W07,Direct,Mobile,/,5,284,0,1,A,0
S06891,U3523,2025-02-21,2025-02,2025-W07,Direct,Desktop,/services,3,733,0,0,A,0
S06892,U4804,2025-02-21,2025-02,2025-W07,Paid,Desktop,/services,3,168,0,1,A,0
S06893,U4805,2025-02-21,2025-02,2025-W07,Email,Mobile,/,5,154,0,1,A,0
S06894,U0310,2025-02-21,2025-02,2025-W07,Organic,Desktop,/pricing,7,100,0,0,A,0
S06895,U4806,2025-02-21,2025-02,2025-W07,Direct,Desktop,/pricing,3,205,0,1,B,0
S06896,U4807,2025-02-21,2025-02,2025-W07,Direct,Desktop,/about,3,18,0,1,A,0
S06897,U4808,2025-02-21,2025-02,2025-W07,Paid,Desktop,/pricing,5,247,0,1,B,0
S06898,U4809,2025-02-21,2025-02,2025-W07,Organic,Tablet,/,3,731,0,1,B,0
S06899,U2391,2025-02-21,2025-02,2025-W07,Direct,Mobile,/,3,25,0,0,B,0
S06900,U2767,2025-02-21,2025-02,2025-W07,Email,Desktop,/services,5,652,0,0,B,0
S06901,U4810,2025-02-21,2025-02,2025-W07,Social,Tablet,/about,5,81,0,1,A,0
S06902,U0689,2025-02-21,2025-02,2025-W07,Organic,Desktop,/,3,140,0,0,B,0
S06903,U4811,2025-02-21,2025-02,2025-W07,Social,Desktop,/,3,62,0,1,B,0
S06904,U4812,2025-02-21,2025-02,2025-W07,Organic,Mobile,/tutors,3,102,0,1,B,0
S06905,U4813,2025-02-21,2025-02,2025-W07,Organic,Mobile,/about,8,112,0,1,A,0
S06906,U4814,2025-02-21,2025-02,2025-W07,Paid,Desktop,/contact,2,185,0,1,B,0
S06907,U4457,2025-02-21,2025-02,2025-W07,Organic,Mobile,/pricing,4,317,0,0,B,0
S06908,U4815,2025-02-21,2025-02,2025-W07,Email,Desktop,/,4,55,0,1,B,0
S06909,U4816,2025-02-21,2025-02,2025-W07,Organic,Tablet,/services,1,205,0,1,A,0
S06910,U3703,2025-02-21,2025-02,2025-W07,Paid,Desktop,/pricing,5,278,0,0,A,0
S06911,U4817,2025-02-21,2025-02,2025-W07,Organic,Desktop,/about,2,352,0,1,A,0
S06912,U3780,2025-02-21,2025-02,2025-W07,Social,Mobile,/,4,185,0,0,B,0
S06913,U4818,2025-02-21,2025-02,2025-W07,Email,Mobile,/,1,21,1,1,A,0
S06914,U4708,2025-02-21,2025-02,2025-W07,Direct,Desktop,/,5,257,0,0,A,0
S06915,U4819,2025-02-21,2025-02,2025-W07,Email,Desktop,/services,6,112,0,1,B,0
S06916,U1061,2025-02-21,2025-02,2025-W07,Social,Desktop,/pricing,9,131,0,0,A,0
S06917,U4820,2025-02-21,2025-02,2025-W07,Organic,Desktop,/contact,2,690,0,1,A,0
S06918,U4821,2025-02-21,2025-02,2025-W07,Direct,Desktop,/,1,87,0,1,B,0
S06919,U4822,2025-02-21,2025-02,2025-W07,Paid,Tablet,/tutors,2,1018,0,1,A,0
S06920,U1526,2025-02-21,2025-02,2025-W07,Social,Mobile,/,5,255,0,0,B,0
S06921,U4823,2025-02-21,2025-02,2025-W07,Paid,Desktop,/,2,50,0,1,A,0
S06922,U4824,2025-02-21,2025-02,2025-W07,Organic,Desktop,/,2,692,0,1,B,0
S06923,U4825,2025-02-21,2025-02,2025-W07,Email,Desktop,/tutors,2,174,0,1,A,0
S06924,U4826,2025-02-21,2025-02,2025-W07,Organic,Mobile,/services,3,367,0,1,B,0
S06925,U4827,2025-02-21,2025-02,2025-W07,Direct,Mobile,/pricing,4,187,0,1,A,0
S06926,U4828,2025-02-21,2025-02,2025-W07,Direct,Desktop,/pricing,2,108,0,1,A,1
S06927,U4829,2025-02-21,2025-02,2025-W07,Direct,Desktop,/,5,56,0,1,B,0
S06928,U4830,2025-02-21,2025-02,2025-W07,Direct,Desktop,/,6,399,0,1,B,0
S06929,U4831,2025-02-21,2025-02,2025-W07,Social,Desktop,/services,3,61,0,1,B,0
S06930,U1496,2025-02-21,2025-02,2025-W07,Organic,Mobile,/services,2,190,0,0,B,0
S06931,U4832,2025-02-21,2025-02,2025-W07,Email,Tablet,/,5,79,0,1,A,0
S06932,U2892,2025-02-21,2025-02,2025-W07,Email,Tablet,/,3,132,0,0,B,0
S06933,U4833,2025-02-22,2025-02,2025-W07,Direct,Desktop,/,3,263,0,1,A,0
S06934,U1091,2025-02-22,2025-02,2025-W07,Email,Mobile,/pricing,2,21,0,0,B,0
S06935,U4834,2025-02-22,2025-02,2025-W07,Email,Mobile,/tutors,3,106,0,1,A,0
S06936,U4835,2025-02-22,2025-02,2025-W07,Direct,Desktop,/services,4,87,0,1,B,0
S06937,U1594,2025-02-22,2025-02,2025-W07,Social,Desktop,/services,2,264,0,0,B,0
S06938,U4836,2025-02-22,2025-02,2025-W07,Organic,Desktop,/pricing,5,226,0,1,A,0
S06939,U3317,2025-02-22,2025-02,2025-W07,Direct,Mobile,/services,1,77,0,0,A,0
S06940,U2686,2025-02-22,2025-02,2025-W07,Direct,Desktop,/tutors,5,107,0,0,A,0
S06941,U4837,2025-02-22,2025-02,2025-W07,Social,Desktop,/pricing,3,133,0,1,A,0
S06942,U4838,2025-02-22,2025-02,2025-W07,Organic,Desktop,/pricing,2,113,0,1,B,0
S06943,U4839,2025-02-22,2025-02,2025-W07,Organic,Mobile,/,3,210,0,1,A,0
S06944,U4840,2025-02-22,2025-02,2025-W07,Organic,Mobile,/pricing,4,94,0,1,A,0
S06945,U4841,2025-02-22,2025-02,2025-W07,Paid,Desktop,/tutors,5,143,0,1,A,0
S06946,U4842,2025-02-22,2025-02,2025-W07,Paid,Mobile,/,8,183,0,1,B,0
S06947,U4843,2025-02-22,2025-02,2025-W07,Email,Mobile,/services,2,90,0,1,A,0
S06948,U4133,2025-02-22,2025-02,2025-W07,Email,Desktop,/tutors,1,167,0,0,B,1
S06949,U4844,2025-02-22,2025-02,2025-W07,Direct,Mobile,/pricing,3,380,0,1,A,0
S06950,U4012,2025-02-22,2025-02,2025-W07,Direct,Mobile,/about,2,122,0,0,A,0
S06951,U4845,2025-02-22,2025-02,2025-W07,Organic,Desktop,/tutors,4,440,0,1,A,0
S06952,U4846,2025-02-22,2025-02,2025-W07,Email,Mobile,/pricing,4,211,0,1,A,1
S06953,U4847,2025-02-22,2025-02,2025-W07,Paid,Desktop,/about,4,544,0,1,A,0
S06954,U4848,2025-02-22,2025-02,2025-W07,Organic,Tablet,/tutors,2,280,0,1,A,0
S06955,U1591,2025-02-22,2025-02,2025-W07,Direct,Desktop,/services,5,287,0,0,A,0
S06956,U4849,2025-02-22,2025-02,2025-W07,Email,Desktop,/pricing,4,188,0,1,A,0
S06957,U4850,2025-02-22,2025-02,2025-W07,Organic,Mobile,/contact,3,13,0,1,B,0
S06958,U0928,2025-02-22,2025-02,2025-W07,Organic,Mobile,/,4,97,0,0,A,0
S06959,U4851,2025-02-22,2025-02,2025-W07,Social,Desktop,/pricing,3,109,0,1,A,0
S06960,U2733,2025-02-22,2025-02,2025-W07,Direct,Mobile,/pricing,5,825,0,0,A,0
S06961,U0309,2025-02-22,2025-02,2025-W07,Organic,Tablet,/contact,3,219,0,0,B,0
S06962,U4852,2025-02-22,2025-02,2025-W07,Paid,Desktop,/,1,89,0,1,B,0
S06963,U2406,2025-02-22,2025-02,2025-W07,Direct,Desktop,/pricing,2,333,0,0,A,0
S06964,U4853,2025-02-22,2025-02,2025-W07,Paid,Mobile,/tutors,4,23,0,1,A,0
S06965,U1422,2025-02-22,2025-02,2025-W07,Email,Mobile,/tutors,4,44,0,0,B,0
S06966,U4854,2025-02-22,2025-02,2025-W07,Social,Mobile,/tutors,1,94,0,1,A,0
S06967,U4855,2025-02-22,2025-02,2025-W07,Paid,Mobile,/about,2,120,0,1,B,0
S06968,U4856,2025-02-22,2025-02,2025-W07,Organic,Desktop,/pricing,3,1063,0,1,B,0
S06969,U4857,2025-02-22,2025-02,2025-W07,Direct,Desktop,/pricing,1,345,0,1,A,0
S06970,U2178,2025-02-22,2025-02,2025-W07,Direct,Mobile,/,3,129,0,0,A,0
S06971,U0894,2025-02-22,2025-02,2025-W07,Direct,Tablet,/,4,286,0,0,B,0
S06972,U4858,2025-02-22,2025-02,2025-W07,Paid,Desktop,/,3,45,0,1,B,1
S06973,U4859,2025-02-22,2025-02,2025-W07,Email,Mobile,/,4,133,0,1,B,0
S06974,U4860,2025-02-22,2025-02,2025-W07,Organic,Desktop,/,2,470,0,1,B,0
S06975,U4861,2025-02-22,2025-02,2025-W07,Direct,Tablet,/pricing,3,85,0,1,B,0
S06976,U4862,2025-02-22,2025-02,2025-W07,Organic,Desktop,/,1,135,0,1,B,0
S06977,U4863,2025-02-22,2025-02,2025-W07,Direct,Mobile,/about,2,66,0,1,B,0
S06978,U4864,2025-02-22,2025-02,2025-W07,Organic,Mobile,/,5,53,0,1,A,1
S06979,U4865,2025-02-22,2025-02,2025-W07,Organic,Mobile,/services,3,591,0,1,A,0
S06980,U4866,2025-02-23,2025-02,2025-W07,Direct,Desktop,/pricing,3,207,0,1,B,0
S06981,U4867,2025-02-23,2025-02,2025-W07,Organic,Mobile,/about,6,73,0,1,B,0
S06982,U4868,2025-02-23,2025-02,2025-W07,Direct,Desktop,/,5,627,0,1,B,0
S06983,U4869,2025-02-23,2025-02,2025-W07,Paid,Desktop,/,2,65,0,1,A,0
S06984,U4870,2025-02-23,2025-02,2025-W07,Email,Mobile,/services,4,851,0,1,A,0
S06985,U4871,2025-02-23,2025-02,2025-W07,Email,Desktop,/pricing,3,479,0,1,A,0
S06986,U4872,2025-02-23,2025-02,2025-W07,Organic,Mobile,/,5,67,0,1,B,0
S06987,U4873,2025-02-23,2025-02,2025-W07,Organic,Desktop,/pricing,3,242,0,1,A,0
S06988,U1373,2025-02-23,2025-02,2025-W07,Social,Desktop,/,1,192,0,0,B,0
S06989,U4874,2025-02-23,2025-02,2025-W07,Organic,Mobile,/services,2,424,0,1,B,0
S06990,U4875,2025-02-23,2025-02,2025-W07,Organic,Tablet,/,1,194,0,1,B,0
S06991,U2782,2025-02-23,2025-02,2025-W07,Organic,Mobile,/,2,530,0,0,B,0
S06992,U4876,2025-02-23,2025-02,2025-W07,Email,Mobile,/services,5,134,0,1,A,0
S06993,U4877,2025-02-23,2025-02,2025-W07,Direct,Desktop,/tutors,3,175,0,1,B,0
S06994,U4878,2025-02-23,2025-02,2025-W07,Organic,Desktop,/,5,108,0,1,B,0
S06995,U4879,2025-02-23,2025-02,2025-W07,Email,Desktop,/about,3,151,0,1,B,0
S06996,U4880,2025-02-23,2025-02,2025-W07,Organic,Desktop,/,3,131,0,1,B,0
S06997,U3508,2025-02-23,2025-02,2025-W07,Direct,Tablet,/services,3,181,0,0,A,0
S06998,U0052,2025-02-23,2025-02,2025-W07,Organic,Mobile,/,1,142,0,0,B,0
S06999,U2514,2025-02-23,2025-02,2025-W07,Paid,Mobile,/,9,433,0,0,A,0
S07000,U1902,2025-02-23,2025-02,2025-W07,Social,Desktop,/services,3,337,0,0,A,0
S07001,U0949,2025-02-23,2025-02,2025-W07,Social,Desktop,/pricing,1,429,0,0,B,0
S07002,U4881,2025-02-23,2025-02,2025-W07,Organic,Desktop,/,5,343,0,1,B,1
S07003,U2785,2025-02-23,2025-02,2025-W07,Paid,Desktop,/services,3,252,0,0,A,0
S07004,U4882,2025-02-23,2025-02,2025-W07,Direct,Desktop,/contact,3,134,0,1,B,0
S07005,U4883,2025-02-23,2025-02,2025-W07,Organic,Mobile,/tutors,3,178,0,1,B,0
S07006,U4884,2025-02-23,2025-02,2025-W07,Direct,Desktop,/services,2,348,0,1,A,0
S07007,U4259,2025-02-23,2025-02,2025-W07,Organic,Mobile,/contact,3,109,0,0,A,0
S07008,U4885,2025-02-23,2025-02,2025-W07,Social,Mobile,/services,4,100,0,1,A,0
S07009,U4886,2025-02-23,2025-02,2025-W07,Paid,Desktop,/,5,684,0,1,A,0
S07010,U4887,2025-02-23,2025-02,2025-W07,Social,Desktop,/,3,64,0,1,A,0
S07011,U4888,2025-02-23,2025-02,2025-W07,Direct,Desktop,/about,3,429,0,1,B,0
S07012,U4889,2025-02-23,2025-02,2025-W07,Direct,Desktop,/services,3,265,0,1,B,0
S07013,U4890,2025-02-23,2025-02,2025-W07,Email,Desktop,/pricing,1,47,0,1,B,0
S07014,U4891,2025-02-23,2025-02,2025-W07,Organic,Mobile,/about,6,190,0,1,A,0
S07015,U3001,2025-02-23,2025-02,2025-W07,Social,Mobile,/contact,2,247,0,0,A,0
S07016,U4892,2025-02-23,2025-02,2025-W07,Organic,Desktop,/,5,102,0,1,A,0
S07017,U4893,2025-02-23,2025-02,2025-W07,Organic,Mobile,/pricing,3,47,0,1,A,0
S07018,U4894,2025-02-23,2025-02,2025-W07,Organic,Desktop,/about,3,154,0,1,B,1
S07019,U1417,2025-02-23,2025-02,2025-W07,Organic,Mobile,/,1,162,0,0,B,0
S07020,U4895,2025-02-23,2025-02,2025-W07,Direct,Desktop,/,4,233,0,1,B,0
S07021,U0516,2025-02-23,2025-02,2025-W07,Organic,Mobile,/,2,73,0,0,B,0
S07022,U4896,2025-02-23,2025-02,2025-W07,Organic,Desktop,/tutors,1,100,0,1,B,0
S07023,U4897,2025-02-23,2025-02,2025-W07,Paid,Desktop,/pricing,2,100,0,1,A,0
S07024,U4898,2025-02-23,2025-02,2025-W07,Email,Mobile,/,5,168,0,1,B,1
S07025,U4899,2025-02-23,2025-02,2025-W07,Direct,Desktop,/pricing,1,140,0,1,B,0
S07026,U4900,2025-02-23,2025-02,2025-W07,Organic,Desktop,/,5,279,0,1,A,0
S07027,U4901,2025-02-23,2025-02,2025-W07,Paid,Desktop,/,2,397,0,1,B,0
S07028,U4902,2025-02-23,2025-02,2025-W07,Email,Desktop,/,9,86,0,1,B,0
S07029,U4903,2025-02-23,2025-02,2025-W07,Direct,Mobile,/pricing,1,385,0,1,B,0
S07030,U4904,2025-02-23,2025-02,2025-W07,Direct,Desktop,/,5,151,0,1,B,0
S07031,U4905,2025-02-23,2025-02,2025-W07,Organic,Desktop,/,2,97,0,1,A,0
S07032,U2868,2025-02-23,2025-02,2025-W07,Organic,Desktop,/,3,133,0,0,B,0
S07033,U4906,2025-02-23,2025-02,2025-W07,Direct,Desktop,/services,1,106,0,1,A,0
S07034,U4907,2025-02-23,2025-02,2025-W07,Organic,Mobile,/pricing,4,194,0,1,A,0
S07035,U4908,2025-02-23,2025-02,2025-W07,Organic,Desktop,/contact,4,69,0,1,A,0
S07036,U4909,2025-02-23,2025-02,2025-W07,Organic,Desktop,/pricing,1,82,0,1,A,0
S07037,U4910,2025-02-23,2025-02,2025-W07,Email,Desktop,/pricing,3,367,0,1,A,0
S07038,U4911,2025-02-23,2025-02,2025-W07,Email,Mobile,/,2,152,0,1,A,0
S07039,U4912,2025-02-23,2025-02,2025-W07,Organic,Desktop,/pricing,3,82,0,1,A,0
S07040,U4913,2025-02-23,2025-02,2025-W07,Direct,Desktop,/,4,183,0,1,B,0
S07041,U4914,2025-02-23,2025-02,2025-W07,Direct,Desktop,/,5,98,0,1,B,0
S07042,U4915,2025-02-23,2025-02,2025-W07,Email,Mobile,/contact,2,426,0,1,B,0
S07043,U4916,2025-02-23,2025-02,2025-W07,Social,Mobile,/,1,149,0,1,A,0
S07044,U4917,2025-02-23,2025-02,2025-W07,Paid,Mobile,/,1,261,0,1,A,0
S07045,U4918,2025-02-23,2025-02,2025-W07,Email,Desktop,/tutors,3,107,0,1,A,0
S07046,U4919,2025-02-23,2025-02,2025-W07,Email,Desktop,/tutors,2,606,0,1,A,0
S07047,U4920,2025-02-23,2025-02,2025-W07,Social,Mobile,/services,4,186,0,1,A,0
S07048,U4921,2025-02-23,2025-02,2025-W07,Organic,Desktop,/pricing,2,170,0,1,B,0
S07049,U4922,2025-02-23,2025-02,2025-W07,Organic,Mobile,/,3,110,0,1,A,0
S07050,U4724,2025-02-23,2025-02,2025-W07,Social,Desktop,/,4,128,0,0,A,0
S07051,U4923,2025-02-23,2025-02,2025-W07,Direct,Desktop,/pricing,4,298,0,1,A,0
S07052,U4924,2025-02-23,2025-02,2025-W07,Organic,Mobile,/,1,634,0,1,B,0
S07053,U3499,2025-02-23,2025-02,2025-W07,Organic,Desktop,/,4,37,0,0,B,0
S07054,U4925,2025-02-23,2025-02,2025-W07,Direct,Desktop,/,3,87,0,1,B,0
S07055,U4926,2025-02-24,2025-02,2025-W08,Paid,Mobile,/,5,167,0,1,B,0
S07056,U4927,2025-02-24,2025-02,2025-W08,Organic,Mobile,/,4,241,0,1,B,0
S07057,U2980,2025-02-24,2025-02,2025-W08,Organic,Mobile,/services,1,30,0,0,A,0
S07058,U4732,2025-02-24,2025-02,2025-W08,Organic,Desktop,/services,2,81,0,0,A,0
S07059,U4928,2025-02-24,2025-02,2025-W08,Paid,Mobile,/,2,96,0,1,B,0
S07060,U4929,2025-02-24,2025-02,2025-W08,Direct,Mobile,/,4,55,0,1,B,0
S07061,U3794,2025-02-24,2025-02,2025-W08,Paid,Desktop,/,4,71,0,0,B,0
S07062,U4930,2025-02-24,2025-02,2025-W08,Organic,Desktop,/pricing,2,110,0,1,B,0
S07063,U4931,2025-02-24,2025-02,2025-W08,Social,Desktop,/,4,291,0,1,A,0
S07064,U4932,2025-02-24,2025-02,2025-W08,Organic,Desktop,/services,1,253,0,1,B,0
S07065,U2080,2025-02-24,2025-02,2025-W08,Organic,Desktop,/about,2,442,0,0,B,0
S07066,U4933,2025-02-24,2025-02,2025-W08,Direct,Desktop,/,2,191,0,1,A,0
S07067,U4934,2025-02-24,2025-02,2025-W08,Organic,Mobile,/tutors,4,755,0,1,A,0
S07068,U4935,2025-02-24,2025-02,2025-W08,Paid,Desktop,/about,1,164,0,1,B,0
S07069,U4936,2025-02-24,2025-02,2025-W08,Paid,Mobile,/services,7,174,0,1,A,0
S07070,U4678,2025-02-24,2025-02,2025-W08,Organic,Mobile,/,3,130,0,0,A,0
S07071,U0455,2025-02-24,2025-02,2025-W08,Direct,Desktop,/tutors,1,231,0,0,B,0
S07072,U4937,2025-02-24,2025-02,2025-W08,Organic,Mobile,/contact,3,66,0,1,A,0
S07073,U4938,2025-02-24,2025-02,2025-W08,Direct,Desktop,/services,2,56,0,1,A,0
S07074,U4939,2025-02-24,2025-02,2025-W08,Email,Tablet,/,4,208,0,1,A,0
S07075,U4940,2025-02-24,2025-02,2025-W08,Email,Desktop,/services,1,632,0,1,A,0
S07076,U4574,2025-02-24,2025-02,2025-W08,Social,Mobile,/,2,119,0,0,A,0
S07077,U4941,2025-02-24,2025-02,2025-W08,Paid,Mobile,/pricing,5,389,0,1,A,0
S07078,U0808,2025-02-24,2025-02,2025-W08,Social,Mobile,/,1,342,0,0,A,0
S07079,U4942,2025-02-24,2025-02,2025-W08,Organic,Mobile,/services,5,367,0,1,A,0
S07080,U4943,2025-02-24,2025-02,2025-W08,Social,Desktop,/,4,127,0,1,B,1
S07081,U0309,2025-02-24,2025-02,2025-W08,Direct,Desktop,/pricing,2,164,0,0,B,0
S07082,U4541,2025-02-24,2025-02,2025-W08,Organic,Mobile,/about,1,27,1,0,B,0
S07083,U4944,2025-02-24,2025-02,2025-W08,Organic,Desktop,/services,1,164,0,1,B,0
S07084,U4945,2025-02-24,2025-02,2025-W08,Email,Mobile,/,4,48,0,1,A,0
S07085,U4946,2025-02-24,2025-02,2025-W08,Organic,Mobile,/pricing,4,1225,0,1,A,0
S07086,U4947,2025-02-24,2025-02,2025-W08,Organic,Mobile,/,3,322,0,1,B,0
S07087,U4948,2025-02-24,2025-02,2025-W08,Email,Desktop,/services,3,279,0,1,A,0
S07088,U4949,2025-02-24,2025-02,2025-W08,Organic,Mobile,/services,1,93,0,1,A,0
S07089,U4383,2025-02-24,2025-02,2025-W08,Organic,Mobile,/tutors,2,64,0,0,A,0
S07090,U0332,2025-02-24,2025-02,2025-W08,Social,Desktop,/,2,95,0,0,B,0
S07091,U2475,2025-02-24,2025-02,2025-W08,Direct,Mobile,/,5,150,0,0,B,0
S07092,U4950,2025-02-24,2025-02,2025-W08,Social,Mobile,/,7,71,0,1,A,0
S07093,U4951,2025-02-24,2025-02,2025-W08,Organic,Mobile,/,6,504,0,1,A,0
S07094,U4952,2025-02-24,2025-02,2025-W08,Direct,Desktop,/about,2,143,0,1,A,0
S07095,U4953,2025-02-24,2025-02,2025-W08,Direct,Mobile,/,3,51,0,1,B,0
S07096,U4954,2025-02-24,2025-02,2025-W08,Direct,Desktop,/,6,45,0,1,B,0
S07097,U4955,2025-02-24,2025-02,2025-W08,Organic,Mobile,/pricing,5,247,0,1,A,0
S07098,U1223,2025-02-24,2025-02,2025-W08,Organic,Mobile,/services,3,38,0,0,B,0
S07099,U4808,2025-02-24,2025-02,2025-W08,Organic,Mobile,/,6,735,0,0,B,0
S07100,U4956,2025-02-24,2025-02,2025-W08,Direct,Desktop,/services,4,109,0,1,B,0
S07101,U2271,2025-02-24,2025-02,2025-W08,Email,Desktop,/,3,394,0,0,B,0
S07102,U4957,2025-02-24,2025-02,2025-W08,Direct,Mobile,/services,5,280,0,1,A,0
S07103,U4958,2025-02-24,2025-02,2025-W08,Social,Desktop,/contact,4,189,0,1,A,0
S07104,U3405,2025-02-24,2025-02,2025-W08,Organic,Mobile,/tutors,2,83,0,0,B,0
S07105,U4862,2025-02-24,2025-02,2025-W08,Email,Desktop,/services,5,388,0,0,B,0
S07106,U4959,2025-02-24,2025-02,2025-W08,Direct,Desktop,/services,5,65,0,1,B,0
S07107,U4960,2025-02-24,2025-02,2025-W08,Organic,Desktop,/pricing,4,257,0,1,A,0
S07108,U4961,2025-02-24,2025-02,2025-W08,Organic,Desktop,/tutors,4,75,0,1,A,0
S07109,U3772,2025-02-24,2025-02,2025-W08,Email,Desktop,/,2,113,0,0,B,0
S07110,U4962,2025-02-24,2025-02,2025-W08,Direct,Desktop,/,1,147,0,1,A,0
S07111,U0732,2025-02-24,2025-02,2025-W08,Direct,Mobile,/services,1,209,0,0,B,0
S07112,U4963,2025-02-24,2025-02,2025-W08,Direct,Mobile,/tutors,4,41,0,1,B,0
S07113,U4964,2025-02-25,2025-02,2025-W08,Direct,Mobile,/,4,255,0,1,B,1
S07114,U4965,2025-02-25,2025-02,2025-W08,Direct,Mobile,/,2,59,0,1,B,1
S07115,U2810,2025-02-25,2025-02,2025-W08,Paid,Mobile,/services,5,82,0,0,A,0
S07116,U4966,2025-02-25,2025-02,2025-W08,Social,Mobile,/pricing,5,231,0,1,B,0
S07117,U4967,2025-02-25,2025-02,2025-W08,Direct,Mobile,/tutors,7,220,0,1,B,0
S07118,U4968,2025-02-25,2025-02,2025-W08,Email,Desktop,/,2,249,0,1,B,0
S07119,U4685,2025-02-25,2025-02,2025-W08,Direct,Mobile,/services,2,190,0,0,A,0
S07120,U4969,2025-02-25,2025-02,2025-W08,Organic,Desktop,/about,2,242,0,1,A,0
S07121,U1466,2025-02-25,2025-02,2025-W08,Email,Desktop,/services,2,240,0,0,B,0
S07122,U4970,2025-02-25,2025-02,2025-W08,Organic,Desktop,/,7,37,0,1,A,0
S07123,U4971,2025-02-25,2025-02,2025-W08,Direct,Desktop,/,3,258,0,1,B,0
S07124,U4972,2025-02-25,2025-02,2025-W08,Organic,Desktop,/,4,475,0,1,A,0
S07125,U2331,2025-02-25,2025-02,2025-W08,Organic,Desktop,/services,1,294,0,0,A,1
S07126,U4973,2025-02-25,2025-02,2025-W08,Direct,Mobile,/,1,529,0,1,B,0
S07127,U4974,2025-02-25,2025-02,2025-W08,Paid,Desktop,/services,3,78,0,1,B,0
S07128,U4975,2025-02-25,2025-02,2025-W08,Organic,Desktop,/pricing,3,440,0,1,B,0
S07129,U4976,2025-02-25,2025-02,2025-W08,Social,Mobile,/tutors,2,314,0,1,A,0
S07130,U4977,2025-02-25,2025-02,2025-W08,Social,Desktop,/,2,129,0,1,B,0
S07131,U4845,2025-02-25,2025-02,2025-W08,Social,Mobile,/,1,999,0,0,A,0
S07132,U4978,2025-02-25,2025-02,2025-W08,Organic,Desktop,/,2,305,0,1,B,0
S07133,U4979,2025-02-25,2025-02,2025-W08,Organic,Desktop,/contact,3,369,0,1,A,0
S07134,U4980,2025-02-25,2025-02,2025-W08,Paid,Mobile,/,4,41,0,1,B,0
S07135,U4981,2025-02-25,2025-02,2025-W08,Organic,Desktop,/tutors,3,187,0,1,B,1
S07136,U4982,2025-02-25,2025-02,2025-W08,Direct,Mobile,/about,4,61,0,1,B,0
S07137,U4983,2025-02-25,2025-02,2025-W08,Organic,Desktop,/pricing,1,169,0,1,A,0
S07138,U4984,2025-02-25,2025-02,2025-W08,Direct,Mobile,/services,3,670,0,1,B,0
S07139,U4985,2025-02-25,2025-02,2025-W08,Organic,Mobile,/services,1,89,0,1,A,0
S07140,U3717,2025-02-25,2025-02,2025-W08,Social,Desktop,/about,3,125,0,0,A,0
S07141,U3473,2025-02-25,2025-02,2025-W08,Organic,Mobile,/,2,249,0,0,B,0
S07142,U4986,2025-02-25,2025-02,2025-W08,Paid,Desktop,/,7,91,0,1,B,0
S07143,U4987,2025-02-25,2025-02,2025-W08,Organic,Mobile,/tutors,6,233,0,1,A,0
S07144,U0222,2025-02-25,2025-02,2025-W08,Organic,Mobile,/tutors,3,98,0,0,B,0
S07145,U1280,2025-02-25,2025-02,2025-W08,Email,Mobile,/,3,50,0,0,B,1
S07146,U4988,2025-02-25,2025-02,2025-W08,Organic,Tablet,/pricing,4,142,0,1,B,0
S07147,U4989,2025-02-25,2025-02,2025-W08,Organic,Mobile,/services,2,109,0,1,B,0
S07148,U1891,2025-02-25,2025-02,2025-W08,Direct,Desktop,/,4,1364,0,0,B,0
S07149,U1363,2025-02-25,2025-02,2025-W08,Direct,Desktop,/,4,82,0,0,B,0
S07150,U0700,2025-02-25,2025-02,2025-W08,Direct,Desktop,/contact,2,406,0,0,A,0
S07151,U4990,2025-02-25,2025-02,2025-W08,Direct,Mobile,/about,3,290,0,1,B,1
S07152,U1037,2025-02-25,2025-02,2025-W08,Email,Mobile,/pricing,2,396,0,0,A,0
S07153,U4991,2025-02-25,2025-02,2025-W08,Email,Mobile,/contact,5,66,0,1,B,0
S07154,U2617,2025-02-25,2025-02,2025-W08,Direct,Tablet,/contact,6,130,0,0,A,0
S07155,U4992,2025-02-25,2025-02,2025-W08,Organic,Desktop,/,3,230,0,1,A,0
S07156,U4993,2025-02-25,2025-02,2025-W08,Email,Desktop,/services,3,314,0,1,A,0
S07157,U2339,2025-02-25,2025-02,2025-W08,Direct,Tablet,/contact,5,206,0,0,A,1
S07158,U0139,2025-02-25,2025-02,2025-W08,Email,Desktop,/services,1,771,0,0,B,0
S07159,U4994,2025-02-25,2025-02,2025-W08,Direct,Desktop,/,3,61,0,1,B,0
S07160,U4995,2025-02-25,2025-02,2025-W08,Organic,Tablet,/,1,84,0,1,A,0
S07161,U4996,2025-02-25,2025-02,2025-W08,Organic,Mobile,/services,5,78,0,1,B,0
S07162,U4997,2025-02-25,2025-02,2025-W08,Organic,Tablet,/,4,439,0,1,A,0
S07163,U3628,2025-02-25,2025-02,2025-W08,Organic,Desktop,/,2,172,0,0,B,0
S07164,U4998,2025-02-25,2025-02,2025-W08,Direct,Desktop,/services,1,62,0,1,A,0
S07165,U1413,2025-02-25,2025-02,2025-W08,Social,Desktop,/,4,100,0,0,B,0
S07166,U0872,2025-02-25,2025-02,2025-W08,Paid,Desktop,/services,1,167,0,0,A,0
S07167,U4999,2025-02-25,2025-02,2025-W08,Organic,Mobile,/services,3,63,0,1,A,0
S07168,U0362,2025-02-25,2025-02,2025-W08,Organic,Mobile,/pricing,3,72,0,0,B,0
S07169,U5000,2025-02-25,2025-02,2025-W08,Direct,Desktop,/services,3,402,0,1,B,0
S07170,U5001,2025-02-25,2025-02,2025-W08,Organic,Desktop,/,3,148,0,1,A,1
S07171,U3380,2025-02-25,2025-02,2025-W08,Organic,Desktop,/contact,1,294,0,0,A,0
S07172,U3266,2025-02-25,2025-02,2025-W08,Direct,Desktop,/pricing,3,101,0,0,A,0
S07173,U5002,2025-02-25,2025-02,2025-W08,Organic,Tablet,/contact,5,63,0,1,B,0
S07174,U5003,2025-02-25,2025-02,2025-W08,Direct,Desktop,/,3,232,0,1,B,1
S07175,U0799,2025-02-26,2025-02,2025-W08,Organic,Desktop,/tutors,4,57,0,0,B,0
S07176,U5004,2025-02-26,2025-02,2025-W08,Organic,Mobile,/,6,358,0,1,A,0
S07177,U0250,2025-02-26,2025-02,2025-W08,Direct,Mobile,/pricing,5,184,0,0,B,0
S07178,U2808,2025-02-26,2025-02,2025-W08,Email,Desktop,/pricing,2,255,0,0,B,0
S07179,U5005,2025-02-26,2025-02,2025-W08,Direct,Desktop,/services,1,419,0,1,B,0
S07180,U3711,2025-02-26,2025-02,2025-W08,Direct,Mobile,/,4,33,0,0,B,0
S07181,U1878,2025-02-26,2025-02,2025-W08,Organic,Desktop,/tutors,1,265,0,0,A,0
S07182,U5006,2025-02-26,2025-02,2025-W08,Email,Desktop,/services,4,75,0,1,B,0
S07183,U4348,2025-02-26,2025-02,2025-W08,Organic,Desktop,/services,5,246,0,0,B,0
S07184,U5007,2025-02-26,2025-02,2025-W08,Social,Desktop,/services,2,92,0,1,A,0
S07185,U5008,2025-02-26,2025-02,2025-W08,Direct,Tablet,/tutors,8,278,0,1,A,0
S07186,U0143,2025-02-26,2025-02,2025-W08,Direct,Mobile,/about,4,196,0,0,B,0
S07187,U4356,2025-02-26,2025-02,2025-W08,Email,Desktop,/about,3,144,0,0,A,0
S07188,U5009,2025-02-26,2025-02,2025-W08,Organic,Desktop,/services,5,308,0,1,A,0
S07189,U5010,2025-02-26,2025-02,2025-W08,Organic,Mobile,/pricing,6,155,0,1,A,0
S07190,U5011,2025-02-26,2025-02,2025-W08,Direct,Mobile,/contact,5,156,0,1,A,0
S07191,U5012,2025-02-26,2025-02,2025-W08,Email,Tablet,/tutors,3,288,0,1,A,0
S07192,U5013,2025-02-26,2025-02,2025-W08,Organic,Tablet,/tutors,1,122,0,1,A,0
S07193,U5014,2025-02-26,2025-02,2025-W08,Social,Mobile,/pricing,5,284,0,1,B,0
S07194,U3601,2025-02-26,2025-02,2025-W08,Direct,Desktop,/services,5,682,0,0,A,0
S07195,U5015,2025-02-26,2025-02,2025-W08,Organic,Mobile,/tutors,2,124,0,1,A,0
S07196,U5016,2025-02-26,2025-02,2025-W08,Organic,Mobile,/pricing,2,129,0,1,B,0
S07197,U5017,2025-02-26,2025-02,2025-W08,Organic,Mobile,/tutors,3,112,0,1,A,0
S07198,U1133,2025-02-26,2025-02,2025-W08,Organic,Desktop,/about,2,167,0,0,B,0
S07199,U5018,2025-02-26,2025-02,2025-W08,Social,Tablet,/services,5,97,0,1,B,1
S07200,U5019,2025-02-26,2025-02,2025-W08,Direct,Desktop,/pricing,3,165,0,1,B,0
S07201,U5020,2025-02-26,2025-02,2025-W08,Email,Mobile,/services,3,251,0,1,B,0
S07202,U5021,2025-02-26,2025-02,2025-W08,Direct,Desktop,/,2,183,0,1,A,0
S07203,U5022,2025-02-26,2025-02,2025-W08,Email,Tablet,/,1,232,0,1,A,0
S07204,U4822,2025-02-26,2025-02,2025-W08,Social,Mobile,/services,2,280,0,0,A,0
S07205,U5023,2025-02-26,2025-02,2025-W08,Social,Desktop,/,2,61,0,1,B,0
S07206,U2152,2025-02-26,2025-02,2025-W08,Social,Desktop,/,3,288,0,0,B,0
S07207,U5024,2025-02-26,2025-02,2025-W08,Email,Mobile,/services,5,30,0,1,B,0
S07208,U4612,2025-02-26,2025-02,2025-W08,Organic,Tablet,/tutors,2,104,0,0,B,0
S07209,U5025,2025-02-26,2025-02,2025-W08,Organic,Tablet,/pricing,5,1358,0,1,A,0
S07210,U0025,2025-02-26,2025-02,2025-W08,Social,Desktop,/,2,472,0,0,A,0
S07211,U5026,2025-02-26,2025-02,2025-W08,Organic,Mobile,/,4,198,0,1,B,0
S07212,U5027,2025-02-26,2025-02,2025-W08,Paid,Mobile,/services,1,31,0,1,A,0
S07213,U4988,2025-02-26,2025-02,2025-W08,Organic,Desktop,/tutors,4,70,0,0,B,0
S07214,U5028,2025-02-26,2025-02,2025-W08,Organic,Desktop,/,3,79,0,1,B,0
S07215,U5029,2025-02-26,2025-02,2025-W08,Organic,Desktop,/,2,143,0,1,B,0
S07216,U5030,2025-02-26,2025-02,2025-W08,Organic,Mobile,/services,2,148,0,1,B,0
S07217,U5031,2025-02-26,2025-02,2025-W08,Organic,Tablet,/pricing,2,279,0,1,A,0
S07218,U5032,2025-02-26,2025-02,2025-W08,Organic,Mobile,/services,4,186,0,1,A,0
S07219,U4836,2025-02-26,2025-02,2025-W08,Direct,Desktop,/about,5,301,0,0,A,0
S07220,U3397,2025-02-26,2025-02,2025-W08,Direct,Desktop,/pricing,2,180,0,0,B,0
S07221,U5033,2025-02-26,2025-02,2025-W08,Organic,Mobile,/,6,160,0,1,A,0
S07222,U5034,2025-02-26,2025-02,2025-W08,Organic,Desktop,/,1,41,0,1,A,0
S07223,U1772,2025-02-26,2025-02,2025-W08,Direct,Desktop,/services,1,152,0,0,B,0
S07224,U5035,2025-02-26,2025-02,2025-W08,Direct,Mobile,/,2,42,0,1,A,0
S07225,U5036,2025-02-26,2025-02,2025-W08,Organic,Desktop,/services,2,503,0,1,A,0
S07226,U5037,2025-02-26,2025-02,2025-W08,Organic,Mobile,/,5,107,0,1,B,0
S07227,U5038,2025-02-27,2025-02,2025-W08,Paid,Mobile,/,2,204,0,1,B,0
S07228,U5039,2025-02-27,2025-02,2025-W08,Paid,Desktop,/tutors,1,178,0,1,B,0
S07229,U5040,2025-02-27,2025-02,2025-W08,Organic,Desktop,/about,2,62,0,1,B,0
S07230,U5041,2025-02-27,2025-02,2025-W08,Organic,Desktop,/tutors,2,277,0,1,B,0
S07231,U5042,2025-02-27,2025-02,2025-W08,Organic,Desktop,/,4,225,0,1,A,0
S07232,U2164,2025-02-27,2025-02,2025-W08,Organic,Mobile,/pricing,4,57,0,0,B,0
S07233,U5043,2025-02-27,2025-02,2025-W08,Organic,Mobile,/pricing,1,70,0,1,A,0
S07234,U5044,2025-02-27,2025-02,2025-W08,Email,Desktop,/services,2,245,0,1,B,1
S07235,U5045,2025-02-27,2025-02,2025-W08,Organic,Desktop,/,2,405,0,1,A,0
S07236,U5046,2025-02-27,2025-02,2025-W08,Direct,Desktop,/services,1,175,0,1,B,0
S07237,U0730,2025-02-27,2025-02,2025-W08,Social,Desktop,/services,2,407,0,0,B,0
S07238,U5047,2025-02-27,2025-02,2025-W08,Organic,Desktop,/pricing,7,303,0,1,B,0
S07239,U5048,2025-02-27,2025-02,2025-W08,Organic,Desktop,/,2,228,0,1,B,0
S07240,U5049,2025-02-27,2025-02,2025-W08,Direct,Desktop,/contact,4,562,0,1,B,0
S07241,U5050,2025-02-27,2025-02,2025-W08,Organic,Mobile,/pricing,4,235,0,1,B,0
S07242,U5051,2025-02-27,2025-02,2025-W08,Organic,Desktop,/pricing,3,142,0,1,B,0
S07243,U3026,2025-02-27,2025-02,2025-W08,Direct,Desktop,/pricing,5,145,0,0,B,0
S07244,U5052,2025-02-27,2025-02,2025-W08,Organic,Tablet,/,6,156,0,1,A,0
S07245,U5053,2025-02-27,2025-02,2025-W08,Organic,Desktop,/pricing,2,216,0,1,B,0
S07246,U5054,2025-02-27,2025-02,2025-W08,Direct,Tablet,/,3,444,0,1,A,0
S07247,U0918,2025-02-27,2025-02,2025-W08,Direct,Desktop,/tutors,5,56,0,0,B,1
S07248,U5055,2025-02-27,2025-02,2025-W08,Organic,Desktop,/pricing,4,220,0,1,A,1
S07249,U5056,2025-02-27,2025-02,2025-W08,Organic,Mobile,/,4,68,0,1,B,0
S07250,U5057,2025-02-27,2025-02,2025-W08,Organic,Desktop,/services,3,176,0,1,A,0
S07251,U5058,2025-02-27,2025-02,2025-W08,Paid,Mobile,/pricing,4,302,0,1,A,1
S07252,U5059,2025-02-27,2025-02,2025-W08,Paid,Desktop,/services,3,98,0,1,A,1
S07253,U5060,2025-02-27,2025-02,2025-W08,Paid,Mobile,/contact,2,113,0,1,A,0
S07254,U4384,2025-02-27,2025-02,2025-W08,Direct,Desktop,/tutors,5,623,0,0,A,0
S07255,U5061,2025-02-27,2025-02,2025-W08,Paid,Tablet,/contact,3,270,0,1,B,0
S07256,U5062,2025-02-27,2025-02,2025-W08,Organic,Desktop,/tutors,13,238,0,1,B,0
S07257,U5063,2025-02-27,2025-02,2025-W08,Organic,Desktop,/,1,427,0,1,A,0
S07258,U5064,2025-02-27,2025-02,2025-W08,Paid,Tablet,/,1,239,0,1,B,0
S07259,U5065,2025-02-27,2025-02,2025-W08,Email,Mobile,/,7,766,0,1,A,0
S07260,U1414,2025-02-27,2025-02,2025-W08,Email,Desktop,/,3,295,0,0,B,1
S07261,U4425,2025-02-27,2025-02,2025-W08,Paid,Mobile,/tutors,3,244,0,0,B,1
S07262,U5066,2025-02-27,2025-02,2025-W08,Social,Desktop,/services,4,128,0,1,A,0
S07263,U1474,2025-02-27,2025-02,2025-W08,Direct,Desktop,/pricing,3,280,0,0,B,0
S07264,U5067,2025-02-27,2025-02,2025-W08,Organic,Tablet,/,7,58,0,1,A,0
S07265,U5068,2025-02-27,2025-02,2025-W08,Direct,Mobile,/tutors,5,109,0,1,A,0
S07266,U5069,2025-02-27,2025-02,2025-W08,Organic,Mobile,/pricing,2,143,0,1,A,0
S07267,U4094,2025-02-27,2025-02,2025-W08,Email,Desktop,/services,6,50,0,0,A,0
S07268,U5070,2025-02-27,2025-02,2025-W08,Organic,Desktop,/services,1,190,0,1,B,0
S07269,U5071,2025-02-27,2025-02,2025-W08,Social,Desktop,/,3,70,0,1,A,0
S07270,U5072,2025-02-27,2025-02,2025-W08,Email,Desktop,/services,6,703,0,1,B,1
S07271,U5073,2025-02-27,2025-02,2025-W08,Direct,Tablet,/,2,383,0,1,A,0
S07272,U5074,2025-02-27,2025-02,2025-W08,Organic,Desktop,/services,4,806,0,1,B,0
S07273,U5075,2025-02-27,2025-02,2025-W08,Organic,Desktop,/,4,124,0,1,A,0
S07274,U0354,2025-02-27,2025-02,2025-W08,Organic,Desktop,/services,1,189,0,0,A,0
S07275,U0966,2025-02-27,2025-02,2025-W08,Email,Desktop,/,3,182,0,0,B,0
S07276,U5076,2025-02-27,2025-02,2025-W08,Direct,Mobile,/pricing,5,172,0,1,A,0
S07277,U5077,2025-02-27,2025-02,2025-W08,Email,Desktop,/services,1,118,0,1,B,0
S07278,U4521,2025-02-27,2025-02,2025-W08,Direct,Desktop,/,3,177,0,0,A,0
S07279,U2328,2025-02-27,2025-02,2025-W08,Direct,Mobile,/services,4,82,0,0,A,0
S07280,U5078,2025-02-27,2025-02,2025-W08,Email,Mobile,/,3,252,0,1,A,0
S07281,U3092,2025-02-27,2025-02,2025-W08,Organic,Desktop,/,6,247,0,0,B,0
S07282,U5079,2025-02-27,2025-02,2025-W08,Email,Mobile,/about,3,103,0,1,A,0
S07283,U5080,2025-02-27,2025-02,2025-W08,Organic,Desktop,/contact,3,174,0,1,A,0
S07284,U5081,2025-02-27,2025-02,2025-W08,Organic,Desktop,/tutors,3,407,0,1,A,0
S07285,U0371,2025-02-27,2025-02,2025-W08,Social,Mobile,/,4,55,0,0,A,0
S07286,U5082,2025-02-28,2025-02,2025-W08,Email,Mobile,/,5,140,0,1,B,0
S07287,U4996,2025-02-28,2025-02,2025-W08,Organic,Tablet,/about,1,260,0,0,B,0
S07288,U5083,2025-02-28,2025-02,2025-W08,Social,Desktop,/contact,2,138,0,1,B,0
S07289,U5084,2025-02-28,2025-02,2025-W08,Organic,Desktop,/tutors,2,78,0,1,B,0
S07290,U4192,2025-02-28,2025-02,2025-W08,Social,Desktop,/,2,168,0,0,B,0
S07291,U0096,2025-02-28,2025-02,2025-W08,Paid,Desktop,/pricing,6,425,0,0,B,0
S07292,U5085,2025-02-28,2025-02,2025-W08,Organic,Mobile,/,3,137,0,1,B,0
S07293,U2913,2025-02-28,2025-02,2025-W08,Organic,Tablet,/tutors,4,110,0,0,B,0
S07294,U3332,2025-02-28,2025-02,2025-W08,Organic,Mobile,/pricing,6,30,0,0,A,0
S07295,U5086,2025-02-28,2025-02,2025-W08,Organic,Desktop,/tutors,4,71,0,1,A,1
S07296,U5087,2025-02-28,2025-02,2025-W08,Social,Desktop,/services,1,456,0,1,B,0
S07297,U5088,2025-02-28,2025-02,2025-W08,Email,Mobile,/contact,4,187,0,1,B,0
S07298,U5089,2025-02-28,2025-02,2025-W08,Organic,Mobile,/about,2,171,0,1,A,0
S07299,U0337,2025-02-28,2025-02,2025-W08,Organic,Mobile,/,7,141,0,0,A,0
S07300,U2118,2025-02-28,2025-02,2025-W08,Organic,Desktop,/,2,263,0,0,A,0
S07301,U4319,2025-02-28,2025-02,2025-W08,Direct,Tablet,/,1,434,0,0,A,0
S07302,U5090,2025-02-28,2025-02,2025-W08,Direct,Desktop,/tutors,3,106,0,1,A,0
S07303,U5091,2025-02-28,2025-02,2025-W08,Organic,Mobile,/pricing,4,376,0,1,B,0
S07304,U1757,2025-02-28,2025-02,2025-W08,Organic,Desktop,/,3,52,0,0,B,0
S07305,U2034,2025-02-28,2025-02,2025-W08,Organic,Mobile,/services,4,214,0,0,A,0
S07306,U5092,2025-02-28,2025-02,2025-W08,Social,Mobile,/,1,436,0,1,B,0
S07307,U5093,2025-02-28,2025-02,2025-W08,Paid,Mobile,/,4,178,0,1,B,0
S07308,U5094,2025-02-28,2025-02,2025-W08,Organic,Desktop,/,7,646,0,1,A,0
S07309,U1748,2025-02-28,2025-02,2025-W08,Direct,Desktop,/pricing,4,164,0,0,B,0
S07310,U5095,2025-02-28,2025-02,2025-W08,Organic,Tablet,/about,1,359,0,1,A,1
S07311,U2037,2025-02-28,2025-02,2025-W08,Organic,Desktop,/,4,328,0,0,A,1
S07312,U4558,2025-02-28,2025-02,2025-W08,Email,Desktop,/,2,212,0,0,A,0
S07313,U5096,2025-02-28,2025-02,2025-W08,Direct,Desktop,/tutors,3,39,0,1,A,0
S07314,U5097,2025-02-28,2025-02,2025-W08,Organic,Desktop,/,2,119,0,1,A,0
S07315,U5098,2025-02-28,2025-02,2025-W08,Organic,Mobile,/contact,5,74,0,1,A,0
S07316,U5099,2025-02-28,2025-02,2025-W08,Organic,Desktop,/tutors,2,62,0,1,B,0
S07317,U5049,2025-02-28,2025-02,2025-W08,Organic,Desktop,/tutors,1,273,0,0,B,0
S07318,U5100,2025-02-28,2025-02,2025-W08,Social,Mobile,/services,3,145,0,1,B,1
S07319,U2369,2025-02-28,2025-02,2025-W08,Organic,Mobile,/,4,298,0,0,B,0
S07320,U5101,2025-02-28,2025-02,2025-W08,Direct,Desktop,/services,4,240,0,1,B,0
S07321,U5102,2025-02-28,2025-02,2025-W08,Direct,Mobile,/pricing,1,353,0,1,A,0
S07322,U5103,2025-02-28,2025-02,2025-W08,Social,Mobile,/tutors,2,130,0,1,B,0
S07323,U5104,2025-02-28,2025-02,2025-W08,Direct,Desktop,/services,4,80,0,1,B,1
S07324,U5105,2025-02-28,2025-02,2025-W08,Organic,Desktop,/pricing,4,113,0,1,B,0
S07325,U5106,2025-02-28,2025-02,2025-W08,Organic,Desktop,/pricing,3,295,0,1,B,0
S07326,U5107,2025-02-28,2025-02,2025-W08,Email,Mobile,/tutors,6,45,0,1,B,1
S07327,U5108,2025-02-28,2025-02,2025-W08,Direct,Mobile,/pricing,2,62,0,1,B,0
S07328,U3283,2025-02-28,2025-02,2025-W08,Organic,Mobile,/pricing,2,234,0,0,A,0
S07329,U5109,2025-02-28,2025-02,2025-W08,Organic,Mobile,/services,2,199,0,1,B,0
S07330,U2219,2025-02-28,2025-02,2025-W08,Direct,Mobile,/,6,439,0,0,A,0
S07331,U5110,2025-02-28,2025-02,2025-W08,Paid,Mobile,/pricing,5,282,0,1,A,0
S07332,U2675,2025-02-28,2025-02,2025-W08,Organic,Desktop,/contact,5,295,0,0,A,0
S07333,U5111,2025-02-28,2025-02,2025-W08,Organic,Mobile,/,2,174,0,1,A,0
S07334,U5112,2025-02-28,2025-02,2025-W08,Social,Tablet,/,2,34,0,1,B,0
S07335,U5113,2025-02-28,2025-02,2025-W08,Direct,Mobile,/tutors,4,245,0,1,B,0
S07336,U5114,2025-02-28,2025-02,2025-W08,Direct,Desktop,/,1,477,0,1,A,0
S07337,U5115,2025-02-28,2025-02,2025-W08,Direct,Desktop,/services,5,469,0,1,B,0
S07338,U5116,2025-02-28,2025-02,2025-W08,Paid,Desktop,/,4,39,0,1,B,0
S07339,U5117,2025-02-28,2025-02,2025-W08,Social,Mobile,/,1,214,0,1,B,0
S07340,U5118,2025-02-28,2025-02,2025-W08,Direct,Desktop,/about,8,130,0,1,B,0
S07341,U2788,2025-02-28,2025-02,2025-W08,Organic,Desktop,/tutors,3,335,0,0,B,0
S07342,U5119,2025-02-28,2025-02,2025-W08,Direct,Mobile,/,1,159,0,1,A,0
S07343,U1017,2025-02-28,2025-02,2025-W08,Social,Desktop,/services,2,36,0,0,A,0
S07344,U5120,2025-02-28,2025-02,2025-W08,Email,Mobile,/,2,69,0,1,A,0
S07345,U3914,2025-02-28,2025-02,2025-W08,Organic,Mobile,/,2,87,0,0,A,0
S07346,U3126,2025-02-28,2025-02,2025-W08,Social,Desktop,/about,2,568,0,0,B,0
S07347,U0929,2025-02-28,2025-02,2025-W08,Social,Mobile,/,6,1158,0,0,A,0
S07348,U0507,2025-02-28,2025-02,2025-W08,Direct,Desktop,/about,3,47,0,0,B,0
S07349,U5121,2025-02-28,2025-02,2025-W08,Organic,Mobile,/,7,1817,0,1,A,0
S07350,U5122,2025-02-28,2025-02,2025-W08,Paid,Mobile,/pricing,4,274,0,1,A,0
S07351,U5123,2025-02-28,2025-02,2025-W08,Email,Desktop,/,3,171,0,1,A,0
S07352,U5124,2025-02-28,2025-02,2025-W08,Organic,Tablet,/pricing,3,484,0,1,B,0
S07353,U4746,2025-02-28,2025-02,2025-W08,Organic,Desktop,/pricing,4,326,0,0,A,0
S07354,U5125,2025-02-28,2025-02,2025-W08,Social,Desktop,/,1,269,0,1,B,1
S07355,U5126,2025-02-28,2025-02,2025-W08,Email,Mobile,/pricing,7,135,0,1,A,1
S07356,U5127,2025-02-28,2025-02,2025-W08,Social,Desktop,/services,3,265,0,1,A,0
S07357,U5128,2025-02-28,2025-02,2025-W08,Organic,Tablet,/services,1,110,0,1,A,0
S07358,U5129,2025-02-28,2025-02,2025-W08,Organic,Mobile,/contact,9,331,0,1,B,0
S07359,U2403,2025-02-28,2025-02,2025-W08,Organic,Mobile,/,3,169,0,0,B,0
S07360,U5130,2025-03-01,2025-03,2025-W08,Organic,Desktop,/,2,255,0,1,B,0
S07361,U4561,2025-03-01,2025-03,2025-W08,Direct,Mobile,/services,3,997,0,0,A,0
S07362,U5131,2025-03-01,2025-03,2025-W08,Organic,Desktop,/contact,6,175,0,1,A,0
S07363,U5132,2025-03-01,2025-03,2025-W08,Social,Tablet,/,4,651,0,1,B,0
S07364,U2546,2025-03-01,2025-03,2025-W08,Direct,Desktop,/,5,92,0,0,A,0
S07365,U5133,2025-03-01,2025-03,2025-W08,Direct,Mobile,/tutors,2,107,0,1,A,0
S07366,U5134,2025-03-01,2025-03,2025-W08,Social,Desktop,/about,1,353,0,1,B,0
S07367,U3692,2025-03-01,2025-03,2025-W08,Email,Mobile,/tutors,2,371,0,0,A,0
S07368,U5135,2025-03-01,2025-03,2025-W08,Organic,Mobile,/about,4,156,0,1,A,0
S07369,U4149,2025-03-01,2025-03,2025-W08,Paid,Desktop,/about,4,69,0,0,B,0
S07370,U1072,2025-03-01,2025-03,2025-W08,Email,Mobile,/,4,276,0,0,B,0
S07371,U5136,2025-03-01,2025-03,2025-W08,Direct,Desktop,/pricing,1,56,0,1,A,0
S07372,U5137,2025-03-01,2025-03,2025-W08,Email,Mobile,/,4,423,0,1,A,0
S07373,U1510,2025-03-01,2025-03,2025-W08,Organic,Mobile,/,3,163,0,0,B,0
S07374,U5138,2025-03-01,2025-03,2025-W08,Organic,Mobile,/tutors,1,217,0,1,A,0
S07375,U2737,2025-03-01,2025-03,2025-W08,Paid,Mobile,/services,7,26,0,0,A,0
S07376,U5139,2025-03-01,2025-03,2025-W08,Email,Mobile,/services,2,139,0,1,A,0
S07377,U3486,2025-03-01,2025-03,2025-W08,Paid,Desktop,/pricing,2,161,0,0,B,0
S07378,U1433,2025-03-01,2025-03,2025-W08,Social,Desktop,/contact,2,161,0,0,B,0
S07379,U3703,2025-03-01,2025-03,2025-W08,Organic,Desktop,/,1,243,0,0,B,0
S07380,U5140,2025-03-01,2025-03,2025-W08,Direct,Desktop,/tutors,1,162,0,1,A,0
S07381,U5141,2025-03-01,2025-03,2025-W08,Direct,Mobile,/about,5,181,0,1,A,0
S07382,U5142,2025-03-01,2025-03,2025-W08,Social,Tablet,/services,3,74,0,1,B,0
S07383,U5143,2025-03-01,2025-03,2025-W08,Organic,Mobile,/about,3,147,0,1,B,0
S07384,U0819,2025-03-01,2025-03,2025-W08,Paid,Mobile,/tutors,5,324,0,0,B,0
S07385,U5144,2025-03-01,2025-03,2025-W08,Email,Mobile,/about,4,569,0,1,B,0
S07386,U5145,2025-03-01,2025-03,2025-W08,Social,Mobile,/,1,285,0,1,B,0
S07387,U5146,2025-03-01,2025-03,2025-W08,Direct,Desktop,/about,3,91,0,1,A,0
S07388,U5147,2025-03-01,2025-03,2025-W08,Direct,Desktop,/,1,101,0,1,A,1
S07389,U5148,2025-03-01,2025-03,2025-W08,Organic,Mobile,/services,2,57,0,1,A,0
S07390,U4824,2025-03-01,2025-03,2025-W08,Email,Mobile,/,5,109,0,0,A,0
S07391,U5149,2025-03-01,2025-03,2025-W08,Paid,Desktop,/services,8,125,0,1,A,0
S07392,U5150,2025-03-01,2025-03,2025-W08,Email,Mobile,/pricing,1,103,0,1,A,0
S07393,U5151,2025-03-01,2025-03,2025-W08,Organic,Mobile,/,2,307,0,1,A,0
S07394,U5152,2025-03-01,2025-03,2025-W08,Direct,Desktop,/,1,53,0,1,B,0
S07395,U5153,2025-03-01,2025-03,2025-W08,Direct,Desktop,/about,3,179,0,1,B,0
S07396,U2239,2025-03-01,2025-03,2025-W08,Organic,Desktop,/tutors,5,98,0,0,B,0
S07397,U5154,2025-03-01,2025-03,2025-W08,Direct,Desktop,/services,5,83,0,1,B,0
S07398,U1345,2025-03-01,2025-03,2025-W08,Social,Mobile,/services,1,263,0,0,B,0
S07399,U5155,2025-03-01,2025-03,2025-W08,Email,Desktop,/pricing,1,143,0,1,B,1
S07400,U1349,2025-03-01,2025-03,2025-W08,Organic,Mobile,/pricing,3,117,0,0,B,0
S07401,U5156,2025-03-01,2025-03,2025-W08,Direct,Mobile,/about,3,184,0,1,B,0
S07402,U5157,2025-03-01,2025-03,2025-W08,Organic,Desktop,/tutors,2,302,0,1,A,0
S07403,U2833,2025-03-01,2025-03,2025-W08,Paid,Mobile,/,6,233,0,0,B,0
S07404,U5158,2025-03-01,2025-03,2025-W08,Organic,Desktop,/about,2,122,0,1,A,0
S07405,U5159,2025-03-01,2025-03,2025-W08,Organic,Tablet,/,1,226,0,1,B,0
S07406,U5160,2025-03-01,2025-03,2025-W08,Paid,Mobile,/pricing,3,295,0,1,B,0
S07407,U2169,2025-03-01,2025-03,2025-W08,Organic,Desktop,/,3,1158,0,0,A,0
S07408,U1048,2025-03-01,2025-03,2025-W08,Organic,Mobile,/services,2,277,0,0,B,0
S07409,U5161,2025-03-01,2025-03,2025-W08,Paid,Desktop,/tutors,1,109,0,1,B,0
S07410,U5162,2025-03-01,2025-03,2025-W08,Organic,Desktop,/,4,201,0,1,B,0
S07411,U5163,2025-03-01,2025-03,2025-W08,Social,Desktop,/tutors,3,212,0,1,B,0
S07412,U5164,2025-03-01,2025-03,2025-W08,Direct,Mobile,/,2,246,0,1,A,0
S07413,U5165,2025-03-01,2025-03,2025-W08,Email,Desktop,/tutors,3,100,0,1,B,0
S07414,U5166,2025-03-01,2025-03,2025-W08,Email,Desktop,/pricing,1,93,0,1,A,0
S07415,U5167,2025-03-01,2025-03,2025-W08,Email,Desktop,/pricing,3,246,0,1,A,0
S07416,U1613,2025-03-01,2025-03,2025-W08,Organic,Tablet,/pricing,6,118,0,0,A,0
S07417,U1147,2025-03-01,2025-03,2025-W08,Email,Desktop,/tutors,3,248,0,0,A,0
S07418,U3666,2025-03-01,2025-03,2025-W08,Social,Tablet,/pricing,3,168,0,0,B,0
S07419,U5168,2025-03-01,2025-03,2025-W08,Organic,Mobile,/services,2,268,0,1,A,0
S07420,U5169,2025-03-01,2025-03,2025-W08,Organic,Desktop,/contact,5,95,0,1,A,0
S07421,U5170,2025-03-01,2025-03,2025-W08,Paid,Desktop,/services,5,520,0,1,A,0
S07422,U5171,2025-03-01,2025-03,2025-W08,Direct,Mobile,/pricing,4,201,0,1,B,0
S07423,U5172,2025-03-01,2025-03,2025-W08,Organic,Desktop,/services,2,249,0,1,B,0
S07424,U2405,2025-03-01,2025-03,2025-W08,Organic,Mobile,/tutors,3,92,0,0,A,0
S07425,U5173,2025-03-01,2025-03,2025-W08,Social,Mobile,/tutors,4,785,0,1,B,0
S07426,U1570,2025-03-01,2025-03,2025-W08,Email,Desktop,/pricing,1,124,0,0,B,0
S07427,U5174,2025-03-01,2025-03,2025-W08,Organic,Desktop,/,2,84,0,1,B,0
S07428,U0597,2025-03-01,2025-03,2025-W08,Organic,Desktop,/services,4,204,0,0,A,0
S07429,U5175,2025-03-01,2025-03,2025-W08,Social,Mobile,/,2,84,0,1,B,1
S07430,U5176,2025-03-01,2025-03,2025-W08,Paid,Mobile,/,2,217,0,1,B,0
S07431,U3171,2025-03-01,2025-03,2025-W08,Organic,Mobile,/,3,103,0,0,B,0
S07432,U5177,2025-03-01,2025-03,2025-W08,Direct,Desktop,/tutors,6,71,0,1,A,0
S07433,U5178,2025-03-01,2025-03,2025-W08,Direct,Desktop,/services,4,229,0,1,A,0
S07434,U5179,2025-03-01,2025-03,2025-W08,Social,Desktop,/,2,104,0,1,A,0
S07435,U5180,2025-03-01,2025-03,2025-W08,Paid,Desktop,/,1,131,0,1,A,0
S07436,U5181,2025-03-01,2025-03,2025-W08,Direct,Desktop,/services,6,344,0,1,B,0
S07437,U1880,2025-03-01,2025-03,2025-W08,Organic,Mobile,/services,4,226,0,0,B,0
S07438,U2504,2025-03-01,2025-03,2025-W08,Direct,Tablet,/,1,91,0,0,A,1
S07439,U5182,2025-03-01,2025-03,2025-W08,Direct,Desktop,/services,3,190,0,1,B,0
S07440,U5183,2025-03-02,2025-03,2025-W08,Social,Mobile,/services,3,349,0,1,A,0
S07441,U5184,2025-03-02,2025-03,2025-W08,Email,Desktop,/,4,211,0,1,B,0
S07442,U5185,2025-03-02,2025-03,2025-W08,Email,Desktop,/about,5,94,0,1,B,0
S07443,U0549,2025-03-02,2025-03,2025-W08,Organic,Desktop,/,7,196,0,0,A,0
S07444,U5186,2025-03-02,2025-03,2025-W08,Direct,Mobile,/services,4,106,0,1,A,0
S07445,U2945,2025-03-02,2025-03,2025-W08,Paid,Desktop,/pricing,2,53,0,0,B,0
S07446,U5187,2025-03-02,2025-03,2025-W08,Social,Mobile,/,2,92,0,1,B,0
S07447,U4384,2025-03-02,2025-03,2025-W08,Social,Tablet,/,4,235,0,0,B,0
S07448,U5188,2025-03-02,2025-03,2025-W08,Organic,Desktop,/services,3,40,0,1,A,0
S07449,U5189,2025-03-02,2025-03,2025-W08,Social,Mobile,/services,4,108,0,1,A,0
S07450,U5190,2025-03-02,2025-03,2025-W08,Email,Mobile,/,3,132,0,1,B,1
S07451,U5191,2025-03-02,2025-03,2025-W08,Organic,Desktop,/,4,23,0,1,B,0
S07452,U5192,2025-03-02,2025-03,2025-W08,Paid,Desktop,/tutors,3,312,0,1,A,0
S07453,U5193,2025-03-02,2025-03,2025-W08,Email,Desktop,/services,4,122,0,1,A,0
S07454,U4397,2025-03-02,2025-03,2025-W08,Direct,Mobile,/tutors,5,302,0,0,A,0
S07455,U5194,2025-03-02,2025-03,2025-W08,Organic,Desktop,/services,2,462,0,1,B,0
S07456,U5195,2025-03-02,2025-03,2025-W08,Organic,Mobile,/,4,72,0,1,A,0
S07457,U5196,2025-03-02,2025-03,2025-W08,Organic,Mobile,/tutors,5,142,0,1,B,0
S07458,U5197,2025-03-02,2025-03,2025-W08,Organic,Desktop,/,1,180,0,1,A,0
S07459,U5198,2025-03-02,2025-03,2025-W08,Direct,Desktop,/,2,29,0,1,A,0
S07460,U5199,2025-03-02,2025-03,2025-W08,Email,Mobile,/,4,114,0,1,A,0
S07461,U2577,2025-03-02,2025-03,2025-W08,Email,Desktop,/services,2,278,0,0,A,0
S07462,U5200,2025-03-02,2025-03,2025-W08,Email,Desktop,/tutors,4,282,0,1,A,0
S07463,U3682,2025-03-02,2025-03,2025-W08,Direct,Mobile,/,6,320,0,0,A,0
S07464,U1906,2025-03-02,2025-03,2025-W08,Email,Desktop,/pricing,4,134,0,0,B,1
S07465,U4901,2025-03-02,2025-03,2025-W08,Social,Mobile,/pricing,4,244,0,0,B,0
S07466,U5201,2025-03-02,2025-03,2025-W08,Direct,Mobile,/,2,115,0,1,B,0
S07467,U1083,2025-03-02,2025-03,2025-W08,Organic,Desktop,/services,2,357,0,0,B,0
S07468,U5202,2025-03-02,2025-03,2025-W08,Organic,Desktop,/pricing,3,500,0,1,A,0
S07469,U5203,2025-03-02,2025-03,2025-W08,Social,Desktop,/,3,158,0,1,B,0
S07470,U4654,2025-03-02,2025-03,2025-W08,Email,Tablet,/,4,188,0,0,A,0
S07471,U0924,2025-03-02,2025-03,2025-W08,Organic,Desktop,/services,6,195,0,0,B,0
S07472,U5204,2025-03-02,2025-03,2025-W08,Organic,Desktop,/,5,275,0,1,A,0
S07473,U5205,2025-03-02,2025-03,2025-W08,Organic,Tablet,/tutors,8,187,0,1,B,0
S07474,U5206,2025-03-02,2025-03,2025-W08,Email,Desktop,/,4,256,0,1,B,0
S07475,U5207,2025-03-02,2025-03,2025-W08,Email,Mobile,/tutors,5,196,0,1,B,0
S07476,U5208,2025-03-02,2025-03,2025-W08,Email,Mobile,/,1,172,0,1,B,1
S07477,U5209,2025-03-02,2025-03,2025-W08,Paid,Mobile,/services,1,432,0,1,B,0
S07478,U0993,2025-03-02,2025-03,2025-W08,Direct,Mobile,/services,2,503,0,0,B,1
S07479,U1517,2025-03-02,2025-03,2025-W08,Organic,Desktop,/services,3,93,0,0,B,0
S07480,U5210,2025-03-02,2025-03,2025-W08,Social,Desktop,/,2,98,0,1,A,1
S07481,U5211,2025-03-02,2025-03,2025-W08,Organic,Mobile,/,4,401,0,1,B,0
S07482,U5212,2025-03-02,2025-03,2025-W08,Organic,Desktop,/,3,112,0,1,B,0
S07483,U5213,2025-03-02,2025-03,2025-W08,Organic,Desktop,/,2,48,0,1,A,0
S07484,U5214,2025-03-02,2025-03,2025-W08,Organic,Desktop,/,3,55,0,1,A,0
S07485,U5215,2025-03-02,2025-03,2025-W08,Organic,Desktop,/tutors,5,146,0,1,B,0
S07486,U5216,2025-03-02,2025-03,2025-W08,Organic,Tablet,/services,3,71,0,1,A,0
S07487,U0685,2025-03-02,2025-03,2025-W08,Social,Desktop,/services,4,71,0,0,B,0
S07488,U3144,2025-03-02,2025-03,2025-W08,Direct,Desktop,/,3,554,0,0,B,0
S07489,U1928,2025-03-02,2025-03,2025-W08,Direct,Mobile,/,2,448,0,0,B,0
S07490,U2616,2025-03-02,2025-03,2025-W08,Paid,Mobile,/services,4,1361,0,0,B,0
S07491,U5217,2025-03-02,2025-03,2025-W08,Organic,Desktop,/,4,636,0,1,B,0
S07492,U5218,2025-03-02,2025-03,2025-W08,Social,Desktop,/services,3,365,0,1,B,1
S07493,U5219,2025-03-02,2025-03,2025-W08,Organic,Tablet,/services,3,1543,0,1,A,0
S07494,U5220,2025-03-02,2025-03,2025-W08,Paid,Desktop,/services,5,1076,0,1,B,0
S07495,U5221,2025-03-02,2025-03,2025-W08,Direct,Desktop,/pricing,1,107,0,1,B,0
S07496,U5222,2025-03-02,2025-03,2025-W08,Email,Desktop,/,5,72,0,1,A,0
S07497,U5223,2025-03-02,2025-03,2025-W08,Organic,Desktop,/about,2,384,0,1,A,0
S07498,U5224,2025-03-02,2025-03,2025-W08,Email,Desktop,/services,3,328,0,1,A,1
S07499,U0139,2025-03-02,2025-03,2025-W08,Organic,Desktop,/pricing,4,230,0,0,A,0
S07500,U5225,2025-03-02,2025-03,2025-W08,Organic,Mobile,/,5,442,0,1,B,0
S07501,U2286,2025-03-02,2025-03,2025-W08,Direct,Mobile,/,1,382,0,0,A,0
S07502,U5226,2025-03-02,2025-03,2025-W08,Email,Desktop,/pricing,1,184,0,1,A,0
S07503,U5227,2025-03-02,2025-03,2025-W08,Organic,Desktop,/pricing,6,311,0,1,B,1
S07504,U0378,2025-03-02,2025-03,2025-W08,Organic,Desktop,/about,2,67,0,0,A,0
S07505,U5228,2025-03-02,2025-03,2025-W08,Email,Desktop,/tutors,1,109,0,1,A,0
S07506,U5229,2025-03-02,2025-03,2025-W08,Direct,Desktop,/services,6,273,0,1,A,0
S07507,U3220,2025-03-02,2025-03,2025-W08,Direct,Mobile,/pricing,2,496,0,0,B,0
S07508,U0709,2025-03-02,2025-03,2025-W08,Organic,Desktop,/,4,215,0,0,B,0
S07509,U5230,2025-03-02,2025-03,2025-W08,Organic,Desktop,/services,5,54,0,1,A,0
S07510,U5231,2025-03-02,2025-03,2025-W08,Direct,Mobile,/,4,261,0,1,A,0
S07511,U3662,2025-03-02,2025-03,2025-W08,Social,Mobile,/services,4,1358,0,0,B,0
S07512,U5031,2025-03-02,2025-03,2025-W08,Email,Mobile,/about,5,75,0,0,B,0
S07513,U5232,2025-03-02,2025-03,2025-W08,Organic,Desktop,/services,4,51,0,1,B,0
S07514,U5233,2025-03-02,2025-03,2025-W08,Organic,Mobile,/pricing,3,332,0,1,B,1
S07515,U5234,2025-03-02,2025-03,2025-W08,Organic,Desktop,/pricing,2,443,0,1,B,0
S07516,U5235,2025-03-02,2025-03,2025-W08,Organic,Mobile,/pricing,3,105,0,1,B,0
S07517,U5236,2025-03-02,2025-03,2025-W08,Social,Desktop,/,4,150,0,1,A,0
S07518,U5237,2025-03-02,2025-03,2025-W08,Direct,Desktop,/,1,208,0,1,A,0
S07519,U5238,2025-03-02,2025-03,2025-W08,Social,Desktop,/contact,6,214,0,1,A,0
S07520,U5239,2025-03-02,2025-03,2025-W08,Direct,Mobile,/,5,111,0,1,A,0
S07521,U5240,2025-03-02,2025-03,2025-W08,Email,Desktop,/services,2,83,0,1,A,1
S07522,U3551,2025-03-02,2025-03,2025-W08,Email,Desktop,/services,3,464,0,0,A,0
S07523,U5241,2025-03-02,2025-03,2025-W08,Paid,Mobile,/,2,204,0,1,A,0
S07524,U4335,2025-03-02,2025-03,2025-W08,Direct,Desktop,/,1,311,0,0,A,0
S07525,U5242,2025-03-03,2025-03,2025-W09,Organic,Mobile,/about,3,244,0,1,A,0
S07526,U5243,2025-03-03,2025-03,2025-W09,Paid,Mobile,/pricing,1,158,0,1,B,0
S07527,U5244,2025-03-03,2025-03,2025-W09,Direct,Desktop,/tutors,3,45,0,1,B,0
S07528,U3716,2025-03-03,2025-03,2025-W09,Organic,Desktop,/,1,230,0,0,A,0
S07529,U5245,2025-03-03,2025-03,2025-W09,Organic,Desktop,/,4,131,0,1,A,0
S07530,U4872,2025-03-03,2025-03,2025-W09,Organic,Mobile,/pricing,4,160,0,0,A,0
S07531,U0713,2025-03-03,2025-03,2025-W09,Organic,Mobile,/tutors,6,1144,0,0,A,0
S07532,U5246,2025-03-03,2025-03,2025-W09,Organic,Desktop,/tutors,4,237,0,1,B,0
S07533,U5247,2025-03-03,2025-03,2025-W09,Direct,Desktop,/,1,204,0,1,A,0
S07534,U5248,2025-03-03,2025-03,2025-W09,Social,Desktop,/tutors,2,930,0,1,A,0
S07535,U5249,2025-03-03,2025-03,2025-W09,Social,Mobile,/,3,177,0,1,B,0
S07536,U0645,2025-03-03,2025-03,2025-W09,Email,Desktop,/,3,340,0,0,B,0
S07537,U4683,2025-03-03,2025-03,2025-W09,Organic,Desktop,/,3,464,0,0,A,0
S07538,U0597,2025-03-03,2025-03,2025-W09,Direct,Desktop,/,2,174,0,0,A,0
S07539,U5250,2025-03-03,2025-03,2025-W09,Social,Tablet,/,4,113,0,1,A,0
S07540,U5251,2025-03-03,2025-03,2025-W09,Direct,Mobile,/,1,200,0,1,B,0
S07541,U5252,2025-03-03,2025-03,2025-W09,Direct,Desktop,/services,2,200,0,1,B,0
S07542,U1131,2025-03-03,2025-03,2025-W09,Organic,Mobile,/,2,216,0,0,B,0
S07543,U5253,2025-03-03,2025-03,2025-W09,Organic,Desktop,/contact,2,600,0,1,A,0
S07544,U4439,2025-03-03,2025-03,2025-W09,Social,Mobile,/services,2,166,0,0,A,0
S07545,U5254,2025-03-03,2025-03,2025-W09,Direct,Mobile,/,4,218,0,1,A,0
S07546,U4986,2025-03-03,2025-03,2025-W09,Organic,Desktop,/about,6,67,0,0,A,0
S07547,U5255,2025-03-03,2025-03,2025-W09,Paid,Mobile,/about,2,613,0,1,B,0
S07548,U1333,2025-03-03,2025-03,2025-W09,Organic,Desktop,/services,10,52,0,0,B,0
S07549,U5256,2025-03-03,2025-03,2025-W09,Social,Mobile,/tutors,1,111,0,1,B,0
S07550,U5257,2025-03-03,2025-03,2025-W09,Organic,Desktop,/,2,402,0,1,A,0
S07551,U5258,2025-03-03,2025-03,2025-W09,Direct,Desktop,/contact,1,103,0,1,B,0
S07552,U5259,2025-03-03,2025-03,2025-W09,Organic,Tablet,/tutors,5,114,0,1,B,0
S07553,U5260,2025-03-03,2025-03,2025-W09,Organic,Desktop,/tutors,2,143,0,1,B,0
S07554,U4535,2025-03-03,2025-03,2025-W09,Organic,Desktop,/tutors,4,199,0,0,B,0
S07555,U3983,2025-03-03,2025-03,2025-W09,Social,Desktop,/about,2,499,0,0,B,0
S07556,U3565,2025-03-03,2025-03,2025-W09,Social,Mobile,/tutors,3,212,0,0,B,0
S07557,U4735,2025-03-03,2025-03,2025-W09,Paid,Mobile,/contact,2,651,0,0,A,0
S07558,U5261,2025-03-03,2025-03,2025-W09,Organic,Desktop,/about,2,128,0,1,B,0
S07559,U5262,2025-03-03,2025-03,2025-W09,Direct,Desktop,/contact,7,124,0,1,A,0
S07560,U0408,2025-03-03,2025-03,2025-W09,Organic,Desktop,/,3,595,0,0,B,1
S07561,U5263,2025-03-03,2025-03,2025-W09,Organic,Desktop,/contact,4,728,0,1,B,0
S07562,U5264,2025-03-03,2025-03,2025-W09,Direct,Tablet,/about,2,284,0,1,B,0
S07563,U5265,2025-03-03,2025-03,2025-W09,Organic,Desktop,/,9,200,0,1,A,0
S07564,U1115,2025-03-03,2025-03,2025-W09,Direct,Desktop,/,6,88,0,0,A,0
S07565,U5266,2025-03-03,2025-03,2025-W09,Organic,Desktop,/about,4,273,0,1,B,0
S07566,U5267,2025-03-03,2025-03,2025-W09,Direct,Desktop,/about,2,331,0,1,A,0
S07567,U5268,2025-03-03,2025-03,2025-W09,Organic,Desktop,/services,4,85,0,1,A,0
S07568,U5269,2025-03-03,2025-03,2025-W09,Direct,Mobile,/services,3,45,0,1,A,0
S07569,U3978,2025-03-03,2025-03,2025-W09,Paid,Desktop,/about,3,188,0,0,A,0
S07570,U5270,2025-03-03,2025-03,2025-W09,Email,Mobile,/about,3,544,0,1,B,0
S07571,U2145,2025-03-03,2025-03,2025-W09,Organic,Mobile,/services,2,487,0,0,B,0
S07572,U1117,2025-03-03,2025-03,2025-W09,Organic,Desktop,/services,2,71,0,0,B,0
S07573,U4443,2025-03-03,2025-03,2025-W09,Organic,Desktop,/,2,42,0,0,A,0
S07574,U5271,2025-03-03,2025-03,2025-W09,Email,Mobile,/services,5,159,0,1,B,0
S07575,U5272,2025-03-03,2025-03,2025-W09,Organic,Desktop,/contact,2,171,0,1,A,1
S07576,U5273,2025-03-03,2025-03,2025-W09,Organic,Desktop,/services,4,367,0,1,A,0
S07577,U5274,2025-03-03,2025-03,2025-W09,Organic,Desktop,/services,3,283,0,1,B,0
S07578,U4706,2025-03-03,2025-03,2025-W09,Direct,Desktop,/,4,206,0,0,B,0
S07579,U1459,2025-03-03,2025-03,2025-W09,Direct,Desktop,/,1,425,0,0,B,0
S07580,U5275,2025-03-03,2025-03,2025-W09,Paid,Mobile,/services,4,915,0,1,B,0
S07581,U5276,2025-03-03,2025-03,2025-W09,Organic,Mobile,/about,4,78,0,1,B,0
S07582,U0663,2025-03-03,2025-03,2025-W09,Organic,Desktop,/pricing,5,240,0,0,A,0
S07583,U2972,2025-03-03,2025-03,2025-W09,Organic,Mobile,/contact,1,121,0,0,B,0
S07584,U5277,2025-03-03,2025-03,2025-W09,Social,Desktop,/services,5,29,0,1,B,0
S07585,U4666,2025-03-03,2025-03,2025-W09,Social,Desktop,/pricing,2,200,0,0,B,0
S07586,U3788,2025-03-03,2025-03,2025-W09,Direct,Desktop,/,5,553,0,0,B,1
S07587,U5278,2025-03-03,2025-03,2025-W09,Direct,Mobile,/,4,255,0,1,B,0
S07588,U3964,2025-03-03,2025-03,2025-W09,Organic,Desktop,/,3,428,0,0,B,0
S07589,U5279,2025-03-03,2025-03,2025-W09,Organic,Mobile,/,7,351,0,1,A,0
S07590,U4131,2025-03-03,2025-03,2025-W09,Social,Mobile,/,6,543,0,0,B,0
S07591,U5280,2025-03-03,2025-03,2025-W09,Email,Desktop,/pricing,1,113,0,1,B,0
S07592,U5281,2025-03-03,2025-03,2025-W09,Direct,Tablet,/,3,121,0,1,A,0
S07593,U5282,2025-03-03,2025-03,2025-W09,Organic,Mobile,/pricing,3,130,0,1,A,0
S07594,U5283,2025-03-03,2025-03,2025-W09,Paid,Desktop,/tutors,5,420,0,1,A,0
S07595,U5284,2025-03-03,2025-03,2025-W09,Email,Desktop,/services,3,203,0,1,B,0
S07596,U5285,2025-03-03,2025-03,2025-W09,Social,Desktop,/pricing,5,92,0,1,A,0
S07597,U5286,2025-03-03,2025-03,2025-W09,Direct,Desktop,/tutors,7,248,0,1,B,0
S07598,U5287,2025-03-03,2025-03,2025-W09,Paid,Desktop,/services,2,199,0,1,B,0
S07599,U5288,2025-03-03,2025-03,2025-W09,Social,Desktop,/services,2,260,0,1,B,0
S07600,U5289,2025-03-03,2025-03,2025-W09,Direct,Desktop,/contact,5,806,0,1,A,0
S07601,U5290,2025-03-03,2025-03,2025-W09,Social,Desktop,/tutors,2,218,0,1,A,0
S07602,U2547,2025-03-03,2025-03,2025-W09,Organic,Desktop,/,1,59,0,0,A,0
S07603,U0580,2025-03-03,2025-03,2025-W09,Organic,Desktop,/tutors,2,174,0,0,B,1
S07604,U5291,2025-03-03,2025-03,2025-W09,Organic,Mobile,/,5,262,0,1,A,0
S07605,U5292,2025-03-03,2025-03,2025-W09,Email,Tablet,/pricing,5,554,0,1,A,0
S07606,U5293,2025-03-03,2025-03,2025-W09,Organic,Mobile,/tutors,4,143,0,1,A,0
S07607,U2432,2025-03-03,2025-03,2025-W09,Paid,Desktop,/pricing,3,216,0,0,B,0
S07608,U5294,2025-03-03,2025-03,2025-W09,Organic,Mobile,/tutors,3,795,0,1,B,0
S07609,U5295,2025-03-03,2025-03,2025-W09,Direct,Desktop,/,1,291,0,1,A,0
S07610,U5296,2025-03-03,2025-03,2025-W09,Organic,Desktop,/,1,131,0,1,B,0
S07611,U5297,2025-03-04,2025-03,2025-W09,Direct,Mobile,/tutors,4,371,0,1,B,0
S07612,U5298,2025-03-04,2025-03,2025-W09,Direct,Desktop,/services,2,939,0,1,B,1
S07613,U5299,2025-03-04,2025-03,2025-W09,Social,Desktop,/services,5,281,0,1,B,0
S07614,U5300,2025-03-04,2025-03,2025-W09,Organic,Mobile,/about,3,31,0,1,B,0
S07615,U5301,2025-03-04,2025-03,2025-W09,Direct,Desktop,/tutors,4,431,0,1,B,0
S07616,U2060,2025-03-04,2025-03,2025-W09,Direct,Tablet,/about,3,347,0,0,A,0
S07617,U5302,2025-03-04,2025-03,2025-W09,Organic,Mobile,/tutors,4,84,0,1,B,0
S07618,U5303,2025-03-04,2025-03,2025-W09,Organic,Desktop,/about,5,492,0,1,B,0
S07619,U5304,2025-03-04,2025-03,2025-W09,Organic,Desktop,/,4,63,0,1,A,0
S07620,U5305,2025-03-04,2025-03,2025-W09,Organic,Desktop,/,1,426,0,1,B,0
S07621,U5306,2025-03-04,2025-03,2025-W09,Direct,Desktop,/pricing,2,157,0,1,B,0
S07622,U5307,2025-03-04,2025-03,2025-W09,Organic,Desktop,/services,4,249,0,1,A,0
S07623,U2737,2025-03-04,2025-03,2025-W09,Email,Mobile,/pricing,1,155,0,0,A,1
S07624,U5308,2025-03-04,2025-03,2025-W09,Social,Mobile,/,4,679,0,1,A,0
S07625,U5309,2025-03-04,2025-03,2025-W09,Paid,Desktop,/,6,557,0,1,A,0
S07626,U5310,2025-03-04,2025-03,2025-W09,Organic,Mobile,/pricing,2,298,0,1,A,0
S07627,U3253,2025-03-04,2025-03,2025-W09,Direct,Desktop,/pricing,5,78,0,0,B,0
S07628,U5311,2025-03-04,2025-03,2025-W09,Organic,Mobile,/,3,194,0,1,A,0
S07629,U0279,2025-03-04,2025-03,2025-W09,Social,Desktop,/about,2,316,0,0,A,0
S07630,U5312,2025-03-04,2025-03,2025-W09,Organic,Desktop,/,2,138,0,1,B,0
S07631,U4042,2025-03-04,2025-03,2025-W09,Email,Mobile,/services,1,282,0,0,A,0
S07632,U5313,2025-03-04,2025-03,2025-W09,Organic,Desktop,/,8,315,0,1,A,1
S07633,U5314,2025-03-04,2025-03,2025-W09,Direct,Desktop,/,6,114,0,1,B,0
S07634,U0683,2025-03-04,2025-03,2025-W09,Organic,Mobile,/services,3,305,0,0,A,0
S07635,U5315,2025-03-04,2025-03,2025-W09,Paid,Mobile,/,3,193,0,1,B,0
S07636,U5316,2025-03-04,2025-03,2025-W09,Direct,Desktop,/pricing,2,593,0,1,B,0
S07637,U5317,2025-03-04,2025-03,2025-W09,Direct,Mobile,/,2,149,0,1,B,0
S07638,U5318,2025-03-04,2025-03,2025-W09,Organic,Desktop,/services,2,110,0,1,B,0
S07639,U5319,2025-03-04,2025-03,2025-W09,Email,Desktop,/services,5,533,0,1,A,0
S07640,U5320,2025-03-04,2025-03,2025-W09,Paid,Mobile,/tutors,3,166,0,1,A,0
S07641,U5321,2025-03-04,2025-03,2025-W09,Direct,Desktop,/,3,35,0,1,A,0
S07642,U5322,2025-03-04,2025-03,2025-W09,Organic,Tablet,/pricing,5,131,0,1,B,0
S07643,U5323,2025-03-04,2025-03,2025-W09,Direct,Mobile,/about,2,465,0,1,B,0
S07644,U0682,2025-03-04,2025-03,2025-W09,Direct,Mobile,/tutors,3,242,0,0,A,0
S07645,U5324,2025-03-04,2025-03,2025-W09,Direct,Mobile,/pricing,2,452,0,1,A,0
S07646,U5325,2025-03-04,2025-03,2025-W09,Email,Desktop,/,3,112,0,1,A,0
S07647,U5326,2025-03-04,2025-03,2025-W09,Organic,Desktop,/,3,447,0,1,B,0
S07648,U5327,2025-03-04,2025-03,2025-W09,Direct,Mobile,/,3,165,0,1,B,0
S07649,U5328,2025-03-04,2025-03,2025-W09,Organic,Mobile,/tutors,2,458,0,1,B,1
S07650,U5329,2025-03-04,2025-03,2025-W09,Organic,Desktop,/tutors,4,187,0,1,A,0
S07651,U5330,2025-03-04,2025-03,2025-W09,Organic,Mobile,/,1,126,0,1,A,0
S07652,U5331,2025-03-04,2025-03,2025-W09,Organic,Tablet,/services,5,1523,0,1,B,0
S07653,U5332,2025-03-04,2025-03,2025-W09,Direct,Desktop,/,1,173,0,1,B,0
S07654,U5333,2025-03-04,2025-03,2025-W09,Organic,Mobile,/pricing,5,109,0,1,B,0
S07655,U5334,2025-03-04,2025-03,2025-W09,Organic,Desktop,/services,7,167,0,1,A,0
S07656,U5335,2025-03-04,2025-03,2025-W09,Organic,Desktop,/services,2,187,0,1,A,0
S07657,U5336,2025-03-04,2025-03,2025-W09,Social,Desktop,/tutors,6,167,0,1,A,0
S07658,U5337,2025-03-04,2025-03,2025-W09,Direct,Desktop,/,8,174,0,1,B,1
S07659,U5338,2025-03-04,2025-03,2025-W09,Organic,Desktop,/services,1,96,0,1,B,0
S07660,U5339,2025-03-04,2025-03,2025-W09,Organic,Desktop,/,2,165,0,1,A,0
S07661,U4874,2025-03-04,2025-03,2025-W09,Organic,Mobile,/pricing,2,39,0,0,B,0
S07662,U5340,2025-03-04,2025-03,2025-W09,Organic,Mobile,/,1,130,0,1,B,0
S07663,U5341,2025-03-04,2025-03,2025-W09,Direct,Desktop,/contact,5,231,0,1,A,0
S07664,U1890,2025-03-04,2025-03,2025-W09,Organic,Mobile,/tutors,5,264,0,0,B,0
S07665,U5342,2025-03-04,2025-03,2025-W09,Direct,Mobile,/contact,6,620,0,1,A,0
S07666,U5343,2025-03-04,2025-03,2025-W09,Direct,Desktop,/services,5,231,0,1,A,0
S07667,U5344,2025-03-04,2025-03,2025-W09,Organic,Mobile,/,1,155,0,1,A,0
S07668,U5345,2025-03-04,2025-03,2025-W09,Organic,Desktop,/,4,438,0,1,A,0
S07669,U4743,2025-03-04,2025-03,2025-W09,Direct,Desktop,/services,2,214,0,0,B,0
S07670,U1033,2025-03-04,2025-03,2025-W09,Organic,Mobile,/pricing,1,607,0,0,A,0
S07671,U5346,2025-03-04,2025-03,2025-W09,Organic,Mobile,/pricing,1,170,0,1,B,0
S07672,U5347,2025-03-04,2025-03,2025-W09,Email,Mobile,/contact,3,101,0,1,B,0
S07673,U5348,2025-03-04,2025-03,2025-W09,Paid,Mobile,/tutors,2,106,0,1,B,1
S07674,U5349,2025-03-04,2025-03,2025-W09,Organic,Mobile,/services,4,100,0,1,B,0
S07675,U5350,2025-03-04,2025-03,2025-W09,Organic,Mobile,/pricing,2,270,0,1,A,0
S07676,U5351,2025-03-05,2025-03,2025-W09,Organic,Desktop,/,3,135,0,1,B,0
S07677,U5352,2025-03-05,2025-03,2025-W09,Organic,Mobile,/pricing,3,253,0,1,B,0
S07678,U5353,2025-03-05,2025-03,2025-W09,Organic,Desktop,/services,1,273,0,1,A,0
S07679,U5354,2025-03-05,2025-03,2025-W09,Organic,Mobile,/pricing,1,123,0,1,A,0
S07680,U5355,2025-03-05,2025-03,2025-W09,Direct,Desktop,/tutors,5,222,0,1,B,0
S07681,U2961,2025-03-05,2025-03,2025-W09,Direct,Desktop,/,2,25,0,0,A,0
S07682,U3339,2025-03-05,2025-03,2025-W09,Email,Mobile,/tutors,3,123,0,0,B,0
S07683,U5356,2025-03-05,2025-03,2025-W09,Direct,Desktop,/services,3,192,0,1,B,0
S07684,U5357,2025-03-05,2025-03,2025-W09,Direct,Mobile,/contact,2,432,0,1,A,0
S07685,U5358,2025-03-05,2025-03,2025-W09,Organic,Desktop,/,2,1768,0,1,B,0
S07686,U5359,2025-03-05,2025-03,2025-W09,Direct,Desktop,/,5,102,0,1,A,1
S07687,U5360,2025-03-05,2025-03,2025-W09,Email,Mobile,/services,3,471,0,1,B,0
S07688,U5361,2025-03-05,2025-03,2025-W09,Email,Desktop,/,3,390,0,1,B,1
S07689,U5362,2025-03-05,2025-03,2025-W09,Social,Mobile,/services,3,375,0,1,A,0
S07690,U5363,2025-03-05,2025-03,2025-W09,Organic,Tablet,/contact,3,1043,0,1,A,0
S07691,U5364,2025-03-05,2025-03,2025-W09,Direct,Mobile,/,4,149,0,1,A,0
S07692,U5365,2025-03-05,2025-03,2025-W09,Organic,Mobile,/,2,95,0,1,A,0
S07693,U5366,2025-03-05,2025-03,2025-W09,Email,Tablet,/pricing,8,91,0,1,A,0
S07694,U5367,2025-03-05,2025-03,2025-W09,Social,Mobile,/services,5,204,0,1,B,0
S07695,U5368,2025-03-05,2025-03,2025-W09,Direct,Desktop,/,4,288,0,1,A,0
S07696,U4021,2025-03-05,2025-03,2025-W09,Organic,Mobile,/,3,53,0,0,B,0
S07697,U5369,2025-03-05,2025-03,2025-W09,Organic,Desktop,/about,5,861,0,1,A,0
S07698,U5370,2025-03-05,2025-03,2025-W09,Organic,Mobile,/about,1,592,0,1,A,1
S07699,U2851,2025-03-05,2025-03,2025-W09,Paid,Mobile,/,3,114,0,0,B,0
S07700,U1741,2025-03-05,2025-03,2025-W09,Social,Desktop,/tutors,3,78,0,0,B,0
S07701,U5371,2025-03-05,2025-03,2025-W09,Paid,Mobile,/pricing,5,439,0,1,A,0
S07702,U5372,2025-03-05,2025-03,2025-W09,Organic,Mobile,/contact,2,341,0,1,B,0
S07703,U5373,2025-03-05,2025-03,2025-W09,Direct,Mobile,/services,1,39,0,1,A,0
S07704,U5374,2025-03-05,2025-03,2025-W09,Organic,Mobile,/about,3,340,0,1,B,0
S07705,U5375,2025-03-05,2025-03,2025-W09,Direct,Desktop,/services,1,546,0,1,A,0
S07706,U5376,2025-03-05,2025-03,2025-W09,Organic,Desktop,/services,3,605,0,1,B,0
S07707,U2712,2025-03-05,2025-03,2025-W09,Social,Tablet,/services,4,160,0,0,B,0
S07708,U0262,2025-03-05,2025-03,2025-W09,Organic,Mobile,/tutors,4,223,0,0,B,0
S07709,U5377,2025-03-05,2025-03,2025-W09,Social,Mobile,/,4,390,0,1,B,0
S07710,U5378,2025-03-05,2025-03,2025-W09,Direct,Desktop,/tutors,1,198,0,1,B,1
S07711,U5220,2025-03-05,2025-03,2025-W09,Organic,Tablet,/pricing,1,113,0,0,B,0
S07712,U5379,2025-03-05,2025-03,2025-W09,Organic,Desktop,/about,5,558,0,1,B,0
S07713,U5380,2025-03-05,2025-03,2025-W09,Organic,Desktop,/services,4,106,0,1,B,0
S07714,U0956,2025-03-05,2025-03,2025-W09,Email,Mobile,/pricing,2,208,0,0,A,1
S07715,U5381,2025-03-05,2025-03,2025-W09,Social,Desktop,/,5,1462,0,1,B,0
S07716,U0054,2025-03-05,2025-03,2025-W09,Paid,Desktop,/services,4,405,0,0,A,0
S07717,U5382,2025-03-05,2025-03,2025-W09,Direct,Mobile,/pricing,1,192,0,1,B,0
S07718,U5383,2025-03-05,2025-03,2025-W09,Social,Mobile,/services,3,238,0,1,A,0
S07719,U5384,2025-03-05,2025-03,2025-W09,Organic,Mobile,/,2,116,0,1,A,0
S07720,U5385,2025-03-05,2025-03,2025-W09,Organic,Desktop,/pricing,2,78,0,1,A,0
S07721,U5386,2025-03-05,2025-03,2025-W09,Organic,Mobile,/,5,86,0,1,B,0
S07722,U5387,2025-03-05,2025-03,2025-W09,Organic,Mobile,/services,4,275,0,1,B,0
S07723,U5388,2025-03-05,2025-03,2025-W09,Organic,Desktop,/,6,55,0,1,B,0
S07724,U5389,2025-03-05,2025-03,2025-W09,Organic,Desktop,/tutors,3,188,0,1,B,0
S07725,U1969,2025-03-05,2025-03,2025-W09,Organic,Desktop,/services,4,160,0,0,A,0
S07726,U5390,2025-03-05,2025-03,2025-W09,Direct,Mobile,/contact,1,341,0,1,B,0
S07727,U1159,2025-03-05,2025-03,2025-W09,Paid,Desktop,/services,4,407,0,0,B,0
S07728,U5391,2025-03-05,2025-03,2025-W09,Direct,Tablet,/services,2,44,0,1,A,0
S07729,U3796,2025-03-05,2025-03,2025-W09,Email,Desktop,/services,5,394,0,0,B,0
S07730,U5392,2025-03-05,2025-03,2025-W09,Organic,Desktop,/,2,260,0,1,A,0
S07731,U5393,2025-03-05,2025-03,2025-W09,Direct,Mobile,/tutors,4,155,0,1,A,0
S07732,U5394,2025-03-05,2025-03,2025-W09,Social,Desktop,/about,2,193,0,1,A,0
S07733,U4512,2025-03-05,2025-03,2025-W09,Direct,Mobile,/,2,69,0,0,B,1
S07734,U1379,2025-03-05,2025-03,2025-W09,Organic,Desktop,/pricing,2,198,0,0,A,0
S07735,U5395,2025-03-05,2025-03,2025-W09,Organic,Desktop,/services,3,767,0,1,A,0
S07736,U2889,2025-03-05,2025-03,2025-W09,Direct,Desktop,/services,3,140,0,0,A,0
S07737,U5396,2025-03-05,2025-03,2025-W09,Email,Desktop,/,3,274,0,1,B,1
S07738,U5397,2025-03-05,2025-03,2025-W09,Direct,Mobile,/,7,179,0,1,A,0
S07739,U2999,2025-03-05,2025-03,2025-W09,Organic,Desktop,/,2,287,0,0,B,0
S07740,U5398,2025-03-05,2025-03,2025-W09,Organic,Mobile,/services,2,317,0,1,B,0
S07741,U5399,2025-03-05,2025-03,2025-W09,Email,Mobile,/pricing,2,40,0,1,A,0
S07742,U5400,2025-03-05,2025-03,2025-W09,Direct,Mobile,/,3,333,0,1,A,0
S07743,U4822,2025-03-05,2025-03,2025-W09,Social,Desktop,/,3,232,0,0,B,0
S07744,U5401,2025-03-05,2025-03,2025-W09,Email,Desktop,/pricing,1,146,0,1,A,0
S07745,U5402,2025-03-05,2025-03,2025-W09,Direct,Mobile,/services,4,125,0,1,A,0
S07746,U5403,2025-03-05,2025-03,2025-W09,Direct,Desktop,/,8,176,0,1,A,0
S07747,U5404,2025-03-05,2025-03,2025-W09,Organic,Mobile,/,2,63,0,1,A,0
S07748,U5405,2025-03-05,2025-03,2025-W09,Organic,Desktop,/tutors,3,393,0,1,A,0
S07749,U5406,2025-03-05,2025-03,2025-W09,Social,Desktop,/tutors,4,399,0,1,A,0
S07750,U5407,2025-03-05,2025-03,2025-W09,Organic,Mobile,/services,4,190,0,1,A,0
S07751,U5408,2025-03-05,2025-03,2025-W09,Email,Desktop,/,3,462,0,1,B,1
S07752,U5409,2025-03-05,2025-03,2025-W09,Organic,Desktop,/tutors,3,380,0,1,B,0
S07753,U4767,2025-03-06,2025-03,2025-W09,Email,Mobile,/services,5,68,0,0,A,0
S07754,U4171,2025-03-06,2025-03,2025-W09,Social,Mobile,/,4,98,0,0,A,0
S07755,U5410,2025-03-06,2025-03,2025-W09,Direct,Desktop,/services,2,150,0,1,A,0
S07756,U0787,2025-03-06,2025-03,2025-W09,Social,Mobile,/services,3,184,0,0,B,0
S07757,U3906,2025-03-06,2025-03,2025-W09,Paid,Desktop,/,3,88,0,0,A,0
S07758,U4516,2025-03-06,2025-03,2025-W09,Email,Mobile,/,2,421,0,0,B,0
S07759,U1045,2025-03-06,2025-03,2025-W09,Organic,Mobile,/contact,2,277,0,0,A,0
S07760,U5411,2025-03-06,2025-03,2025-W09,Direct,Desktop,/,2,171,0,1,B,0
S07761,U5412,2025-03-06,2025-03,2025-W09,Organic,Desktop,/services,3,96,0,1,B,0
S07762,U2273,2025-03-06,2025-03,2025-W09,Direct,Desktop,/,3,296,0,0,A,0
S07763,U5413,2025-03-06,2025-03,2025-W09,Direct,Mobile,/services,4,111,0,1,A,0
S07764,U5414,2025-03-06,2025-03,2025-W09,Email,Mobile,/services,2,746,0,1,B,0
S07765,U5415,2025-03-06,2025-03,2025-W09,Organic,Mobile,/,3,33,0,1,A,0
S07766,U2949,2025-03-06,2025-03,2025-W09,Organic,Desktop,/services,6,64,0,0,A,0
S07767,U5416,2025-03-06,2025-03,2025-W09,Organic,Desktop,/services,2,421,0,1,A,0
S07768,U5417,2025-03-06,2025-03,2025-W09,Email,Mobile,/services,5,117,0,1,B,0
S07769,U5418,2025-03-06,2025-03,2025-W09,Organic,Desktop,/tutors,3,498,0,1,A,0
S07770,U5419,2025-03-06,2025-03,2025-W09,Organic,Mobile,/,3,503,0,1,A,0
S07771,U1223,2025-03-06,2025-03,2025-W09,Social,Desktop,/,4,247,0,0,B,0
S07772,U3596,2025-03-06,2025-03,2025-W09,Email,Desktop,/pricing,3,125,0,0,A,0
S07773,U5420,2025-03-06,2025-03,2025-W09,Direct,Desktop,/pricing,4,279,0,1,A,0
S07774,U5421,2025-03-06,2025-03,2025-W09,Email,Mobile,/tutors,2,646,0,1,A,0
S07775,U5422,2025-03-06,2025-03,2025-W09,Organic,Desktop,/,2,135,0,1,A,1
S07776,U5423,2025-03-06,2025-03,2025-W09,Social,Desktop,/tutors,1,219,0,1,A,0
S07777,U2749,2025-03-06,2025-03,2025-W09,Direct,Mobile,/,8,37,0,0,B,0
S07778,U5424,2025-03-06,2025-03,2025-W09,Organic,Mobile,/,2,55,0,1,A,0
S07779,U0471,2025-03-06,2025-03,2025-W09,Email,Desktop,/,4,331,0,0,B,0
S07780,U5425,2025-03-06,2025-03,2025-W09,Social,Mobile,/,5,1042,0,1,B,0
S07781,U5426,2025-03-06,2025-03,2025-W09,Social,Mobile,/pricing,5,145,0,1,B,0
S07782,U5427,2025-03-06,2025-03,2025-W09,Direct,Mobile,/about,2,148,0,1,B,0
S07783,U4402,2025-03-06,2025-03,2025-W09,Organic,Mobile,/,2,117,0,0,B,0
S07784,U5428,2025-03-06,2025-03,2025-W09,Direct,Desktop,/tutors,3,68,0,1,A,0
S07785,U5429,2025-03-06,2025-03,2025-W09,Direct,Desktop,/tutors,1,65,0,1,B,0
S07786,U0607,2025-03-06,2025-03,2025-W09,Organic,Mobile,/,6,273,0,0,B,0
S07787,U5430,2025-03-06,2025-03,2025-W09,Social,Desktop,/about,2,400,0,1,A,0
S07788,U5431,2025-03-06,2025-03,2025-W09,Social,Mobile,/,2,179,0,1,B,0
S07789,U5432,2025-03-06,2025-03,2025-W09,Email,Desktop,/,2,54,0,1,A,0
S07790,U0239,2025-03-06,2025-03,2025-W09,Organic,Mobile,/contact,1,519,0,0,B,0
S07791,U5433,2025-03-06,2025-03,2025-W09,Organic,Desktop,/tutors,4,81,0,1,B,0
S07792,U5434,2025-03-06,2025-03,2025-W09,Organic,Mobile,/services,3,174,0,1,B,0
S07793,U5435,2025-03-06,2025-03,2025-W09,Paid,Desktop,/tutors,5,149,0,1,B,0
S07794,U5436,2025-03-06,2025-03,2025-W09,Email,Mobile,/,5,114,0,1,A,0
S07795,U0971,2025-03-06,2025-03,2025-W09,Organic,Tablet,/about,4,1010,0,0,A,0
S07796,U0458,2025-03-06,2025-03,2025-W09,Paid,Desktop,/,2,701,0,0,B,0
S07797,U5437,2025-03-06,2025-03,2025-W09,Social,Desktop,/,3,114,0,1,A,0
S07798,U5438,2025-03-06,2025-03,2025-W09,Email,Mobile,/,2,709,0,1,A,0
S07799,U5439,2025-03-06,2025-03,2025-W09,Email,Mobile,/,8,412,0,1,A,0
S07800,U5440,2025-03-06,2025-03,2025-W09,Organic,Desktop,/about,6,127,0,1,B,0
S07801,U5441,2025-03-06,2025-03,2025-W09,Email,Tablet,/,4,135,0,1,B,0
S07802,U5442,2025-03-06,2025-03,2025-W09,Organic,Mobile,/tutors,2,463,0,1,B,0
S07803,U5443,2025-03-06,2025-03,2025-W09,Social,Desktop,/,9,640,0,1,B,0
S07804,U5444,2025-03-06,2025-03,2025-W09,Organic,Desktop,/,1,112,0,1,A,0
S07805,U2087,2025-03-06,2025-03,2025-W09,Organic,Desktop,/pricing,6,488,0,0,B,0
S07806,U3535,2025-03-06,2025-03,2025-W09,Organic,Mobile,/tutors,3,140,0,0,B,0
S07807,U2509,2025-03-06,2025-03,2025-W09,Paid,Desktop,/pricing,2,95,0,0,B,0
S07808,U1841,2025-03-06,2025-03,2025-W09,Direct,Desktop,/,3,307,0,0,A,0
S07809,U5445,2025-03-06,2025-03,2025-W09,Email,Tablet,/pricing,1,224,0,1,B,0
S07810,U5446,2025-03-06,2025-03,2025-W09,Direct,Desktop,/services,4,86,0,1,A,0
S07811,U1384,2025-03-06,2025-03,2025-W09,Organic,Desktop,/services,9,101,0,0,B,0
S07812,U5447,2025-03-06,2025-03,2025-W09,Email,Desktop,/tutors,4,222,0,1,B,0
S07813,U1204,2025-03-06,2025-03,2025-W09,Organic,Mobile,/services,3,69,0,0,B,0
S07814,U5448,2025-03-06,2025-03,2025-W09,Organic,Mobile,/about,6,531,0,1,B,0
S07815,U5449,2025-03-06,2025-03,2025-W09,Email,Mobile,/,2,99,0,1,B,0
S07816,U5450,2025-03-06,2025-03,2025-W09,Organic,Desktop,/,2,389,0,1,B,0
S07817,U5451,2025-03-06,2025-03,2025-W09,Direct,Desktop,/,1,182,0,1,B,0
S07818,U4217,2025-03-06,2025-03,2025-W09,Email,Desktop,/,4,753,0,0,B,0
S07819,U5452,2025-03-06,2025-03,2025-W09,Organic,Tablet,/pricing,4,127,0,1,B,0
S07820,U5453,2025-03-06,2025-03,2025-W09,Organic,Mobile,/services,3,92,0,1,B,0
S07821,U5454,2025-03-06,2025-03,2025-W09,Organic,Mobile,/,5,228,0,1,A,0
S07822,U5455,2025-03-06,2025-03,2025-W09,Organic,Tablet,/tutors,2,660,0,1,B,0
S07823,U5456,2025-03-06,2025-03,2025-W09,Organic,Desktop,/,1,306,0,1,B,0
S07824,U2549,2025-03-06,2025-03,2025-W09,Organic,Mobile,/services,5,288,0,0,A,0
S07825,U5457,2025-03-06,2025-03,2025-W09,Direct,Mobile,/pricing,1,61,0,1,A,0
S07826,U5458,2025-03-06,2025-03,2025-W09,Direct,Mobile,/,5,109,0,1,B,0
S07827,U4586,2025-03-06,2025-03,2025-W09,Email,Mobile,/,4,186,0,0,B,0
S07828,U1098,2025-03-06,2025-03,2025-W09,Organic,Mobile,/services,4,211,0,0,B,0
S07829,U5459,2025-03-06,2025-03,2025-W09,Organic,Desktop,/,2,102,0,1,B,0
S07830,U5460,2025-03-06,2025-03,2025-W09,Organic,Desktop,/pricing,9,658,0,1,A,0
S07831,U5461,2025-03-06,2025-03,2025-W09,Organic,Mobile,/pricing,1,158,0,1,B,0
S07832,U5462,2025-03-06,2025-03,2025-W09,Direct,Mobile,/tutors,2,240,0,1,B,0
S07833,U1658,2025-03-06,2025-03,2025-W09,Direct,Mobile,/tutors,6,164,0,0,B,0
S07834,U1974,2025-03-06,2025-03,2025-W09,Email,Tablet,/,2,574,0,0,A,1
S07835,U5463,2025-03-06,2025-03,2025-W09,Direct,Desktop,/,4,163,0,1,B,0
S07836,U5464,2025-03-06,2025-03,2025-W09,Email,Desktop,/,3,237,0,1,A,0
S07837,U2188,2025-03-06,2025-03,2025-W09,Social,Mobile,/contact,3,98,0,0,B,0
S07838,U5465,2025-03-06,2025-03,2025-W09,Organic,Desktop,/about,2,468,0,1,A,0
S07839,U5466,2025-03-06,2025-03,2025-W09,Organic,Desktop,/,3,277,0,1,B,0
S07840,U2711,2025-03-06,2025-03,2025-W09,Direct,Desktop,/services,6,255,0,0,B,0
S07841,U5467,2025-03-06,2025-03,2025-W09,Organic,Desktop,/pricing,3,811,0,1,A,0
S07842,U5468,2025-03-06,2025-03,2025-W09,Organic,Desktop,/services,2,223,0,1,B,0
S07843,U5469,2025-03-06,2025-03,2025-W09,Social,Desktop,/tutors,1,96,0,1,B,0
S07844,U5470,2025-03-06,2025-03,2025-W09,Direct,Desktop,/,5,61,0,1,A,0
S07845,U1966,2025-03-07,2025-03,2025-W09,Organic,Mobile,/pricing,4,36,0,0,B,0
S07846,U5471,2025-03-07,2025-03,2025-W09,Organic,Mobile,/services,3,130,0,1,B,0
S07847,U3168,2025-03-07,2025-03,2025-W09,Social,Desktop,/tutors,4,356,0,0,B,0
S07848,U5472,2025-03-07,2025-03,2025-W09,Organic,Desktop,/services,2,67,0,1,B,0
S07849,U5473,2025-03-07,2025-03,2025-W09,Organic,Desktop,/services,1,94,0,1,A,0
S07850,U2297,2025-03-07,2025-03,2025-W09,Direct,Desktop,/services,1,202,0,0,B,0
S07851,U2340,2025-03-07,2025-03,2025-W09,Direct,Desktop,/pricing,3,769,0,0,A,0
S07852,U5474,2025-03-07,2025-03,2025-W09,Organic,Mobile,/tutors,5,667,0,1,B,0
S07853,U5475,2025-03-07,2025-03,2025-W09,Organic,Mobile,/tutors,2,378,0,1,A,0
S07854,U5476,2025-03-07,2025-03,2025-W09,Direct,Desktop,/,5,306,0,1,B,0
S07855,U5477,2025-03-07,2025-03,2025-W09,Direct,Mobile,/services,5,175,0,1,B,0
S07856,U5478,2025-03-07,2025-03,2025-W09,Social,Tablet,/tutors,6,263,0,1,A,0
S07857,U5479,2025-03-07,2025-03,2025-W09,Email,Desktop,/,4,135,0,1,A,0
S07858,U5480,2025-03-07,2025-03,2025-W09,Direct,Desktop,/pricing,2,509,0,1,B,0
S07859,U5481,2025-03-07,2025-03,2025-W09,Organic,Mobile,/contact,1,86,0,1,B,0
S07860,U1963,2025-03-07,2025-03,2025-W09,Email,Desktop,/,3,293,0,0,B,1
S07861,U5482,2025-03-07,2025-03,2025-W09,Email,Mobile,/services,1,152,0,1,A,0
S07862,U4822,2025-03-07,2025-03,2025-W09,Organic,Desktop,/services,4,83,0,0,B,0
S07863,U3153,2025-03-07,2025-03,2025-W09,Email,Desktop,/,7,108,0,0,A,1
S07864,U5483,2025-03-07,2025-03,2025-W09,Social,Mobile,/,5,126,0,1,A,0
S07865,U5484,2025-03-07,2025-03,2025-W09,Email,Tablet,/,6,125,0,1,A,0
S07866,U5485,2025-03-07,2025-03,2025-W09,Direct,Desktop,/,3,65,0,1,A,0
S07867,U5486,2025-03-07,2025-03,2025-W09,Email,Desktop,/,1,197,0,1,A,0
S07868,U5487,2025-03-07,2025-03,2025-W09,Paid,Desktop,/,4,51,0,1,B,0
S07869,U5488,2025-03-07,2025-03,2025-W09,Organic,Desktop,/tutors,1,133,0,1,B,0
S07870,U0458,2025-03-07,2025-03,2025-W09,Social,Desktop,/,2,54,0,0,B,0
S07871,U5489,2025-03-07,2025-03,2025-W09,Organic,Mobile,/tutors,2,408,0,1,A,0
S07872,U5490,2025-03-07,2025-03,2025-W09,Direct,Mobile,/services,7,159,0,1,B,0
S07873,U5491,2025-03-07,2025-03,2025-W09,Social,Mobile,/services,4,373,0,1,A,0
S07874,U5289,2025-03-07,2025-03,2025-W09,Organic,Desktop,/pricing,5,267,0,0,A,0
S07875,U4349,2025-03-07,2025-03,2025-W09,Direct,Mobile,/tutors,3,67,0,0,A,0
S07876,U5492,2025-03-07,2025-03,2025-W09,Organic,Mobile,/,2,309,0,1,A,0
S07877,U3018,2025-03-07,2025-03,2025-W09,Social,Desktop,/services,4,110,0,0,B,0
S07878,U5493,2025-03-07,2025-03,2025-W09,Organic,Mobile,/,4,98,0,1,B,0
S07879,U5494,2025-03-07,2025-03,2025-W09,Direct,Desktop,/,4,51,0,1,B,0
S07880,U5390,2025-03-07,2025-03,2025-W09,Organic,Desktop,/,5,36,0,0,B,0
S07881,U5495,2025-03-07,2025-03,2025-W09,Direct,Desktop,/services,3,683,0,1,A,0
S07882,U5496,2025-03-07,2025-03,2025-W09,Direct,Desktop,/,5,108,0,1,A,0
S07883,U5329,2025-03-07,2025-03,2025-W09,Email,Desktop,/,3,138,0,0,A,0
S07884,U5497,2025-03-07,2025-03,2025-W09,Social,Mobile,/pricing,1,404,0,1,A,0
S07885,U1341,2025-03-07,2025-03,2025-W09,Social,Desktop,/tutors,4,25,0,0,B,0
S07886,U5498,2025-03-07,2025-03,2025-W09,Organic,Desktop,/services,6,96,0,1,B,0
S07887,U5499,2025-03-07,2025-03,2025-W09,Direct,Mobile,/tutors,3,49,0,1,B,0
S07888,U5500,2025-03-07,2025-03,2025-W09,Direct,Mobile,/,5,27,0,1,A,0
S07889,U3644,2025-03-07,2025-03,2025-W09,Email,Mobile,/about,7,69,0,0,B,0
S07890,U3523,2025-03-07,2025-03,2025-W09,Organic,Desktop,/about,4,192,0,0,B,0
S07891,U5501,2025-03-07,2025-03,2025-W09,Organic,Desktop,/,6,380,0,1,A,0
S07892,U5502,2025-03-07,2025-03,2025-W09,Organic,Desktop,/,5,52,0,1,A,0
S07893,U5503,2025-03-07,2025-03,2025-W09,Email,Desktop,/,1,231,0,1,B,0
S07894,U5156,2025-03-07,2025-03,2025-W09,Email,Desktop,/pricing,2,851,0,0,B,0
S07895,U5504,2025-03-07,2025-03,2025-W09,Paid,Desktop,/tutors,4,310,0,1,A,0
S07896,U5505,2025-03-07,2025-03,2025-W09,Direct,Desktop,/services,4,87,0,1,A,1
S07897,U5506,2025-03-07,2025-03,2025-W09,Organic,Desktop,/services,4,315,0,1,A,0
S07898,U5507,2025-03-07,2025-03,2025-W09,Direct,Mobile,/pricing,3,434,0,1,B,0
S07899,U0208,2025-03-07,2025-03,2025-W09,Organic,Mobile,/,5,104,0,0,A,0
S07900,U5508,2025-03-07,2025-03,2025-W09,Organic,Mobile,/tutors,2,42,0,1,A,0
S07901,U5509,2025-03-07,2025-03,2025-W09,Direct,Mobile,/,3,300,0,1,A,0
S07902,U3794,2025-03-07,2025-03,2025-W09,Organic,Desktop,/services,3,214,0,0,A,0
S07903,U5510,2025-03-07,2025-03,2025-W09,Direct,Mobile,/,1,148,0,1,A,0
S07904,U2467,2025-03-07,2025-03,2025-W09,Email,Desktop,/contact,2,181,0,0,B,0
S07905,U5511,2025-03-07,2025-03,2025-W09,Social,Mobile,/,2,124,0,1,A,0
S07906,U5512,2025-03-07,2025-03,2025-W09,Email,Desktop,/tutors,4,158,0,1,B,0
S07907,U5513,2025-03-07,2025-03,2025-W09,Email,Mobile,/services,5,84,0,1,A,0
S07908,U5514,2025-03-07,2025-03,2025-W09,Direct,Desktop,/services,5,244,0,1,B,0
S07909,U0288,2025-03-07,2025-03,2025-W09,Organic,Desktop,/services,3,427,0,0,A,0
S07910,U5099,2025-03-07,2025-03,2025-W09,Organic,Mobile,/tutors,2,279,0,0,B,0
S07911,U5515,2025-03-07,2025-03,2025-W09,Social,Desktop,/services,5,441,0,1,A,0
S07912,U5516,2025-03-07,2025-03,2025-W09,Organic,Mobile,/services,3,57,0,1,A,0
S07913,U5283,2025-03-07,2025-03,2025-W09,Organic,Mobile,/pricing,3,45,0,0,A,0
S07914,U5517,2025-03-07,2025-03,2025-W09,Paid,Mobile,/,2,235,0,1,A,0
S07915,U5518,2025-03-07,2025-03,2025-W09,Organic,Mobile,/,2,83,0,1,A,0
S07916,U5519,2025-03-07,2025-03,2025-W09,Direct,Desktop,/services,2,123,0,1,B,0
S07917,U5520,2025-03-07,2025-03,2025-W09,Organic,Tablet,/,1,339,0,1,A,0
S07918,U5521,2025-03-07,2025-03,2025-W09,Organic,Mobile,/,3,174,0,1,B,0
S07919,U1385,2025-03-07,2025-03,2025-W09,Direct,Mobile,/pricing,3,60,0,0,A,0
S07920,U5522,2025-03-08,2025-03,2025-W09,Organic,Desktop,/about,2,154,0,1,B,0
S07921,U5046,2025-03-08,2025-03,2025-W09,Social,Desktop,/pricing,2,434,0,0,A,0
S07922,U5523,2025-03-08,2025-03,2025-W09,Organic,Mobile,/contact,6,431,0,1,A,0
S07923,U2979,2025-03-08,2025-03,2025-W09,Direct,Tablet,/,4,87,0,0,B,0
S07924,U5524,2025-03-08,2025-03,2025-W09,Organic,Desktop,/services,7,373,0,1,B,0
S07925,U5525,2025-03-08,2025-03,2025-W09,Organic,Mobile,/,6,176,0,1,B,0
S07926,U5526,2025-03-08,2025-03,2025-W09,Email,Mobile,/about,7,354,0,1,A,0
S07927,U5527,2025-03-08,2025-03,2025-W09,Social,Desktop,/,2,181,0,1,A,0
S07928,U5528,2025-03-08,2025-03,2025-W09,Direct,Mobile,/pricing,2,633,0,1,A,1
S07929,U5529,2025-03-08,2025-03,2025-W09,Organic,Desktop,/,5,639,0,1,A,0
S07930,U5530,2025-03-08,2025-03,2025-W09,Direct,Desktop,/,3,62,0,1,B,0
S07931,U5531,2025-03-08,2025-03,2025-W09,Organic,Tablet,/,5,549,0,1,A,0
S07932,U5532,2025-03-08,2025-03,2025-W09,Paid,Desktop,/,2,71,0,1,A,0
S07933,U5533,2025-03-08,2025-03,2025-W09,Organic,Mobile,/pricing,4,255,0,1,A,0
S07934,U5534,2025-03-08,2025-03,2025-W09,Paid,Desktop,/tutors,2,73,0,1,B,0
S07935,U0116,2025-03-08,2025-03,2025-W09,Organic,Mobile,/pricing,1,58,0,0,B,0
S07936,U0818,2025-03-08,2025-03,2025-W09,Direct,Tablet,/services,2,130,0,0,A,0
S07937,U5535,2025-03-08,2025-03,2025-W09,Organic,Desktop,/pricing,2,136,0,1,B,0
S07938,U5536,2025-03-08,2025-03,2025-W09,Organic,Mobile,/services,4,173,0,1,A,0
S07939,U5537,2025-03-08,2025-03,2025-W09,Email,Desktop,/,2,329,0,1,B,0
S07940,U5538,2025-03-08,2025-03,2025-W09,Direct,Desktop,/services,5,37,0,1,A,0
S07941,U5539,2025-03-08,2025-03,2025-W09,Email,Desktop,/services,1,117,0,1,A,0
S07942,U5540,2025-03-08,2025-03,2025-W09,Email,Desktop,/pricing,1,165,0,1,A,0
S07943,U5541,2025-03-08,2025-03,2025-W09,Organic,Mobile,/,7,386,0,1,A,0
S07944,U5542,2025-03-08,2025-03,2025-W09,Organic,Mobile,/tutors,3,232,0,1,A,0
S07945,U5543,2025-03-08,2025-03,2025-W09,Organic,Mobile,/contact,3,72,0,1,A,0
S07946,U5544,2025-03-08,2025-03,2025-W09,Social,Desktop,/services,3,72,0,1,B,0
S07947,U1776,2025-03-08,2025-03,2025-W09,Direct,Desktop,/about,4,323,0,0,A,0
S07948,U5545,2025-03-08,2025-03,2025-W09,Direct,Desktop,/tutors,3,159,0,1,A,0
S07949,U4165,2025-03-08,2025-03,2025-W09,Direct,Desktop,/,1,316,0,0,B,1
S07950,U4977,2025-03-08,2025-03,2025-W09,Email,Tablet,/pricing,7,191,0,0,B,0
S07951,U5546,2025-03-08,2025-03,2025-W09,Organic,Mobile,/,4,262,0,1,A,0
S07952,U5547,2025-03-08,2025-03,2025-W09,Direct,Mobile,/,5,51,0,1,A,0
S07953,U5548,2025-03-08,2025-03,2025-W09,Paid,Desktop,/,1,56,0,1,A,0
S07954,U5549,2025-03-08,2025-03,2025-W09,Organic,Mobile,/about,3,588,0,1,A,0
S07955,U5550,2025-03-08,2025-03,2025-W09,Organic,Desktop,/tutors,2,345,0,1,B,0
S07956,U5551,2025-03-08,2025-03,2025-W09,Direct,Mobile,/,6,222,0,1,A,0
S07957,U5552,2025-03-08,2025-03,2025-W09,Social,Desktop,/,4,79,0,1,B,0
S07958,U5553,2025-03-08,2025-03,2025-W09,Organic,Mobile,/services,4,146,0,1,A,0
S07959,U5375,2025-03-08,2025-03,2025-W09,Direct,Mobile,/pricing,1,116,0,0,A,0
S07960,U5554,2025-03-08,2025-03,2025-W09,Direct,Desktop,/,5,74,0,1,A,0
S07961,U5555,2025-03-08,2025-03,2025-W09,Direct,Desktop,/,4,453,0,1,A,0
S07962,U5556,2025-03-08,2025-03,2025-W09,Organic,Desktop,/pricing,3,517,0,1,A,0
S07963,U5557,2025-03-08,2025-03,2025-W09,Direct,Desktop,/tutors,2,245,0,1,A,0
S07964,U3251,2025-03-08,2025-03,2025-W09,Social,Desktop,/services,3,409,0,0,A,0
S07965,U5558,2025-03-08,2025-03,2025-W09,Organic,Tablet,/services,6,25,0,1,A,0
S07966,U3978,2025-03-08,2025-03,2025-W09,Paid,Mobile,/tutors,2,64,0,0,A,0
S07967,U4579,2025-03-08,2025-03,2025-W09,Organic,Desktop,/tutors,2,240,0,0,B,0
S07968,U5559,2025-03-08,2025-03,2025-W09,Direct,Desktop,/about,6,140,0,1,A,0
S07969,U5560,2025-03-08,2025-03,2025-W09,Direct,Desktop,/pricing,2,630,0,1,B,1
S07970,U5561,2025-03-08,2025-03,2025-W09,Direct,Desktop,/,2,154,0,1,B,0
S07971,U5562,2025-03-08,2025-03,2025-W09,Direct,Desktop,/pricing,1,318,0,1,B,0
S07972,U2350,2025-03-08,2025-03,2025-W09,Paid,Mobile,/about,9,103,0,0,B,0
S07973,U3880,2025-03-08,2025-03,2025-W09,Organic,Mobile,/,4,255,0,0,B,0
S07974,U5563,2025-03-08,2025-03,2025-W09,Social,Desktop,/about,2,116,0,1,B,0
S07975,U3901,2025-03-08,2025-03,2025-W09,Social,Desktop,/,1,362,0,0,B,1
S07976,U5564,2025-03-08,2025-03,2025-W09,Direct,Desktop,/,6,166,0,1,B,0
S07977,U5565,2025-03-08,2025-03,2025-W09,Paid,Desktop,/,4,77,0,1,B,0
S07978,U5566,2025-03-08,2025-03,2025-W09,Direct,Mobile,/contact,4,47,0,1,B,0
S07979,U5567,2025-03-08,2025-03,2025-W09,Organic,Desktop,/tutors,3,290,0,1,A,0
S07980,U4639,2025-03-08,2025-03,2025-W09,Organic,Mobile,/tutors,3,33,0,0,A,0
S07981,U5568,2025-03-08,2025-03,2025-W09,Organic,Desktop,/services,5,554,0,1,A,0
S07982,U4666,2025-03-08,2025-03,2025-W09,Organic,Mobile,/,4,341,0,0,B,0
S07983,U3080,2025-03-08,2025-03,2025-W09,Email,Desktop,/contact,1,138,0,0,B,0
S07984,U2630,2025-03-08,2025-03,2025-W09,Organic,Mobile,/about,7,90,0,0,A,0
S07985,U5569,2025-03-08,2025-03,2025-W09,Paid,Mobile,/contact,1,542,0,1,A,0
S07986,U0005,2025-03-08,2025-03,2025-W09,Direct,Desktop,/services,3,84,0,0,B,0
S07987,U1383,2025-03-08,2025-03,2025-W09,Email,Mobile,/,4,70,0,0,B,0
S07988,U0123,2025-03-08,2025-03,2025-W09,Organic,Mobile,/,2,70,0,0,B,0
S07989,U5570,2025-03-08,2025-03,2025-W09,Social,Desktop,/pricing,2,284,0,1,A,0
S07990,U5421,2025-03-08,2025-03,2025-W09,Paid,Mobile,/services,4,213,0,0,A,0
S07991,U5571,2025-03-08,2025-03,2025-W09,Email,Desktop,/pricing,5,445,0,1,B,0
S07992,U5572,2025-03-08,2025-03,2025-W09,Organic,Mobile,/services,3,219,0,1,A,0
S07993,U5573,2025-03-08,2025-03,2025-W09,Social,Desktop,/contact,6,80,0,1,B,0
S07994,U5574,2025-03-08,2025-03,2025-W09,Organic,Desktop,/services,3,189,0,1,B,0
S07995,U5575,2025-03-08,2025-03,2025-W09,Organic,Desktop,/pricing,3,31,0,1,B,0
S07996,U5576,2025-03-08,2025-03,2025-W09,Paid,Desktop,/services,3,61,0,1,A,0
S07997,U1352,2025-03-08,2025-03,2025-W09,Direct,Desktop,/,5,108,0,0,B,0
S07998,U5577,2025-03-08,2025-03,2025-W09,Organic,Desktop,/about,1,47,0,1,B,0
S07999,U5578,2025-03-08,2025-03,2025-W09,Organic,Mobile,/pricing,3,204,0,1,A,0
S08000,U3587,2025-03-08,2025-03,2025-W09,Direct,Desktop,/,8,166,0,0,A,0
S08001,U5579,2025-03-08,2025-03,2025-W09,Organic,Desktop,/services,1,66,0,1,B,1
S08002,U5580,2025-03-08,2025-03,2025-W09,Organic,Desktop,/,4,180,0,1,A,0
S08003,U5581,2025-03-08,2025-03,2025-W09,Email,Desktop,/contact,4,60,0,1,A,0
S08004,U5582,2025-03-08,2025-03,2025-W09,Email,Mobile,/,3,169,0,1,A,0
S08005,U5583,2025-03-09,2025-03,2025-W09,Organic,Desktop,/,5,1411,0,1,B,0
S08006,U5584,2025-03-09,2025-03,2025-W09,Organic,Desktop,/services,5,159,0,1,A,0
S08007,U5585,2025-03-09,2025-03,2025-W09,Direct,Tablet,/pricing,2,259,0,1,B,0
S08008,U5586,2025-03-09,2025-03,2025-W09,Direct,Desktop,/tutors,1,191,0,1,B,0
S08009,U0752,2025-03-09,2025-03,2025-W09,Social,Desktop,/,3,333,0,0,B,0
S08010,U5587,2025-03-09,2025-03,2025-W09,Organic,Desktop,/services,3,507,0,1,A,0
S08011,U4199,2025-03-09,2025-03,2025-W09,Organic,Mobile,/about,4,56,0,0,B,0
S08012,U5588,2025-03-09,2025-03,2025-W09,Organic,Mobile,/services,4,207,0,1,B,0
S08013,U1022,2025-03-09,2025-03,2025-W09,Email,Desktop,/,3,247,0,0,B,1
S08014,U4802,2025-03-09,2025-03,2025-W09,Paid,Desktop,/services,2,123,0,0,B,1
S08015,U5589,2025-03-09,2025-03,2025-W09,Email,Mobile,/tutors,2,167,0,1,A,0
S08016,U5590,2025-03-09,2025-03,2025-W09,Email,Desktop,/about,2,326,0,1,B,0
S08017,U5591,2025-03-09,2025-03,2025-W09,Email,Desktop,/,1,573,0,1,B,0
S08018,U5592,2025-03-09,2025-03,2025-W09,Direct,Desktop,/pricing,2,170,0,1,B,0
S08019,U5593,2025-03-09,2025-03,2025-W09,Organic,Mobile,/,2,597,0,1,B,0
S08020,U3448,2025-03-09,2025-03,2025-W09,Direct,Desktop,/about,3,128,0,0,B,0
S08021,U5594,2025-03-09,2025-03,2025-W09,Social,Tablet,/,3,101,0,1,A,0
S08022,U5595,2025-03-09,2025-03,2025-W09,Social,Desktop,/services,5,249,0,1,A,0
S08023,U5596,2025-03-09,2025-03,2025-W09,Direct,Mobile,/pricing,2,408,0,1,A,0
S08024,U5597,2025-03-09,2025-03,2025-W09,Email,Desktop,/about,4,60,0,1,B,0
S08025,U5598,2025-03-09,2025-03,2025-W09,Email,Tablet,/,1,201,0,1,A,0
S08026,U5599,2025-03-09,2025-03,2025-W09,Organic,Desktop,/,1,412,0,1,B,0
S08027,U5600,2025-03-09,2025-03,2025-W09,Direct,Mobile,/about,5,90,0,1,A,0
S08028,U5601,2025-03-09,2025-03,2025-W09,Direct,Desktop,/,5,54,0,1,B,0
S08029,U5602,2025-03-09,2025-03,2025-W09,Email,Mobile,/services,1,86,0,1,A,1
S08030,U2579,2025-03-09,2025-03,2025-W09,Organic,Desktop,/,4,164,0,0,B,0
S08031,U5603,2025-03-09,2025-03,2025-W09,Organic,Desktop,/tutors,8,79,0,1,B,1
S08032,U5604,2025-03-09,2025-03,2025-W09,Organic,Desktop,/contact,5,111,0,1,B,0
S08033,U5605,2025-03-09,2025-03,2025-W09,Email,Desktop,/services,1,45,0,1,B,0
S08034,U5606,2025-03-09,2025-03,2025-W09,Direct,Desktop,/services,4,480,0,1,A,0
S08035,U5202,2025-03-09,2025-03,2025-W09,Social,Desktop,/pricing,1,610,0,0,A,0
S08036,U5607,2025-03-09,2025-03,2025-W09,Paid,Mobile,/pricing,3,174,0,1,A,0
S08037,U5608,2025-03-09,2025-03,2025-W09,Paid,Mobile,/tutors,6,243,0,1,A,0
S08038,U3039,2025-03-09,2025-03,2025-W09,Paid,Desktop,/,5,79,0,0,B,0
S08039,U5609,2025-03-09,2025-03,2025-W09,Organic,Mobile,/,2,496,0,1,B,0
S08040,U5610,2025-03-09,2025-03,2025-W09,Organic,Tablet,/pricing,4,1101,0,1,B,0
S08041,U3388,2025-03-09,2025-03,2025-W09,Organic,Desktop,/,3,170,0,0,B,0
S08042,U5611,2025-03-09,2025-03,2025-W09,Organic,Mobile,/tutors,2,203,0,1,A,0
S08043,U2573,2025-03-09,2025-03,2025-W09,Direct,Mobile,/about,1,349,0,0,A,0
S08044,U5612,2025-03-09,2025-03,2025-W09,Direct,Tablet,/,3,305,0,1,B,0
S08045,U5613,2025-03-09,2025-03,2025-W09,Social,Desktop,/services,1,190,0,1,A,0
S08046,U5614,2025-03-09,2025-03,2025-W09,Organic,Mobile,/tutors,6,51,0,1,B,0
S08047,U5615,2025-03-09,2025-03,2025-W09,Paid,Mobile,/,2,343,0,1,B,0
S08048,U5616,2025-03-09,2025-03,2025-W09,Paid,Desktop,/,5,390,0,1,A,0
S08049,U5617,2025-03-09,2025-03,2025-W09,Email,Desktop,/pricing,4,255,0,1,A,0
S08050,U5618,2025-03-09,2025-03,2025-W09,Organic,Desktop,/about,1,715,0,1,A,0
S08051,U5619,2025-03-09,2025-03,2025-W09,Direct,Desktop,/,1,358,0,1,B,0
S08052,U0598,2025-03-09,2025-03,2025-W09,Social,Desktop,/services,1,85,0,0,B,0
S08053,U5620,2025-03-09,2025-03,2025-W09,Email,Desktop,/services,5,179,0,1,B,1
S08054,U5621,2025-03-09,2025-03,2025-W09,Organic,Mobile,/tutors,3,130,0,1,B,0
S08055,U4977,2025-03-09,2025-03,2025-W09,Direct,Mobile,/,1,78,0,0,B,0
S08056,U5622,2025-03-09,2025-03,2025-W09,Organic,Mobile,/tutors,2,459,0,1,B,0
S08057,U3694,2025-03-09,2025-03,2025-W09,Direct,Mobile,/,1,338,0,0,B,0
S08058,U5623,2025-03-09,2025-03,2025-W09,Email,Mobile,/tutors,5,96,0,1,A,0
S08059,U5624,2025-03-09,2025-03,2025-W09,Direct,Desktop,/contact,5,71,0,1,A,1
S08060,U5625,2025-03-09,2025-03,2025-W09,Social,Desktop,/,6,109,0,1,A,0
S08061,U5626,2025-03-09,2025-03,2025-W09,Organic,Desktop,/,1,224,0,1,A,0
S08062,U4861,2025-03-09,2025-03,2025-W09,Direct,Desktop,/about,3,110,0,0,B,0
S08063,U5627,2025-03-09,2025-03,2025-W09,Organic,Mobile,/,3,341,0,1,B,0
S08064,U5628,2025-03-09,2025-03,2025-W09,Direct,Desktop,/,2,30,0,1,B,0
S08065,U5629,2025-03-09,2025-03,2025-W09,Direct,Desktop,/pricing,5,379,0,1,A,0
S08066,U5630,2025-03-09,2025-03,2025-W09,Direct,Desktop,/,2,267,0,1,B,0
S08067,U5631,2025-03-09,2025-03,2025-W09,Social,Tablet,/pricing,2,187,0,1,A,0
S08068,U2042,2025-03-09,2025-03,2025-W09,Organic,Mobile,/tutors,3,322,0,0,B,0
S08069,U5632,2025-03-09,2025-03,2025-W09,Social,Mobile,/,4,187,0,1,B,0
S08070,U5633,2025-03-09,2025-03,2025-W09,Direct,Desktop,/,1,394,0,1,B,0
S08071,U1420,2025-03-09,2025-03,2025-W09,Social,Desktop,/pricing,6,107,0,0,A,0
S08072,U5634,2025-03-09,2025-03,2025-W09,Organic,Mobile,/,2,193,0,1,B,1
S08073,U5635,2025-03-09,2025-03,2025-W09,Email,Mobile,/services,5,622,0,1,B,0
S08074,U5636,2025-03-09,2025-03,2025-W09,Paid,Mobile,/,3,200,0,1,B,0
S08075,U5637,2025-03-09,2025-03,2025-W09,Paid,Desktop,/services,5,291,0,1,B,0
S08076,U5638,2025-03-09,2025-03,2025-W09,Email,Mobile,/pricing,3,1102,0,1,A,0
S08077,U5639,2025-03-09,2025-03,2025-W09,Direct,Desktop,/tutors,6,120,0,1,B,0
S08078,U2003,2025-03-09,2025-03,2025-W09,Email,Desktop,/about,3,550,0,0,B,1
S08079,U5640,2025-03-09,2025-03,2025-W09,Organic,Desktop,/,1,168,0,1,A,0
S08080,U5641,2025-03-09,2025-03,2025-W09,Organic,Mobile,/about,2,121,0,1,A,0
S08081,U5005,2025-03-09,2025-03,2025-W09,Organic,Mobile,/about,1,133,0,0,B,0
S08082,U0225,2025-03-09,2025-03,2025-W09,Direct,Mobile,/pricing,3,668,0,0,A,0
S08083,U5642,2025-03-09,2025-03,2025-W09,Organic,Mobile,/tutors,2,324,0,1,A,0
S08084,U0941,2025-03-09,2025-03,2025-W09,Social,Mobile,/services,2,391,0,0,B,0
S08085,U5643,2025-03-09,2025-03,2025-W09,Organic,Desktop,/tutors,6,356,0,1,B,0
S08086,U5644,2025-03-09,2025-03,2025-W09,Organic,Mobile,/pricing,5,108,0,1,A,0
S08087,U5645,2025-03-09,2025-03,2025-W09,Direct,Desktop,/,2,72,0,1,B,0
S08088,U5646,2025-03-10,2025-03,2025-W10,Organic,Desktop,/contact,5,325,0,1,B,0
S08089,U5647,2025-03-10,2025-03,2025-W10,Email,Desktop,/pricing,3,358,0,1,A,0
S08090,U3525,2025-03-10,2025-03,2025-W10,Paid,Desktop,/,2,63,0,0,B,0
S08091,U4700,2025-03-10,2025-03,2025-W10,Social,Desktop,/about,4,81,0,0,B,0
S08092,U5648,2025-03-10,2025-03,2025-W10,Email,Desktop,/tutors,6,100,0,1,B,0
S08093,U5649,2025-03-10,2025-03,2025-W10,Social,Desktop,/,1,115,0,1,A,0
S08094,U2681,2025-03-10,2025-03,2025-W10,Direct,Mobile,/tutors,4,251,0,0,A,0
S08095,U0594,2025-03-10,2025-03,2025-W10,Email,Mobile,/pricing,4,221,0,0,B,0
S08096,U5650,2025-03-10,2025-03,2025-W10,Organic,Desktop,/tutors,6,451,0,1,B,0
S08097,U5651,2025-03-10,2025-03,2025-W10,Email,Mobile,/pricing,4,296,0,1,B,0
S08098,U3338,2025-03-10,2025-03,2025-W10,Email,Desktop,/,1,84,0,0,B,1
S08099,U5652,2025-03-10,2025-03,2025-W10,Organic,Mobile,/services,5,200,0,1,A,0
S08100,U5653,2025-03-10,2025-03,2025-W10,Organic,Desktop,/tutors,1,187,0,1,A,0
S08101,U5654,2025-03-10,2025-03,2025-W10,Email,Desktop,/,3,158,0,1,B,0
S08102,U5655,2025-03-10,2025-03,2025-W10,Direct,Desktop,/contact,2,105,0,1,B,0
S08103,U1901,2025-03-10,2025-03,2025-W10,Social,Mobile,/pricing,3,138,0,0,B,0
S08104,U5656,2025-03-10,2025-03,2025-W10,Direct,Mobile,/,3,109,0,1,A,0
S08105,U5657,2025-03-10,2025-03,2025-W10,Social,Desktop,/,1,49,0,1,B,0
S08106,U5658,2025-03-10,2025-03,2025-W10,Direct,Desktop,/,3,97,0,1,B,0
S08107,U5659,2025-03-10,2025-03,2025-W10,Organic,Mobile,/tutors,1,150,0,1,B,1
S08108,U5660,2025-03-10,2025-03,2025-W10,Paid,Desktop,/,4,109,0,1,A,0
S08109,U5661,2025-03-10,2025-03,2025-W10,Direct,Mobile,/pricing,4,402,0,1,B,0
S08110,U5662,2025-03-10,2025-03,2025-W10,Organic,Desktop,/services,4,69,0,1,A,0
S08111,U5663,2025-03-10,2025-03,2025-W10,Direct,Mobile,/tutors,6,153,0,1,B,0
S08112,U5664,2025-03-10,2025-03,2025-W10,Email,Mobile,/services,2,66,0,1,B,1
S08113,U5665,2025-03-10,2025-03,2025-W10,Organic,Desktop,/,5,134,0,1,A,0
S08114,U5666,2025-03-10,2025-03,2025-W10,Organic,Mobile,/about,4,905,0,1,A,0
S08115,U5667,2025-03-10,2025-03,2025-W10,Organic,Desktop,/,4,184,0,1,A,0
S08116,U5668,2025-03-10,2025-03,2025-W10,Direct,Mobile,/contact,8,286,0,1,A,0
S08117,U1703,2025-03-10,2025-03,2025-W10,Social,Mobile,/contact,5,200,0,0,A,0
S08118,U1871,2025-03-10,2025-03,2025-W10,Organic,Desktop,/tutors,5,461,0,0,B,0
S08119,U5669,2025-03-10,2025-03,2025-W10,Organic,Desktop,/,1,161,0,1,B,0
S08120,U1327,2025-03-10,2025-03,2025-W10,Organic,Desktop,/,2,662,0,0,A,0
S08121,U5670,2025-03-10,2025-03,2025-W10,Direct,Desktop,/services,4,237,0,1,A,0
S08122,U5671,2025-03-10,2025-03,2025-W10,Direct,Mobile,/tutors,5,240,0,1,A,0
S08123,U5672,2025-03-10,2025-03,2025-W10,Organic,Desktop,/,2,57,0,1,A,0
S08124,U5673,2025-03-10,2025-03,2025-W10,Direct,Desktop,/tutors,3,347,0,1,A,0
S08125,U1094,2025-03-10,2025-03,2025-W10,Organic,Desktop,/contact,4,187,0,0,A,0
S08126,U1916,2025-03-10,2025-03,2025-W10,Social,Desktop,/,2,121,0,0,B,1
S08127,U2705,2025-03-10,2025-03,2025-W10,Organic,Desktop,/contact,3,210,0,0,A,0
S08128,U5674,2025-03-10,2025-03,2025-W10,Direct,Tablet,/pricing,3,539,0,1,A,0
S08129,U5675,2025-03-10,2025-03,2025-W10,Direct,Desktop,/,6,85,0,1,B,0
S08130,U2078,2025-03-10,2025-03,2025-W10,Email,Mobile,/,3,38,0,0,A,0
S08131,U5676,2025-03-10,2025-03,2025-W10,Social,Desktop,/pricing,2,184,0,1,B,0
S08132,U3505,2025-03-10,2025-03,2025-W10,Direct,Tablet,/services,1,238,0,0,A,0
S08133,U5677,2025-03-10,2025-03,2025-W10,Direct,Mobile,/tutors,2,872,0,1,B,0
S08134,U5678,2025-03-10,2025-03,2025-W10,Direct,Desktop,/services,2,58,0,1,B,0
S08135,U5679,2025-03-10,2025-03,2025-W10,Organic,Mobile,/services,5,882,0,1,A,0
S08136,U5680,2025-03-10,2025-03,2025-W10,Organic,Mobile,/tutors,1,149,0,1,A,0
S08137,U0465,2025-03-10,2025-03,2025-W10,Email,Desktop,/,1,167,0,0,B,0
S08138,U5681,2025-03-10,2025-03,2025-W10,Social,Mobile,/,5,335,0,1,A,0
S08139,U1418,2025-03-10,2025-03,2025-W10,Social,Desktop,/,8,90,0,0,B,0
S08140,U5682,2025-03-10,2025-03,2025-W10,Organic,Mobile,/,1,262,0,1,A,0
S08141,U3995,2025-03-10,2025-03,2025-W10,Direct,Desktop,/tutors,4,157,0,0,B,0
S08142,U2219,2025-03-10,2025-03,2025-W10,Social,Desktop,/tutors,4,93,0,0,A,0
S08143,U5683,2025-03-10,2025-03,2025-W10,Direct,Mobile,/about,4,168,0,1,B,0
S08144,U2425,2025-03-10,2025-03,2025-W10,Organic,Mobile,/services,6,143,0,0,B,0
S08145,U5684,2025-03-10,2025-03,2025-W10,Social,Desktop,/,3,54,0,1,A,0
S08146,U5685,2025-03-10,2025-03,2025-W10,Direct,Desktop,/pricing,6,489,0,1,A,0
S08147,U5686,2025-03-10,2025-03,2025-W10,Organic,Desktop,/about,4,459,0,1,A,1
S08148,U5687,2025-03-10,2025-03,2025-W10,Direct,Mobile,/pricing,1,174,0,1,A,0
S08149,U1085,2025-03-10,2025-03,2025-W10,Organic,Mobile,/about,3,377,0,0,B,0
S08150,U5688,2025-03-10,2025-03,2025-W10,Social,Desktop,/tutors,3,636,0,1,A,0
S08151,U5689,2025-03-10,2025-03,2025-W10,Organic,Mobile,/,8,682,0,1,A,0
S08152,U5690,2025-03-10,2025-03,2025-W10,Organic,Desktop,/pricing,6,269,0,1,A,0
S08153,U5691,2025-03-10,2025-03,2025-W10,Direct,Desktop,/,5,168,0,1,B,0
S08154,U5692,2025-03-10,2025-03,2025-W10,Email,Mobile,/services,2,208,0,1,A,1
S08155,U5693,2025-03-10,2025-03,2025-W10,Organic,Mobile,/pricing,2,121,0,1,B,0
S08156,U5694,2025-03-10,2025-03,2025-W10,Email,Desktop,/pricing,4,79,0,1,B,0
S08157,U0868,2025-03-10,2025-03,2025-W10,Social,Desktop,/services,4,511,0,0,A,0
S08158,U5695,2025-03-10,2025-03,2025-W10,Social,Desktop,/services,4,404,0,1,A,0
S08159,U2161,2025-03-10,2025-03,2025-W10,Direct,Desktop,/pricing,2,109,0,0,B,1
S08160,U5696,2025-03-10,2025-03,2025-W10,Organic,Desktop,/tutors,2,110,0,1,B,0
S08161,U5697,2025-03-10,2025-03,2025-W10,Organic,Desktop,/services,4,133,0,1,B,0
S08162,U5552,2025-03-10,2025-03,2025-W10,Email,Mobile,/about,4,146,0,0,B,0
S08163,U4144,2025-03-11,2025-03,2025-W10,Social,Mobile,/pricing,4,141,0,0,B,0
S08164,U1275,2025-03-11,2025-03,2025-W10,Organic,Mobile,/tutors,7,480,0,0,B,0
S08165,U4792,2025-03-11,2025-03,2025-W10,Email,Mobile,/,6,393,0,0,A,0
S08166,U5698,2025-03-11,2025-03,2025-W10,Organic,Mobile,/services,4,356,0,1,B,0
S08167,U5699,2025-03-11,2025-03,2025-W10,Organic,Desktop,/about,2,129,0,1,A,0
S08168,U5700,2025-03-11,2025-03,2025-W10,Email,Mobile,/pricing,1,138,0,1,B,0
S08169,U2027,2025-03-11,2025-03,2025-W10,Organic,Desktop,/pricing,4,107,0,0,A,0
S08170,U5701,2025-03-11,2025-03,2025-W10,Organic,Mobile,/services,8,140,0,1,B,0
S08171,U5702,2025-03-11,2025-03,2025-W10,Social,Tablet,/pricing,1,112,0,1,A,0
S08172,U1065,2025-03-11,2025-03,2025-W10,Organic,Mobile,/,2,112,0,0,A,0
S08173,U5703,2025-03-11,2025-03,2025-W10,Social,Mobile,/,2,319,0,1,A,0
S08174,U5704,2025-03-11,2025-03,2025-W10,Email,Mobile,/pricing,5,440,0,1,B,0
S08175,U2840,2025-03-11,2025-03,2025-W10,Email,Desktop,/about,5,144,0,0,B,0
S08176,U5705,2025-03-11,2025-03,2025-W10,Direct,Desktop,/pricing,3,90,0,1,A,0
S08177,U5706,2025-03-11,2025-03,2025-W10,Email,Desktop,/,1,569,0,1,A,1
S08178,U5707,2025-03-11,2025-03,2025-W10,Direct,Mobile,/services,3,221,0,1,B,0
S08179,U0406,2025-03-11,2025-03,2025-W10,Direct,Desktop,/,2,167,0,0,A,0
S08180,U5708,2025-03-11,2025-03,2025-W10,Paid,Desktop,/services,8,129,0,1,B,0
S08181,U5709,2025-03-11,2025-03,2025-W10,Direct,Desktop,/pricing,2,98,0,1,A,0
S08182,U5710,2025-03-11,2025-03,2025-W10,Organic,Mobile,/,2,348,0,1,A,0
S08183,U5711,2025-03-11,2025-03,2025-W10,Email,Mobile,/contact,1,75,0,1,B,0
S08184,U2908,2025-03-11,2025-03,2025-W10,Organic,Desktop,/,6,133,0,0,A,0
S08185,U5712,2025-03-11,2025-03,2025-W10,Social,Desktop,/tutors,6,834,0,1,B,0
S08186,U5713,2025-03-11,2025-03,2025-W10,Social,Mobile,/pricing,5,237,0,1,B,0
S08187,U1165,2025-03-11,2025-03,2025-W10,Organic,Mobile,/services,3,101,0,0,A,0
S08188,U5714,2025-03-11,2025-03,2025-W10,Organic,Mobile,/,3,498,0,1,A,0
S08189,U4568,2025-03-11,2025-03,2025-W10,Email,Tablet,/services,3,288,0,0,B,0
S08190,U2955,2025-03-11,2025-03,2025-W10,Social,Desktop,/pricing,3,70,0,0,A,0
S08191,U0926,2025-03-11,2025-03,2025-W10,Direct,Mobile,/contact,10,86,0,0,A,0
S08192,U5715,2025-03-11,2025-03,2025-W10,Direct,Tablet,/services,1,50,0,1,B,0
S08193,U5716,2025-03-11,2025-03,2025-W10,Social,Desktop,/,1,231,0,1,A,0
S08194,U5717,2025-03-11,2025-03,2025-W10,Organic,Mobile,/,2,397,0,1,B,0
S08195,U1600,2025-03-11,2025-03,2025-W10,Social,Mobile,/about,5,266,0,0,A,0
S08196,U4421,2025-03-11,2025-03,2025-W10,Social,Mobile,/,4,88,0,0,A,0
S08197,U2375,2025-03-11,2025-03,2025-W10,Organic,Tablet,/services,9,536,0,0,A,0
S08198,U5718,2025-03-11,2025-03,2025-W10,Email,Desktop,/pricing,5,177,0,1,B,0
S08199,U4115,2025-03-11,2025-03,2025-W10,Organic,Mobile,/services,3,71,0,0,B,0
S08200,U5719,2025-03-11,2025-03,2025-W10,Organic,Desktop,/services,2,139,0,1,A,0
S08201,U5720,2025-03-11,2025-03,2025-W10,Direct,Tablet,/,3,270,0,1,A,1
S08202,U5721,2025-03-11,2025-03,2025-W10,Direct,Desktop,/,4,128,0,1,B,0
S08203,U3066,2025-03-11,2025-03,2025-W10,Organic,Desktop,/contact,2,430,0,0,A,0
S08204,U5722,2025-03-11,2025-03,2025-W10,Direct,Mobile,/tutors,2,283,0,1,B,0
S08205,U5723,2025-03-11,2025-03,2025-W10,Paid,Desktop,/tutors,4,414,0,1,A,0
S08206,U5724,2025-03-11,2025-03,2025-W10,Organic,Desktop,/,2,1369,0,1,A,0
S08207,U5725,2025-03-11,2025-03,2025-W10,Organic,Desktop,/services,3,508,0,1,B,0
S08208,U5726,2025-03-11,2025-03,2025-W10,Social,Desktop,/services,4,255,0,1,B,0
S08209,U5727,2025-03-11,2025-03,2025-W10,Organic,Desktop,/tutors,4,309,0,1,A,0
S08210,U4897,2025-03-11,2025-03,2025-W10,Organic,Desktop,/contact,2,116,0,0,A,0
S08211,U5728,2025-03-11,2025-03,2025-W10,Email,Desktop,/,3,146,0,1,B,0
S08212,U5729,2025-03-11,2025-03,2025-W10,Direct,Tablet,/contact,6,165,0,1,B,0
S08213,U5730,2025-03-11,2025-03,2025-W10,Direct,Desktop,/,4,185,0,1,B,0
S08214,U5731,2025-03-11,2025-03,2025-W10,Direct,Desktop,/about,3,171,0,1,B,0
S08215,U0660,2025-03-11,2025-03,2025-W10,Direct,Tablet,/,3,280,0,0,B,0
S08216,U5732,2025-03-11,2025-03,2025-W10,Email,Desktop,/,2,150,0,1,B,1
S08217,U5733,2025-03-11,2025-03,2025-W10,Direct,Tablet,/pricing,4,118,0,1,A,0
S08218,U5734,2025-03-11,2025-03,2025-W10,Direct,Desktop,/,1,315,0,1,B,0
S08219,U5735,2025-03-11,2025-03,2025-W10,Email,Desktop,/,4,607,0,1,B,1
S08220,U0585,2025-03-11,2025-03,2025-W10,Organic,Desktop,/tutors,2,172,0,0,A,0
S08221,U5736,2025-03-11,2025-03,2025-W10,Email,Desktop,/services,5,116,0,1,A,0
S08222,U5737,2025-03-11,2025-03,2025-W10,Direct,Desktop,/,2,249,0,1,B,1
S08223,U5738,2025-03-11,2025-03,2025-W10,Direct,Mobile,/,1,64,0,1,A,0
S08224,U5739,2025-03-11,2025-03,2025-W10,Direct,Desktop,/,4,109,0,1,B,0
S08225,U2002,2025-03-11,2025-03,2025-W10,Email,Tablet,/services,3,246,0,0,A,0
S08226,U5740,2025-03-11,2025-03,2025-W10,Email,Mobile,/services,3,148,0,1,A,0
S08227,U5741,2025-03-11,2025-03,2025-W10,Paid,Desktop,/services,4,72,0,1,A,0
S08228,U5742,2025-03-11,2025-03,2025-W10,Paid,Desktop,/,4,395,0,1,B,0
S08229,U5743,2025-03-11,2025-03,2025-W10,Paid,Desktop,/services,4,118,0,1,A,1
S08230,U5744,2025-03-11,2025-03,2025-W10,Direct,Desktop,/,2,54,0,1,B,0
S08231,U4214,2025-03-11,2025-03,2025-W10,Organic,Desktop,/tutors,2,516,0,0,A,1
S08232,U5745,2025-03-11,2025-03,2025-W10,Organic,Desktop,/,1,66,0,1,B,0
S08233,U0877,2025-03-11,2025-03,2025-W10,Direct,Desktop,/,1,263,0,0,B,0
S08234,U5746,2025-03-11,2025-03,2025-W10,Direct,Tablet,/pricing,2,107,0,1,B,0
S08235,U4702,2025-03-11,2025-03,2025-W10,Organic,Mobile,/pricing,3,204,0,0,B,0
S08236,U5747,2025-03-11,2025-03,2025-W10,Direct,Mobile,/about,3,218,0,1,B,0
S08237,U5263,2025-03-11,2025-03,2025-W10,Paid,Mobile,/,1,49,0,0,B,0
S08238,U5748,2025-03-11,2025-03,2025-W10,Organic,Tablet,/services,3,199,0,1,A,0
S08239,U5749,2025-03-11,2025-03,2025-W10,Email,Tablet,/pricing,1,111,0,1,A,0
S08240,U5750,2025-03-11,2025-03,2025-W10,Social,Desktop,/services,2,125,0,1,A,0
S08241,U5751,2025-03-11,2025-03,2025-W10,Organic,Mobile,/services,4,131,0,1,A,0
S08242,U5752,2025-03-11,2025-03,2025-W10,Direct,Desktop,/about,1,60,0,1,A,0
S08243,U5753,2025-03-11,2025-03,2025-W10,Organic,Desktop,/,6,431,0,1,A,0
S08244,U5754,2025-03-12,2025-03,2025-W10,Organic,Mobile,/services,1,527,0,1,B,0
S08245,U0070,2025-03-12,2025-03,2025-W10,Social,Desktop,/tutors,1,76,0,0,A,0
S08246,U5755,2025-03-12,2025-03,2025-W10,Organic,Desktop,/services,3,205,0,1,B,0
S08247,U4402,2025-03-12,2025-03,2025-W10,Email,Mobile,/contact,3,202,0,0,B,1
S08248,U5756,2025-03-12,2025-03,2025-W10,Email,Desktop,/tutors,1,122,0,1,A,0
S08249,U5520,2025-03-12,2025-03,2025-W10,Organic,Desktop,/pricing,1,32,0,0,A,1
S08250,U5757,2025-03-12,2025-03,2025-W10,Email,Mobile,/,3,181,0,1,A,0
S08251,U5758,2025-03-12,2025-03,2025-W10,Social,Desktop,/services,3,147,0,1,A,0
S08252,U5759,2025-03-12,2025-03,2025-W10,Direct,Mobile,/,2,35,0,1,B,0
S08253,U5760,2025-03-12,2025-03,2025-W10,Direct,Tablet,/tutors,1,305,0,1,B,0
S08254,U5761,2025-03-12,2025-03,2025-W10,Organic,Desktop,/services,3,731,0,1,B,0
S08255,U5762,2025-03-12,2025-03,2025-W10,Organic,Desktop,/,5,2370,0,1,A,0
S08256,U3272,2025-03-12,2025-03,2025-W10,Direct,Mobile,/contact,1,88,0,0,A,0
S08257,U5763,2025-03-12,2025-03,2025-W10,Email,Mobile,/tutors,5,1190,0,1,A,0
S08258,U5764,2025-03-12,2025-03,2025-W10,Organic,Desktop,/contact,6,44,0,1,A,0
S08259,U1477,2025-03-12,2025-03,2025-W10,Organic,Desktop,/tutors,2,88,0,0,A,0
S08260,U3573,2025-03-12,2025-03,2025-W10,Organic,Desktop,/,4,159,0,0,A,0
S08261,U1584,2025-03-12,2025-03,2025-W10,Email,Desktop,/,1,171,0,0,B,0
S08262,U5765,2025-03-12,2025-03,2025-W10,Direct,Mobile,/services,3,55,0,1,A,0
S08263,U5012,2025-03-12,2025-03,2025-W10,Social,Tablet,/tutors,4,35,0,0,B,0
S08264,U0924,2025-03-12,2025-03,2025-W10,Organic,Desktop,/,1,33,0,0,B,0
S08265,U5766,2025-03-12,2025-03,2025-W10,Direct,Tablet,/services,3,73,0,1,B,0
S08266,U5767,2025-03-12,2025-03,2025-W10,Direct,Tablet,/,2,445,0,1,A,0
S08267,U5768,2025-03-12,2025-03,2025-W10,Direct,Mobile,/tutors,5,216,0,1,A,0
S08268,U5769,2025-03-12,2025-03,2025-W10,Organic,Desktop,/pricing,3,385,0,1,B,0
S08269,U3329,2025-03-12,2025-03,2025-W10,Organic,Desktop,/contact,6,188,0,0,B,0
S08270,U5770,2025-03-12,2025-03,2025-W10,Social,Desktop,/,3,690,0,1,A,0
S08271,U5771,2025-03-12,2025-03,2025-W10,Email,Desktop,/,5,164,0,1,B,0
S08272,U5772,2025-03-12,2025-03,2025-W10,Paid,Desktop,/,3,148,0,1,A,0
S08273,U4502,2025-03-12,2025-03,2025-W10,Organic,Desktop,/tutors,2,131,0,0,A,1
S08274,U3539,2025-03-12,2025-03,2025-W10,Organic,Desktop,/,4,81,0,0,B,0
S08275,U5638,2025-03-12,2025-03,2025-W10,Email,Desktop,/pricing,2,185,0,0,A,0
S08276,U5773,2025-03-12,2025-03,2025-W10,Organic,Desktop,/,5,57,0,1,A,0
S08277,U5774,2025-03-12,2025-03,2025-W10,Social,Desktop,/,4,233,0,1,A,0
S08278,U2758,2025-03-12,2025-03,2025-W10,Organic,Desktop,/tutors,2,253,0,0,B,0
S08279,U5775,2025-03-12,2025-03,2025-W10,Email,Mobile,/,4,205,0,1,B,0
S08280,U5176,2025-03-12,2025-03,2025-W10,Direct,Desktop,/services,2,521,0,0,B,1
S08281,U5776,2025-03-12,2025-03,2025-W10,Direct,Desktop,/,1,50,0,1,A,0
S08282,U5777,2025-03-12,2025-03,2025-W10,Organic,Desktop,/tutors,2,114,0,1,B,0
S08283,U5778,2025-03-12,2025-03,2025-W10,Direct,Desktop,/tutors,1,1035,0,1,B,1
S08284,U5779,2025-03-12,2025-03,2025-W10,Direct,Desktop,/,7,61,0,1,A,0
S08285,U5780,2025-03-12,2025-03,2025-W10,Organic,Mobile,/,3,123,0,1,B,0
S08286,U5781,2025-03-12,2025-03,2025-W10,Organic,Desktop,/services,4,26,0,1,A,0
S08287,U5782,2025-03-12,2025-03,2025-W10,Organic,Desktop,/services,4,113,0,1,A,0
S08288,U3262,2025-03-12,2025-03,2025-W10,Direct,Desktop,/,3,58,0,0,B,0
S08289,U5783,2025-03-12,2025-03,2025-W10,Organic,Desktop,/,2,60,0,1,B,0
S08290,U5784,2025-03-12,2025-03,2025-W10,Email,Tablet,/contact,4,310,0,1,A,0
S08291,U5785,2025-03-12,2025-03,2025-W10,Social,Desktop,/pricing,6,395,0,1,A,0
S08292,U5786,2025-03-12,2025-03,2025-W10,Social,Tablet,/services,5,531,0,1,B,0
S08293,U5787,2025-03-12,2025-03,2025-W10,Organic,Desktop,/pricing,5,389,0,1,A,0
S08294,U5788,2025-03-12,2025-03,2025-W10,Organic,Mobile,/contact,7,226,0,1,B,0
S08295,U5789,2025-03-12,2025-03,2025-W10,Organic,Mobile,/about,3,229,0,1,B,0
S08296,U5790,2025-03-12,2025-03,2025-W10,Organic,Mobile,/tutors,1,235,0,1,B,0
S08297,U5791,2025-03-12,2025-03,2025-W10,Direct,Desktop,/,5,201,0,1,B,0
S08298,U5792,2025-03-12,2025-03,2025-W10,Organic,Mobile,/,3,80,0,1,A,0
S08299,U5793,2025-03-12,2025-03,2025-W10,Paid,Mobile,/pricing,4,984,0,1,A,0
S08300,U5794,2025-03-12,2025-03,2025-W10,Organic,Desktop,/services,1,127,0,1,B,0
S08301,U3727,2025-03-12,2025-03,2025-W10,Email,Tablet,/,3,270,0,0,B,1
S08302,U5795,2025-03-12,2025-03,2025-W10,Organic,Tablet,/,4,609,0,1,A,0
S08303,U5796,2025-03-12,2025-03,2025-W10,Social,Mobile,/tutors,1,49,0,1,A,1
S08304,U1271,2025-03-12,2025-03,2025-W10,Direct,Tablet,/contact,7,218,0,0,B,0
S08305,U5797,2025-03-12,2025-03,2025-W10,Social,Desktop,/,3,271,0,1,B,0
S08306,U4988,2025-03-12,2025-03,2025-W10,Paid,Mobile,/,3,53,0,0,A,0
S08307,U5798,2025-03-12,2025-03,2025-W10,Organic,Mobile,/services,3,768,0,1,A,0
S08308,U5799,2025-03-12,2025-03,2025-W10,Paid,Mobile,/pricing,4,196,0,1,B,0
S08309,U5800,2025-03-12,2025-03,2025-W10,Direct,Desktop,/services,6,63,0,1,B,0
S08310,U5801,2025-03-12,2025-03,2025-W10,Social,Mobile,/,2,36,0,1,B,0
S08311,U5802,2025-03-12,2025-03,2025-W10,Organic,Desktop,/services,3,142,0,1,A,0
S08312,U5803,2025-03-12,2025-03,2025-W10,Organic,Desktop,/services,3,145,0,1,B,0
S08313,U5804,2025-03-12,2025-03,2025-W10,Direct,Desktop,/services,2,50,0,1,A,0
S08314,U5805,2025-03-12,2025-03,2025-W10,Organic,Desktop,/services,4,164,0,1,B,0
S08315,U0356,2025-03-12,2025-03,2025-W10,Email,Mobile,/services,5,257,0,0,B,0
S08316,U5806,2025-03-12,2025-03,2025-W10,Organic,Desktop,/pricing,3,1084,0,1,B,0
S08317,U5807,2025-03-12,2025-03,2025-W10,Organic,Mobile,/,1,248,0,1,B,1
S08318,U5808,2025-03-12,2025-03,2025-W10,Email,Tablet,/,5,728,0,1,A,0
S08319,U5360,2025-03-12,2025-03,2025-W10,Organic,Desktop,/services,4,295,0,0,B,0
S08320,U0615,2025-03-12,2025-03,2025-W10,Organic,Desktop,/,2,160,0,0,B,0
S08321,U5809,2025-03-12,2025-03,2025-W10,Social,Mobile,/services,6,251,0,1,A,0
S08322,U5810,2025-03-12,2025-03,2025-W10,Direct,Mobile,/tutors,1,1448,0,1,B,0
S08323,U5811,2025-03-12,2025-03,2025-W10,Social,Desktop,/,6,279,0,1,A,0
S08324,U5812,2025-03-12,2025-03,2025-W10,Email,Desktop,/,1,369,0,1,A,0
S08325,U5813,2025-03-12,2025-03,2025-W10,Organic,Desktop,/about,2,42,0,1,A,0
S08326,U5814,2025-03-12,2025-03,2025-W10,Organic,Mobile,/about,2,210,0,1,B,0
S08327,U5815,2025-03-13,2025-03,2025-W10,Email,Desktop,/pricing,3,122,0,1,B,0
S08328,U5816,2025-03-13,2025-03,2025-W10,Email,Desktop,/pricing,5,572,0,1,A,0
S08329,U5817,2025-03-13,2025-03,2025-W10,Organic,Desktop,/,1,759,0,1,B,0
S08330,U5818,2025-03-13,2025-03,2025-W10,Social,Tablet,/,3,38,0,1,B,0
S08331,U5819,2025-03-13,2025-03,2025-W10,Email,Mobile,/services,5,302,0,1,A,0
S08332,U5820,2025-03-13,2025-03,2025-W10,Direct,Mobile,/tutors,4,196,0,1,A,0
S08333,U5821,2025-03-13,2025-03,2025-W10,Email,Desktop,/about,3,1512,0,1,A,0
S08334,U2652,2025-03-13,2025-03,2025-W10,Email,Desktop,/services,3,132,0,0,A,0
S08335,U5822,2025-03-13,2025-03,2025-W10,Organic,Mobile,/services,3,69,0,1,B,0
S08336,U5823,2025-03-13,2025-03,2025-W10,Organic,Mobile,/,4,189,0,1,B,0
S08337,U5824,2025-03-13,2025-03,2025-W10,Direct,Desktop,/,4,199,0,1,A,0
S08338,U3565,2025-03-13,2025-03,2025-W10,Direct,Mobile,/services,3,184,0,0,B,0
S08339,U3641,2025-03-13,2025-03,2025-W10,Direct,Tablet,/tutors,5,521,0,0,B,0
S08340,U5825,2025-03-13,2025-03,2025-W10,Email,Desktop,/,1,73,0,1,A,0
S08341,U5826,2025-03-13,2025-03,2025-W10,Direct,Mobile,/,2,154,0,1,A,0
S08342,U5827,2025-03-13,2025-03,2025-W10,Organic,Desktop,/,4,246,0,1,B,0
S08343,U5828,2025-03-13,2025-03,2025-W10,Organic,Desktop,/services,4,130,0,1,A,0
S08344,U5829,2025-03-13,2025-03,2025-W10,Email,Desktop,/about,7,270,0,1,A,0
S08345,U5830,2025-03-13,2025-03,2025-W10,Direct,Mobile,/,4,125,0,1,B,0
S08346,U5831,2025-03-13,2025-03,2025-W10,Direct,Desktop,/,5,365,0,1,A,1
S08347,U4877,2025-03-13,2025-03,2025-W10,Organic,Mobile,/tutors,2,1259,0,0,B,0
S08348,U5832,2025-03-13,2025-03,2025-W10,Organic,Desktop,/about,7,211,0,1,B,0
S08349,U5833,2025-03-13,2025-03,2025-W10,Direct,Tablet,/,4,203,0,1,A,0
S08350,U5834,2025-03-13,2025-03,2025-W10,Social,Mobile,/contact,3,53,0,1,A,0
S08351,U4171,2025-03-13,2025-03,2025-W10,Direct,Mobile,/tutors,2,224,0,0,A,0
S08352,U5835,2025-03-13,2025-03,2025-W10,Social,Mobile,/,1,317,0,1,B,0
S08353,U5836,2025-03-13,2025-03,2025-W10,Email,Mobile,/,4,1191,0,1,B,0
S08354,U3755,2025-03-13,2025-03,2025-W10,Organic,Tablet,/,1,42,0,0,A,0
S08355,U5837,2025-03-13,2025-03,2025-W10,Social,Desktop,/tutors,5,45,0,1,B,0
S08356,U5838,2025-03-13,2025-03,2025-W10,Organic,Desktop,/pricing,2,99,0,1,A,0
S08357,U5839,2025-03-13,2025-03,2025-W10,Organic,Desktop,/about,4,35,0,1,B,0
S08358,U4787,2025-03-13,2025-03,2025-W10,Social,Desktop,/contact,2,122,0,0,B,0
S08359,U2589,2025-03-13,2025-03,2025-W10,Direct,Desktop,/,3,120,0,0,B,1
S08360,U5840,2025-03-13,2025-03,2025-W10,Organic,Tablet,/,5,107,0,1,B,0
S08361,U5841,2025-03-13,2025-03,2025-W10,Email,Desktop,/services,5,449,0,1,B,0
S08362,U1401,2025-03-13,2025-03,2025-W10,Organic,Mobile,/,3,198,0,0,A,0
S08363,U5842,2025-03-13,2025-03,2025-W10,Direct,Desktop,/tutors,5,65,0,1,A,1
S08364,U5843,2025-03-13,2025-03,2025-W10,Paid,Desktop,/,7,442,0,1,A,0
S08365,U3279,2025-03-13,2025-03,2025-W10,Direct,Mobile,/,2,85,0,0,A,0
S08366,U5844,2025-03-13,2025-03,2025-W10,Organic,Mobile,/pricing,5,685,0,1,A,0
S08367,U5845,2025-03-13,2025-03,2025-W10,Organic,Mobile,/,3,184,0,1,B,0
S08368,U5846,2025-03-13,2025-03,2025-W10,Social,Mobile,/pricing,4,334,0,1,B,0
S08369,U5847,2025-03-13,2025-03,2025-W10,Organic,Mobile,/tutors,1,150,0,1,B,0
S08370,U4421,2025-03-13,2025-03,2025-W10,Direct,Desktop,/services,4,49,0,0,A,0
S08371,U5454,2025-03-13,2025-03,2025-W10,Direct,Mobile,/about,3,67,0,0,A,0
S08372,U5848,2025-03-13,2025-03,2025-W10,Direct,Desktop,/pricing,5,426,0,1,B,0
S08373,U5849,2025-03-13,2025-03,2025-W10,Email,Desktop,/services,3,278,0,1,B,0
S08374,U5850,2025-03-13,2025-03,2025-W10,Organic,Desktop,/,1,298,0,1,A,0
S08375,U0869,2025-03-13,2025-03,2025-W10,Direct,Desktop,/pricing,1,75,0,0,A,0
S08376,U5851,2025-03-13,2025-03,2025-W10,Direct,Desktop,/contact,7,1126,0,1,B,0
S08377,U3663,2025-03-13,2025-03,2025-W10,Organic,Mobile,/pricing,3,140,0,0,A,0
S08378,U5852,2025-03-13,2025-03,2025-W10,Organic,Mobile,/,3,166,0,1,A,0
S08379,U5568,2025-03-13,2025-03,2025-W10,Social,Mobile,/services,2,47,0,0,A,0
S08380,U5853,2025-03-13,2025-03,2025-W10,Organic,Mobile,/,2,189,0,1,B,0
S08381,U4887,2025-03-13,2025-03,2025-W10,Organic,Mobile,/,3,171,0,0,A,0
S08382,U2929,2025-03-13,2025-03,2025-W10,Organic,Mobile,/services,2,65,0,0,B,0
S08383,U2139,2025-03-13,2025-03,2025-W10,Organic,Mobile,/tutors,1,207,0,0,B,0
S08384,U3591,2025-03-13,2025-03,2025-W10,Organic,Desktop,/services,5,144,0,0,B,0
S08385,U5854,2025-03-13,2025-03,2025-W10,Direct,Desktop,/,3,319,0,1,B,0
S08386,U3677,2025-03-13,2025-03,2025-W10,Organic,Desktop,/,3,265,0,0,B,0
S08387,U5855,2025-03-13,2025-03,2025-W10,Direct,Mobile,/pricing,5,294,0,1,B,0
S08388,U5856,2025-03-13,2025-03,2025-W10,Email,Mobile,/services,10,224,0,1,B,1
S08389,U3868,2025-03-13,2025-03,2025-W10,Organic,Desktop,/about,2,235,0,0,A,0
S08390,U5857,2025-03-13,2025-03,2025-W10,Direct,Mobile,/contact,2,116,0,1,B,0
S08391,U5170,2025-03-13,2025-03,2025-W10,Email,Desktop,/,2,289,0,0,A,0
S08392,U5858,2025-03-13,2025-03,2025-W10,Direct,Mobile,/contact,2,65,0,1,A,0
S08393,U1892,2025-03-13,2025-03,2025-W10,Direct,Desktop,/services,7,183,0,0,A,0
S08394,U2065,2025-03-13,2025-03,2025-W10,Social,Desktop,/pricing,3,401,0,0,B,0
S08395,U5859,2025-03-13,2025-03,2025-W10,Direct,Desktop,/contact,3,124,0,1,A,1
S08396,U5860,2025-03-13,2025-03,2025-W10,Social,Tablet,/,3,630,0,1,A,0
S08397,U5861,2025-03-13,2025-03,2025-W10,Organic,Mobile,/,2,84,0,1,A,0
S08398,U5862,2025-03-13,2025-03,2025-W10,Email,Mobile,/,2,182,0,1,B,0
S08399,U5863,2025-03-13,2025-03,2025-W10,Organic,Desktop,/contact,1,1133,0,1,A,0
S08400,U1162,2025-03-13,2025-03,2025-W10,Organic,Mobile,/tutors,3,144,0,0,A,0
S08401,U2651,2025-03-13,2025-03,2025-W10,Organic,Desktop,/pricing,5,182,0,0,A,0
S08402,U5864,2025-03-13,2025-03,2025-W10,Organic,Tablet,/services,3,544,0,1,A,0
S08403,U5865,2025-03-14,2025-03,2025-W10,Organic,Desktop,/contact,1,188,0,1,B,0
S08404,U5866,2025-03-14,2025-03,2025-W10,Organic,Desktop,/tutors,2,161,0,1,A,0
S08405,U5867,2025-03-14,2025-03,2025-W10,Direct,Mobile,/tutors,3,390,0,1,B,0
S08406,U5868,2025-03-14,2025-03,2025-W10,Email,Mobile,/about,4,160,0,1,A,0
S08407,U5204,2025-03-14,2025-03,2025-W10,Paid,Desktop,/,2,199,0,0,A,0
S08408,U0241,2025-03-14,2025-03,2025-W10,Email,Mobile,/about,4,102,0,0,B,0
S08409,U5869,2025-03-14,2025-03,2025-W10,Direct,Desktop,/,6,168,0,1,A,0
S08410,U5870,2025-03-14,2025-03,2025-W10,Social,Desktop,/services,1,87,0,1,A,0
S08411,U5871,2025-03-14,2025-03,2025-W10,Organic,Desktop,/,5,88,0,1,B,0
S08412,U3581,2025-03-14,2025-03,2025-W10,Direct,Mobile,/pricing,2,51,0,0,B,0
S08413,U1899,2025-03-14,2025-03,2025-W10,Email,Mobile,/pricing,2,34,0,0,A,0
S08414,U5872,2025-03-14,2025-03,2025-W10,Direct,Mobile,/about,3,200,0,1,A,0
S08415,U1124,2025-03-14,2025-03,2025-W10,Organic,Desktop,/pricing,2,65,0,0,B,0
S08416,U5873,2025-03-14,2025-03,2025-W10,Direct,Desktop,/contact,1,192,0,1,A,0
S08417,U4882,2025-03-14,2025-03,2025-W10,Paid,Mobile,/tutors,4,541,0,0,B,1
S08418,U5874,2025-03-14,2025-03,2025-W10,Email,Desktop,/pricing,3,156,0,1,A,0
S08419,U5875,2025-03-14,2025-03,2025-W10,Email,Tablet,/services,2,112,0,1,A,0
S08420,U5876,2025-03-14,2025-03,2025-W10,Direct,Desktop,/,6,128,0,1,A,1
S08421,U5877,2025-03-14,2025-03,2025-W10,Email,Desktop,/,6,122,0,1,A,0
S08422,U5878,2025-03-14,2025-03,2025-W10,Organic,Desktop,/tutors,2,134,0,1,B,0
S08423,U5879,2025-03-14,2025-03,2025-W10,Organic,Mobile,/services,3,759,0,1,A,0
S08424,U2218,2025-03-14,2025-03,2025-W10,Paid,Desktop,/pricing,2,250,0,0,A,0
S08425,U5880,2025-03-14,2025-03,2025-W10,Paid,Desktop,/tutors,3,121,0,1,B,0
S08426,U5881,2025-03-14,2025-03,2025-W10,Organic,Tablet,/pricing,5,697,0,1,A,0
S08427,U5882,2025-03-14,2025-03,2025-W10,Organic,Mobile,/services,7,135,0,1,B,0
S08428,U4788,2025-03-14,2025-03,2025-W10,Organic,Desktop,/services,4,330,0,0,A,0
S08429,U2837,2025-03-14,2025-03,2025-W10,Email,Desktop,/,3,45,0,0,B,1
S08430,U5883,2025-03-14,2025-03,2025-W10,Social,Desktop,/,6,150,0,1,B,0
S08431,U4116,2025-03-14,2025-03,2025-W10,Organic,Mobile,/pricing,2,239,0,0,A,0
S08432,U5884,2025-03-14,2025-03,2025-W10,Paid,Mobile,/tutors,1,128,0,1,B,0
S08433,U2753,2025-03-14,2025-03,2025-W10,Direct,Desktop,/pricing,5,61,0,0,B,0
S08434,U5885,2025-03-14,2025-03,2025-W10,Email,Mobile,/tutors,5,352,0,1,B,0
S08435,U5886,2025-03-14,2025-03,2025-W10,Organic,Mobile,/,1,148,0,1,A,0
S08436,U3721,2025-03-14,2025-03,2025-W10,Organic,Desktop,/,6,167,0,0,B,0
S08437,U5887,2025-03-14,2025-03,2025-W10,Direct,Desktop,/services,3,143,0,1,B,0
S08438,U5888,2025-03-14,2025-03,2025-W10,Direct,Desktop,/,4,128,0,1,A,0
S08439,U3592,2025-03-14,2025-03,2025-W10,Organic,Desktop,/,1,60,0,0,A,0
S08440,U5889,2025-03-14,2025-03,2025-W10,Organic,Desktop,/services,4,100,0,1,A,0
S08441,U3779,2025-03-14,2025-03,2025-W10,Direct,Desktop,/tutors,4,423,0,0,A,0
S08442,U5890,2025-03-14,2025-03,2025-W10,Email,Mobile,/tutors,2,115,0,1,B,0
S08443,U5891,2025-03-14,2025-03,2025-W10,Email,Mobile,/pricing,2,288,0,1,B,0
S08444,U4941,2025-03-14,2025-03,2025-W10,Organic,Desktop,/tutors,3,734,0,0,A,0
S08445,U5892,2025-03-14,2025-03,2025-W10,Direct,Desktop,/,3,100,0,1,B,0
S08446,U5893,2025-03-14,2025-03,2025-W10,Direct,Mobile,/pricing,5,215,0,1,A,0
S08447,U1784,2025-03-14,2025-03,2025-W10,Direct,Desktop,/pricing,4,122,0,0,A,0
S08448,U5894,2025-03-14,2025-03,2025-W10,Organic,Desktop,/pricing,4,69,0,1,A,0
S08449,U5279,2025-03-14,2025-03,2025-W10,Organic,Desktop,/,4,151,0,0,A,0
S08450,U5895,2025-03-14,2025-03,2025-W10,Direct,Mobile,/,2,297,0,1,B,0
S08451,U5896,2025-03-14,2025-03,2025-W10,Social,Mobile,/about,6,217,0,1,A,0
S08452,U5897,2025-03-14,2025-03,2025-W10,Social,Desktop,/tutors,1,214,0,1,A,0
S08453,U5898,2025-03-14,2025-03,2025-W10,Organic,Desktop,/contact,6,143,0,1,B,0
S08454,U5899,2025-03-14,2025-03,2025-W10,Organic,Tablet,/pricing,1,215,0,1,B,0
S08455,U5900,2025-03-14,2025-03,2025-W10,Email,Desktop,/,2,136,0,1,A,0
S08456,U4546,2025-03-14,2025-03,2025-W10,Paid,Mobile,/services,6,237,0,0,B,0
S08457,U5901,2025-03-14,2025-03,2025-W10,Direct,Mobile,/contact,1,329,0,1,A,0
S08458,U3647,2025-03-14,2025-03,2025-W10,Paid,Desktop,/services,2,95,0,0,B,0
S08459,U5902,2025-03-14,2025-03,2025-W10,Social,Desktop,/pricing,1,101,0,1,B,0
S08460,U2683,2025-03-14,2025-03,2025-W10,Direct,Desktop,/,4,1544,0,0,A,0
S08461,U5903,2025-03-14,2025-03,2025-W10,Social,Mobile,/services,1,346,0,1,B,0
S08462,U5904,2025-03-14,2025-03,2025-W10,Paid,Desktop,/services,3,589,0,1,A,0
S08463,U5905,2025-03-14,2025-03,2025-W10,Organic,Mobile,/tutors,2,89,0,1,B,0
S08464,U5906,2025-03-14,2025-03,2025-W10,Organic,Desktop,/contact,3,28,0,1,A,0
S08465,U3126,2025-03-14,2025-03,2025-W10,Email,Desktop,/services,2,91,0,0,B,0
S08466,U5907,2025-03-14,2025-03,2025-W10,Social,Desktop,/services,6,142,0,1,A,0
S08467,U5908,2025-03-14,2025-03,2025-W10,Organic,Mobile,/pricing,5,102,0,1,A,0
S08468,U5909,2025-03-14,2025-03,2025-W10,Organic,Desktop,/pricing,3,55,0,1,A,0
S08469,U2543,2025-03-14,2025-03,2025-W10,Organic,Mobile,/,2,389,0,0,A,0
S08470,U5910,2025-03-14,2025-03,2025-W10,Email,Mobile,/pricing,4,75,0,1,A,0
S08471,U5911,2025-03-14,2025-03,2025-W10,Direct,Mobile,/pricing,8,1124,0,1,B,0
S08472,U5912,2025-03-14,2025-03,2025-W10,Paid,Desktop,/services,2,259,0,1,B,0
S08473,U2798,2025-03-14,2025-03,2025-W10,Social,Desktop,/contact,2,78,0,0,B,1
S08474,U5913,2025-03-14,2025-03,2025-W10,Organic,Mobile,/,5,84,0,1,B,0
S08475,U0303,2025-03-15,2025-03,2025-W10,Organic,Desktop,/,2,233,0,0,A,0
S08476,U5914,2025-03-15,2025-03,2025-W10,Organic,Desktop,/about,5,192,0,1,B,0
S08477,U5915,2025-03-15,2025-03,2025-W10,Email,Desktop,/contact,4,93,0,1,A,0
S08478,U5916,2025-03-15,2025-03,2025-W10,Organic,Desktop,/tutors,3,124,0,1,B,0
S08479,U5917,2025-03-15,2025-03,2025-W10,Email,Desktop,/services,1,268,0,1,A,0
S08480,U5770,2025-03-15,2025-03,2025-W10,Organic,Desktop,/services,4,1015,0,0,A,0
S08481,U5918,2025-03-15,2025-03,2025-W10,Organic,Desktop,/services,3,69,0,1,B,0
S08482,U2356,2025-03-15,2025-03,2025-W10,Organic,Desktop,/,5,258,0,0,A,0
S08483,U2269,2025-03-15,2025-03,2025-W10,Organic,Mobile,/tutors,1,352,0,0,A,0
S08484,U5919,2025-03-15,2025-03,2025-W10,Email,Desktop,/tutors,4,1426,0,1,B,0
S08485,U5920,2025-03-15,2025-03,2025-W10,Organic,Desktop,/services,5,211,0,1,B,0
S08486,U5921,2025-03-15,2025-03,2025-W10,Email,Mobile,/,4,134,0,1,B,0
S08487,U5922,2025-03-15,2025-03,2025-W10,Organic,Desktop,/tutors,4,165,0,1,B,0
S08488,U3039,2025-03-15,2025-03,2025-W10,Paid,Desktop,/,2,329,0,0,B,0
S08489,U5923,2025-03-15,2025-03,2025-W10,Email,Tablet,/,2,63,0,1,B,0
S08490,U5924,2025-03-15,2025-03,2025-W10,Direct,Desktop,/tutors,3,229,0,1,A,0
S08491,U5925,2025-03-15,2025-03,2025-W10,Organic,Desktop,/,3,100,0,1,A,0
S08492,U5926,2025-03-15,2025-03,2025-W10,Organic,Desktop,/tutors,1,110,0,1,B,0
S08493,U1176,2025-03-15,2025-03,2025-W10,Social,Desktop,/pricing,4,204,0,0,A,0
S08494,U5927,2025-03-15,2025-03,2025-W10,Organic,Desktop,/,7,107,0,1,B,0
S08495,U5928,2025-03-15,2025-03,2025-W10,Organic,Desktop,/services,3,74,0,1,B,0
S08496,U5929,2025-03-15,2025-03,2025-W10,Direct,Mobile,/,6,36,0,1,B,0
S08497,U1128,2025-03-15,2025-03,2025-W10,Email,Desktop,/pricing,3,169,0,0,A,0
S08498,U5930,2025-03-15,2025-03,2025-W10,Organic,Desktop,/,1,519,0,1,A,0
S08499,U5931,2025-03-15,2025-03,2025-W10,Organic,Desktop,/pricing,4,241,0,1,A,0
S08500,U0118,2025-03-15,2025-03,2025-W10,Direct,Mobile,/,4,148,0,0,A,0
S08501,U5932,2025-03-15,2025-03,2025-W10,Direct,Mobile,/pricing,1,82,0,1,A,0
S08502,U5933,2025-03-15,2025-03,2025-W10,Organic,Desktop,/pricing,2,75,0,1,B,0
S08503,U5934,2025-03-15,2025-03,2025-W10,Email,Tablet,/,2,424,0,1,A,1
S08504,U1689,2025-03-15,2025-03,2025-W10,Direct,Mobile,/tutors,4,149,0,0,B,0
S08505,U5935,2025-03-15,2025-03,2025-W10,Organic,Mobile,/contact,4,351,0,1,A,0
S08506,U5936,2025-03-15,2025-03,2025-W10,Social,Mobile,/pricing,9,82,0,1,A,0
S08507,U1493,2025-03-15,2025-03,2025-W10,Organic,Mobile,/services,5,185,0,0,A,0
S08508,U5937,2025-03-15,2025-03,2025-W10,Organic,Desktop,/contact,5,129,0,1,A,0
S08509,U5938,2025-03-15,2025-03,2025-W10,Direct,Mobile,/contact,1,427,0,1,B,0
S08510,U5939,2025-03-15,2025-03,2025-W10,Social,Mobile,/,6,292,0,1,A,0
S08511,U2014,2025-03-15,2025-03,2025-W10,Direct,Mobile,/,2,156,0,0,A,0
S08512,U5940,2025-03-15,2025-03,2025-W10,Organic,Mobile,/pricing,3,47,0,1,A,0
S08513,U2758,2025-03-15,2025-03,2025-W10,Organic,Desktop,/,1,68,0,0,B,0
S08514,U5941,2025-03-15,2025-03,2025-W10,Organic,Desktop,/services,4,311,0,1,B,1
S08515,U5942,2025-03-15,2025-03,2025-W10,Paid,Desktop,/services,3,216,0,1,A,0
S08516,U5943,2025-03-15,2025-03,2025-W10,Direct,Desktop,/tutors,5,151,0,1,B,0
S08517,U5944,2025-03-15,2025-03,2025-W10,Paid,Mobile,/,2,68,0,1,B,0
S08518,U5945,2025-03-15,2025-03,2025-W10,Direct,Desktop,/about,3,58,0,1,B,0
S08519,U5946,2025-03-15,2025-03,2025-W10,Social,Mobile,/,2,434,0,1,B,0
S08520,U3484,2025-03-15,2025-03,2025-W10,Organic,Desktop,/services,3,191,0,0,A,0
S08521,U5947,2025-03-15,2025-03,2025-W10,Organic,Desktop,/,4,181,0,1,A,0
S08522,U5948,2025-03-15,2025-03,2025-W10,Direct,Desktop,/about,2,182,0,1,B,0
S08523,U5949,2025-03-15,2025-03,2025-W10,Organic,Mobile,/pricing,3,162,0,1,A,0
S08524,U5950,2025-03-15,2025-03,2025-W10,Organic,Desktop,/,4,193,0,1,B,0
S08525,U5951,2025-03-15,2025-03,2025-W10,Direct,Desktop,/services,9,75,0,1,A,0
S08526,U5952,2025-03-15,2025-03,2025-W10,Email,Tablet,/,1,229,0,1,A,0
S08527,U5953,2025-03-15,2025-03,2025-W10,Social,Desktop,/tutors,3,25,0,1,A,0
S08528,U5954,2025-03-15,2025-03,2025-W10,Organic,Mobile,/,2,904,0,1,B,1
S08529,U5955,2025-03-15,2025-03,2025-W10,Organic,Mobile,/services,2,250,0,1,A,0
S08530,U4789,2025-03-15,2025-03,2025-W10,Direct,Desktop,/services,3,51,0,0,A,0
S08531,U4364,2025-03-15,2025-03,2025-W10,Social,Desktop,/tutors,5,88,0,0,A,0
S08532,U5956,2025-03-15,2025-03,2025-W10,Direct,Mobile,/,6,376,0,1,B,0
S08533,U2582,2025-03-15,2025-03,2025-W10,Organic,Desktop,/tutors,3,199,0,0,B,0
S08534,U3495,2025-03-15,2025-03,2025-W10,Email,Mobile,/about,1,125,0,0,A,1
S08535,U4351,2025-03-15,2025-03,2025-W10,Organic,Desktop,/,5,504,0,0,A,0
S08536,U5957,2025-03-15,2025-03,2025-W10,Organic,Desktop,/pricing,5,148,0,1,B,0
S08537,U5958,2025-03-15,2025-03,2025-W10,Paid,Mobile,/,2,1274,0,1,B,0
S08538,U0500,2025-03-15,2025-03,2025-W10,Email,Desktop,/pricing,3,1657,0,0,A,0
S08539,U5855,2025-03-15,2025-03,2025-W10,Direct,Mobile,/,2,145,0,0,B,0
S08540,U5959,2025-03-15,2025-03,2025-W10,Email,Desktop,/contact,3,65,0,1,B,0
S08541,U5960,2025-03-15,2025-03,2025-W10,Organic,Desktop,/services,4,192,0,1,A,0
S08542,U5961,2025-03-15,2025-03,2025-W10,Organic,Desktop,/pricing,4,127,0,1,A,0
S08543,U5962,2025-03-15,2025-03,2025-W10,Organic,Desktop,/tutors,4,143,0,1,A,0
S08544,U5963,2025-03-15,2025-03,2025-W10,Paid,Desktop,/,3,740,0,1,B,0
S08545,U5964,2025-03-15,2025-03,2025-W10,Email,Desktop,/,2,421,0,1,A,0
S08546,U5965,2025-03-15,2025-03,2025-W10,Organic,Mobile,/,4,56,0,1,B,0
S08547,U5966,2025-03-15,2025-03,2025-W10,Direct,Desktop,/,3,59,0,1,B,0
S08548,U0059,2025-03-15,2025-03,2025-W10,Direct,Mobile,/,2,119,0,0,A,0
S08549,U5967,2025-03-15,2025-03,2025-W10,Organic,Desktop,/,4,146,0,1,B,0
S08550,U5968,2025-03-16,2025-03,2025-W10,Email,Desktop,/,4,351,0,1,B,0
S08551,U5969,2025-03-16,2025-03,2025-W10,Social,Desktop,/contact,2,231,0,1,B,0
S08552,U5970,2025-03-16,2025-03,2025-W10,Organic,Tablet,/services,5,75,0,1,B,0
S08553,U5331,2025-03-16,2025-03,2025-W10,Direct,Mobile,/services,3,150,0,0,B,0
S08554,U5971,2025-03-16,2025-03,2025-W10,Organic,Desktop,/tutors,5,189,0,1,A,0
S08555,U5972,2025-03-16,2025-03,2025-W10,Paid,Desktop,/services,3,133,0,1,A,0
S08556,U5973,2025-03-16,2025-03,2025-W10,Email,Desktop,/tutors,6,892,0,1,A,0
S08557,U3112,2025-03-16,2025-03,2025-W10,Organic,Desktop,/tutors,1,129,0,0,B,0
S08558,U5974,2025-03-16,2025-03,2025-W10,Paid,Mobile,/services,4,66,0,1,B,0
S08559,U1098,2025-03-16,2025-03,2025-W10,Direct,Desktop,/pricing,4,362,0,0,B,0
S08560,U5975,2025-03-16,2025-03,2025-W10,Organic,Desktop,/about,1,161,0,1,B,0
S08561,U0231,2025-03-16,2025-03,2025-W10,Organic,Desktop,/,6,207,0,0,B,0
S08562,U5976,2025-03-16,2025-03,2025-W10,Organic,Mobile,/,3,654,0,1,B,0
S08563,U5977,2025-03-16,2025-03,2025-W10,Email,Mobile,/tutors,4,236,0,1,A,0
S08564,U2043,2025-03-16,2025-03,2025-W10,Paid,Desktop,/about,3,446,0,0,B,0
S08565,U5978,2025-03-16,2025-03,2025-W10,Organic,Tablet,/services,3,108,0,1,B,0
S08566,U0563,2025-03-16,2025-03,2025-W10,Organic,Desktop,/,2,490,0,0,B,0
S08567,U5979,2025-03-16,2025-03,2025-W10,Organic,Mobile,/,2,556,0,1,B,0
S08568,U5980,2025-03-16,2025-03,2025-W10,Organic,Desktop,/services,2,328,0,1,A,0
S08569,U5981,2025-03-16,2025-03,2025-W10,Direct,Mobile,/services,3,56,0,1,A,0
S08570,U5982,2025-03-16,2025-03,2025-W10,Email,Desktop,/about,6,78,0,1,A,0
S08571,U5983,2025-03-16,2025-03,2025-W10,Organic,Mobile,/services,4,215,0,1,A,0
S08572,U5984,2025-03-16,2025-03,2025-W10,Direct,Mobile,/,4,198,0,1,B,0
S08573,U5985,2025-03-16,2025-03,2025-W10,Email,Mobile,/services,4,365,0,1,A,1
S08574,U5986,2025-03-16,2025-03,2025-W10,Organic,Mobile,/contact,3,29,0,1,B,0
S08575,U4590,2025-03-16,2025-03,2025-W10,Organic,Desktop,/,3,24,0,0,A,0
S08576,U1754,2025-03-16,2025-03,2025-W10,Email,Mobile,/pricing,5,76,0,0,A,1
S08577,U3439,2025-03-16,2025-03,2025-W10,Email,Desktop,/tutors,2,288,0,0,A,0
S08578,U4171,2025-03-16,2025-03,2025-W10,Organic,Mobile,/contact,1,62,0,0,A,0
S08579,U2124,2025-03-16,2025-03,2025-W10,Organic,Desktop,/about,3,57,0,0,B,0
S08580,U5987,2025-03-16,2025-03,2025-W10,Direct,Mobile,/pricing,5,99,0,1,A,0
S08581,U5988,2025-03-16,2025-03,2025-W10,Email,Tablet,/tutors,2,156,0,1,A,0
S08582,U5989,2025-03-16,2025-03,2025-W10,Organic,Mobile,/,12,319,0,1,B,0
S08583,U5990,2025-03-16,2025-03,2025-W10,Social,Mobile,/tutors,4,235,0,1,A,0
S08584,U4058,2025-03-16,2025-03,2025-W10,Organic,Mobile,/,2,261,0,0,B,0
S08585,U5991,2025-03-16,2025-03,2025-W10,Email,Mobile,/about,3,83,0,1,A,0
S08586,U5992,2025-03-16,2025-03,2025-W10,Organic,Desktop,/,4,129,0,1,B,0
S08587,U5993,2025-03-16,2025-03,2025-W10,Direct,Desktop,/pricing,5,304,0,1,B,0
S08588,U5994,2025-03-16,2025-03,2025-W10,Direct,Desktop,/,3,355,0,1,B,0
S08589,U5995,2025-03-16,2025-03,2025-W10,Social,Desktop,/about,9,495,0,1,A,0
S08590,U5996,2025-03-16,2025-03,2025-W10,Organic,Desktop,/,5,220,0,1,A,0
S08591,U5997,2025-03-16,2025-03,2025-W10,Organic,Desktop,/,5,96,0,1,B,0
S08592,U5998,2025-03-16,2025-03,2025-W10,Organic,Desktop,/,6,301,0,1,B,0
S08593,U5999,2025-03-16,2025-03,2025-W10,Organic,Desktop,/,5,217,0,1,B,0
S08594,U6000,2025-03-16,2025-03,2025-W10,Organic,Desktop,/,1,347,0,1,B,0
S08595,U6001,2025-03-16,2025-03,2025-W10,Organic,Desktop,/,8,288,0,1,B,0
S08596,U6002,2025-03-16,2025-03,2025-W10,Email,Desktop,/pricing,3,200,0,1,A,1
S08597,U1611,2025-03-16,2025-03,2025-W10,Organic,Desktop,/,4,283,0,0,B,1
S08598,U6003,2025-03-16,2025-03,2025-W10,Paid,Tablet,/tutors,2,239,0,1,B,0
S08599,U6004,2025-03-16,2025-03,2025-W10,Organic,Desktop,/pricing,5,422,0,1,B,0
S08600,U6005,2025-03-16,2025-03,2025-W10,Social,Mobile,/about,4,66,0,1,A,0
S08601,U6006,2025-03-16,2025-03,2025-W10,Email,Mobile,/,1,441,0,1,B,0
S08602,U6007,2025-03-16,2025-03,2025-W10,Direct,Desktop,/,1,304,0,1,A,0
S08603,U2500,2025-03-16,2025-03,2025-W10,Email,Desktop,/services,1,167,0,0,A,0
S08604,U6008,2025-03-16,2025-03,2025-W10,Direct,Desktop,/,6,467,0,1,A,0
S08605,U6009,2025-03-16,2025-03,2025-W10,Direct,Desktop,/,7,196,0,1,A,0
S08606,U3850,2025-03-16,2025-03,2025-W10,Paid,Desktop,/services,3,70,0,0,B,0
S08607,U6010,2025-03-16,2025-03,2025-W10,Email,Tablet,/about,3,766,0,1,A,0
S08608,U1918,2025-03-16,2025-03,2025-W10,Paid,Desktop,/services,5,81,0,0,B,0
S08609,U3891,2025-03-16,2025-03,2025-W10,Direct,Mobile,/about,2,228,0,0,A,0
S08610,U6011,2025-03-16,2025-03,2025-W10,Social,Desktop,/,3,163,0,1,A,0
S08611,U6012,2025-03-16,2025-03,2025-W10,Paid,Desktop,/about,3,183,0,1,A,0
S08612,U6013,2025-03-16,2025-03,2025-W10,Social,Mobile,/,5,125,0,1,B,0
S08613,U6014,2025-03-16,2025-03,2025-W10,Email,Mobile,/about,3,97,0,1,A,0
S08614,U6015,2025-03-16,2025-03,2025-W10,Direct,Mobile,/services,4,1006,0,1,A,0
S08615,U6016,2025-03-16,2025-03,2025-W10,Organic,Desktop,/services,2,31,0,1,B,0
S08616,U1092,2025-03-16,2025-03,2025-W10,Social,Mobile,/tutors,3,195,0,0,B,0
S08617,U6017,2025-03-16,2025-03,2025-W10,Social,Mobile,/services,4,769,0,1,A,0
S08618,U6018,2025-03-16,2025-03,2025-W10,Direct,Desktop,/,1,1242,0,1,A,1
S08619,U6019,2025-03-16,2025-03,2025-W10,Direct,Mobile,/tutors,3,268,0,1,A,0
S08620,U0697,2025-03-16,2025-03,2025-W10,Organic,Desktop,/,4,268,0,0,B,0
S08621,U6020,2025-03-16,2025-03,2025-W10,Organic,Mobile,/tutors,2,276,0,1,B,0
S08622,U6021,2025-03-16,2025-03,2025-W10,Social,Desktop,/tutors,3,133,0,1,A,1
S08623,U6022,2025-03-16,2025-03,2025-W10,Organic,Mobile,/,6,220,0,1,B,0
S08624,U5654,2025-03-16,2025-03,2025-W10,Organic,Desktop,/,2,386,0,0,B,0
S08625,U6023,2025-03-16,2025-03,2025-W10,Direct,Mobile,/pricing,3,576,0,1,A,0
S08626,U1763,2025-03-16,2025-03,2025-W10,Organic,Mobile,/pricing,2,294,0,0,A,0
S08627,U6024,2025-03-16,2025-03,2025-W10,Organic,Desktop,/contact,3,362,0,1,B,0
S08628,U6025,2025-03-16,2025-03,2025-W10,Direct,Desktop,/,1,352,0,1,A,0
S08629,U3955,2025-03-16,2025-03,2025-W10,Email,Mobile,/tutors,3,203,0,0,A,0
S08630,U6026,2025-03-16,2025-03,2025-W10,Email,Desktop,/contact,5,169,0,1,A,0
S08631,U6027,2025-03-16,2025-03,2025-W10,Email,Mobile,/,2,330,0,1,B,0
S08632,U3815,2025-03-16,2025-03,2025-W10,Social,Desktop,/pricing,1,800,0,0,B,1
S08633,U6028,2025-03-17,2025-03,2025-W11,Direct,Desktop,/services,2,211,0,1,A,0
S08634,U3194,2025-03-17,2025-03,2025-W11,Direct,Desktop,/,5,162,0,0,A,0
S08635,U6029,2025-03-17,2025-03,2025-W11,Organic,Mobile,/tutors,3,241,0,1,B,0
S08636,U1454,2025-03-17,2025-03,2025-W11,Organic,Desktop,/about,3,138,0,0,B,0
S08637,U6030,2025-03-17,2025-03,2025-W11,Paid,Mobile,/pricing,2,391,0,1,A,0
S08638,U6031,2025-03-17,2025-03,2025-W11,Email,Mobile,/,4,213,0,1,B,0
S08639,U5685,2025-03-17,2025-03,2025-W11,Email,Desktop,/,2,530,0,0,A,0
S08640,U3435,2025-03-17,2025-03,2025-W11,Organic,Desktop,/,4,640,0,0,A,0
S08641,U6032,2025-03-17,2025-03,2025-W11,Email,Desktop,/tutors,2,1149,0,1,A,0
S08642,U2503,2025-03-17,2025-03,2025-W11,Social,Desktop,/tutors,6,309,0,0,A,0
S08643,U6033,2025-03-17,2025-03,2025-W11,Organic,Mobile,/services,2,47,0,1,B,0
S08644,U3891,2025-03-17,2025-03,2025-W11,Direct,Desktop,/,3,164,0,0,A,1
S08645,U6034,2025-03-17,2025-03,2025-W11,Organic,Mobile,/,3,99,0,1,B,0
S08646,U6035,2025-03-17,2025-03,2025-W11,Direct,Desktop,/services,4,179,0,1,A,1
S08647,U6036,2025-03-17,2025-03,2025-W11,Email,Desktop,/about,3,70,0,1,B,0
S08648,U2747,2025-03-17,2025-03,2025-W11,Email,Mobile,/services,1,277,0,0,B,0
S08649,U3393,2025-03-17,2025-03,2025-W11,Email,Desktop,/tutors,6,209,0,0,A,0
S08650,U2953,2025-03-17,2025-03,2025-W11,Organic,Desktop,/services,1,127,0,0,A,0
S08651,U6037,2025-03-17,2025-03,2025-W11,Organic,Desktop,/services,2,802,0,1,B,0
S08652,U3809,2025-03-17,2025-03,2025-W11,Organic,Desktop,/,1,159,0,0,B,0
S08653,U6038,2025-03-17,2025-03,2025-W11,Organic,Mobile,/services,4,366,0,1,B,0
S08654,U6039,2025-03-17,2025-03,2025-W11,Organic,Desktop,/,4,112,0,1,A,0
S08655,U6040,2025-03-17,2025-03,2025-W11,Direct,Desktop,/pricing,1,68,0,1,B,0
S08656,U3780,2025-03-17,2025-03,2025-W11,Paid,Desktop,/,6,441,0,0,A,0
S08657,U6041,2025-03-17,2025-03,2025-W11,Email,Mobile,/,4,151,0,1,A,0
S08658,U6042,2025-03-17,2025-03,2025-W11,Direct,Mobile,/pricing,3,204,0,1,A,0
S08659,U0767,2025-03-17,2025-03,2025-W11,Social,Tablet,/pricing,5,166,0,0,B,0
S08660,U6043,2025-03-17,2025-03,2025-W11,Organic,Tablet,/,1,182,0,1,B,0
S08661,U4173,2025-03-17,2025-03,2025-W11,Organic,Mobile,/,1,92,0,0,A,0
S08662,U3194,2025-03-17,2025-03,2025-W11,Direct,Mobile,/services,4,315,0,0,A,0
S08663,U0205,2025-03-17,2025-03,2025-W11,Social,Mobile,/,5,246,0,0,B,0
S08664,U5816,2025-03-17,2025-03,2025-W11,Organic,Mobile,/,3,40,0,0,A,0
S08665,U6044,2025-03-17,2025-03,2025-W11,Organic,Mobile,/tutors,2,241,0,1,B,0
S08666,U6045,2025-03-17,2025-03,2025-W11,Social,Mobile,/,5,135,0,1,A,0
S08667,U0561,2025-03-17,2025-03,2025-W11,Organic,Mobile,/contact,4,36,0,0,B,0
S08668,U2104,2025-03-17,2025-03,2025-W11,Organic,Mobile,/pricing,1,105,0,0,A,0
S08669,U6046,2025-03-17,2025-03,2025-W11,Social,Tablet,/,1,415,0,1,B,0
S08670,U1848,2025-03-17,2025-03,2025-W11,Direct,Desktop,/tutors,8,310,0,0,A,0
S08671,U1080,2025-03-17,2025-03,2025-W11,Organic,Mobile,/,3,70,0,0,A,0
S08672,U5308,2025-03-17,2025-03,2025-W11,Email,Desktop,/about,2,254,0,0,A,0
S08673,U1484,2025-03-17,2025-03,2025-W11,Direct,Desktop,/pricing,4,270,0,0,A,0
S08674,U6047,2025-03-17,2025-03,2025-W11,Organic,Desktop,/,3,230,0,1,A,0
S08675,U6002,2025-03-17,2025-03,2025-W11,Organic,Mobile,/services,3,92,0,0,A,0
S08676,U6048,2025-03-17,2025-03,2025-W11,Organic,Desktop,/about,6,233,0,1,B,1
S08677,U3655,2025-03-17,2025-03,2025-W11,Organic,Tablet,/,1,120,0,0,A,0
S08678,U6049,2025-03-17,2025-03,2025-W11,Email,Desktop,/,1,262,0,1,A,0
S08679,U6050,2025-03-17,2025-03,2025-W11,Email,Mobile,/about,3,78,0,1,B,0
S08680,U5256,2025-03-17,2025-03,2025-W11,Direct,Desktop,/,4,127,0,0,B,0
S08681,U6051,2025-03-17,2025-03,2025-W11,Social,Desktop,/pricing,2,213,0,1,B,0
S08682,U3351,2025-03-17,2025-03,2025-W11,Direct,Desktop,/about,3,510,0,0,A,0
S08683,U6052,2025-03-17,2025-03,2025-W11,Organic,Desktop,/tutors,6,750,0,1,B,0
S08684,U6053,2025-03-17,2025-03,2025-W11,Organic,Desktop,/,4,288,0,1,A,1
S08685,U6054,2025-03-17,2025-03,2025-W11,Direct,Desktop,/contact,3,323,0,1,A,0
S08686,U6055,2025-03-17,2025-03,2025-W11,Direct,Mobile,/pricing,2,467,0,1,B,0
S08687,U6056,2025-03-17,2025-03,2025-W11,Organic,Tablet,/,2,77,0,1,A,0
S08688,U0304,2025-03-17,2025-03,2025-W11,Paid,Mobile,/services,2,256,0,0,B,0
S08689,U5468,2025-03-17,2025-03,2025-W11,Email,Desktop,/about,2,288,0,0,B,1
S08690,U6057,2025-03-17,2025-03,2025-W11,Organic,Mobile,/services,3,382,0,1,B,0
S08691,U6058,2025-03-17,2025-03,2025-W11,Organic,Mobile,/,2,134,0,1,B,0
S08692,U6059,2025-03-17,2025-03,2025-W11,Email,Desktop,/pricing,3,2348,0,1,A,0
S08693,U6060,2025-03-17,2025-03,2025-W11,Organic,Desktop,/services,2,93,0,1,B,0
S08694,U4970,2025-03-17,2025-03,2025-W11,Organic,Mobile,/pricing,3,79,0,0,A,0
S08695,U6061,2025-03-17,2025-03,2025-W11,Organic,Desktop,/,2,144,0,1,A,0
S08696,U6062,2025-03-17,2025-03,2025-W11,Paid,Mobile,/tutors,1,615,0,1,A,0
S08697,U6063,2025-03-17,2025-03,2025-W11,Organic,Desktop,/contact,6,185,0,1,B,0
S08698,U6064,2025-03-17,2025-03,2025-W11,Organic,Desktop,/services,2,156,0,1,B,0
S08699,U6065,2025-03-17,2025-03,2025-W11,Organic,Mobile,/pricing,3,64,0,1,B,0
S08700,U4306,2025-03-17,2025-03,2025-W11,Paid,Desktop,/about,8,386,0,0,A,0
S08701,U6066,2025-03-17,2025-03,2025-W11,Email,Desktop,/tutors,5,476,0,1,A,1
S08702,U6067,2025-03-17,2025-03,2025-W11,Organic,Mobile,/about,2,242,0,1,A,0
S08703,U6068,2025-03-17,2025-03,2025-W11,Direct,Desktop,/pricing,2,572,0,1,B,0
S08704,U6069,2025-03-17,2025-03,2025-W11,Paid,Desktop,/tutors,3,438,0,1,A,0
S08705,U2389,2025-03-17,2025-03,2025-W11,Organic,Desktop,/about,4,165,0,0,A,0
S08706,U6070,2025-03-17,2025-03,2025-W11,Social,Mobile,/,6,160,0,1,B,0
S08707,U6071,2025-03-17,2025-03,2025-W11,Organic,Desktop,/contact,1,369,0,1,B,1
S08708,U6072,2025-03-17,2025-03,2025-W11,Direct,Tablet,/tutors,2,325,0,1,A,0
S08709,U6073,2025-03-17,2025-03,2025-W11,Direct,Desktop,/,5,115,0,1,B,0
S08710,U6074,2025-03-17,2025-03,2025-W11,Organic,Desktop,/,2,94,0,1,A,0
S08711,U6075,2025-03-17,2025-03,2025-W11,Social,Desktop,/tutors,5,362,0,1,B,0
S08712,U6076,2025-03-17,2025-03,2025-W11,Direct,Mobile,/tutors,4,174,0,1,A,0
S08713,U6077,2025-03-17,2025-03,2025-W11,Direct,Desktop,/tutors,1,102,0,1,A,0
S08714,U2204,2025-03-17,2025-03,2025-W11,Organic,Mobile,/pricing,5,248,0,0,B,0
S08715,U0321,2025-03-17,2025-03,2025-W11,Direct,Desktop,/about,2,281,0,0,B,0
S08716,U4703,2025-03-17,2025-03,2025-W11,Direct,Desktop,/,4,145,0,0,A,0
S08717,U6078,2025-03-17,2025-03,2025-W11,Email,Desktop,/about,3,147,0,1,B,0
S08718,U5853,2025-03-17,2025-03,2025-W11,Paid,Mobile,/,1,140,0,0,B,0
S08719,U1364,2025-03-17,2025-03,2025-W11,Organic,Mobile,/,1,119,0,0,A,0
S08720,U6079,2025-03-17,2025-03,2025-W11,Email,Desktop,/pricing,5,82,0,1,B,0
S08721,U6080,2025-03-17,2025-03,2025-W11,Organic,Mobile,/,5,175,0,1,A,0
S08722,U6081,2025-03-18,2025-03,2025-W11,Social,Mobile,/pricing,1,124,0,1,B,0
S08723,U6082,2025-03-18,2025-03,2025-W11,Social,Desktop,/pricing,4,81,0,1,B,0
S08724,U0169,2025-03-18,2025-03,2025-W11,Organic,Mobile,/services,4,264,0,0,A,1
S08725,U6083,2025-03-18,2025-03,2025-W11,Organic,Desktop,/,4,460,0,1,A,0
S08726,U5852,2025-03-18,2025-03,2025-W11,Organic,Desktop,/services,3,113,0,0,A,0
S08727,U6084,2025-03-18,2025-03,2025-W11,Direct,Desktop,/services,6,832,0,1,A,0
S08728,U6085,2025-03-18,2025-03,2025-W11,Social,Desktop,/tutors,6,19,0,1,B,1
S08729,U6086,2025-03-18,2025-03,2025-W11,Organic,Desktop,/tutors,4,767,0,1,B,0
S08730,U6087,2025-03-18,2025-03,2025-W11,Organic,Desktop,/pricing,3,405,0,1,A,0
S08731,U3328,2025-03-18,2025-03,2025-W11,Paid,Desktop,/,1,65,0,0,A,0
S08732,U0757,2025-03-18,2025-03,2025-W11,Direct,Tablet,/tutors,5,97,0,0,A,0
S08733,U6088,2025-03-18,2025-03,2025-W11,Direct,Tablet,/contact,4,475,0,1,A,0
S08734,U6089,2025-03-18,2025-03,2025-W11,Organic,Mobile,/contact,3,307,0,1,A,0
S08735,U6090,2025-03-18,2025-03,2025-W11,Organic,Desktop,/,4,359,0,1,B,0
S08736,U6091,2025-03-18,2025-03,2025-W11,Direct,Desktop,/tutors,5,128,0,1,A,0
S08737,U6092,2025-03-18,2025-03,2025-W11,Organic,Desktop,/,4,46,0,1,A,0
S08738,U6093,2025-03-18,2025-03,2025-W11,Email,Desktop,/services,2,146,0,1,B,0
S08739,U6094,2025-03-18,2025-03,2025-W11,Direct,Desktop,/,1,304,0,1,A,0
S08740,U6095,2025-03-18,2025-03,2025-W11,Social,Desktop,/services,7,238,0,1,A,0
S08741,U6096,2025-03-18,2025-03,2025-W11,Social,Tablet,/pricing,4,68,0,1,B,0
S08742,U6097,2025-03-18,2025-03,2025-W11,Organic,Mobile,/services,2,315,0,1,A,0
S08743,U6098,2025-03-18,2025-03,2025-W11,Organic,Desktop,/,3,108,0,1,B,0
S08744,U6099,2025-03-18,2025-03,2025-W11,Direct,Desktop,/tutors,3,508,0,1,B,0
S08745,U0416,2025-03-18,2025-03,2025-W11,Organic,Desktop,/services,1,245,0,0,A,1
S08746,U6100,2025-03-18,2025-03,2025-W11,Organic,Desktop,/,3,122,0,1,B,0
S08747,U6101,2025-03-18,2025-03,2025-W11,Direct,Mobile,/,5,368,0,1,A,0
S08748,U3560,2025-03-18,2025-03,2025-W11,Email,Desktop,/services,1,73,0,0,B,1
S08749,U2002,2025-03-18,2025-03,2025-W11,Direct,Mobile,/pricing,3,585,0,0,A,0
S08750,U0788,2025-03-18,2025-03,2025-W11,Email,Mobile,/,2,250,0,0,B,0
S08751,U0758,2025-03-18,2025-03,2025-W11,Paid,Desktop,/services,5,247,0,0,A,0
S08752,U6102,2025-03-18,2025-03,2025-W11,Organic,Mobile,/pricing,1,261,0,1,B,0
S08753,U4107,2025-03-18,2025-03,2025-W11,Direct,Desktop,/tutors,1,440,0,0,A,0
S08754,U6103,2025-03-18,2025-03,2025-W11,Paid,Mobile,/,3,139,0,1,B,0
S08755,U0149,2025-03-18,2025-03,2025-W11,Organic,Desktop,/,1,243,0,0,A,0
S08756,U5446,2025-03-18,2025-03,2025-W11,Direct,Mobile,/,3,126,0,0,A,1
S08757,U6104,2025-03-18,2025-03,2025-W11,Organic,Desktop,/,2,126,0,1,B,0
S08758,U3383,2025-03-18,2025-03,2025-W11,Direct,Mobile,/services,4,148,0,0,A,0
S08759,U6105,2025-03-18,2025-03,2025-W11,Email,Desktop,/services,3,271,0,1,A,0
S08760,U6106,2025-03-18,2025-03,2025-W11,Social,Desktop,/services,6,70,0,1,B,0
S08761,U5768,2025-03-18,2025-03,2025-W11,Social,Mobile,/services,1,252,0,0,A,0
S08762,U6107,2025-03-18,2025-03,2025-W11,Organic,Tablet,/,3,170,0,1,A,0
S08763,U6108,2025-03-18,2025-03,2025-W11,Organic,Desktop,/,3,147,0,1,B,0
S08764,U6109,2025-03-18,2025-03,2025-W11,Paid,Mobile,/,5,336,0,1,B,0
S08765,U6110,2025-03-18,2025-03,2025-W11,Organic,Desktop,/,3,1377,0,1,A,1
S08766,U4417,2025-03-18,2025-03,2025-W11,Direct,Desktop,/,4,282,0,0,A,0
S08767,U6111,2025-03-18,2025-03,2025-W11,Organic,Tablet,/pricing,2,439,0,1,B,0
S08768,U1823,2025-03-18,2025-03,2025-W11,Direct,Mobile,/tutors,2,107,0,0,B,0
S08769,U6112,2025-03-18,2025-03,2025-W11,Organic,Tablet,/pricing,4,134,0,1,A,0
S08770,U6113,2025-03-18,2025-03,2025-W11,Direct,Mobile,/,4,292,0,1,A,0
S08771,U6114,2025-03-18,2025-03,2025-W11,Paid,Desktop,/services,4,328,0,1,A,0
S08772,U6115,2025-03-18,2025-03,2025-W11,Social,Desktop,/services,1,54,0,1,A,0
S08773,U2147,2025-03-18,2025-03,2025-W11,Paid,Desktop,/,1,174,0,0,B,0
S08774,U6116,2025-03-18,2025-03,2025-W11,Direct,Desktop,/services,6,93,0,1,B,0
S08775,U6117,2025-03-18,2025-03,2025-W11,Direct,Mobile,/about,1,122,0,1,B,0
S08776,U6118,2025-03-18,2025-03,2025-W11,Direct,Desktop,/services,1,379,0,1,A,0
S08777,U1821,2025-03-18,2025-03,2025-W11,Organic,Desktop,/tutors,1,51,0,0,A,0
S08778,U6119,2025-03-18,2025-03,2025-W11,Organic,Mobile,/contact,3,195,0,1,B,1
S08779,U5078,2025-03-18,2025-03,2025-W11,Paid,Desktop,/services,3,131,0,0,B,1
S08780,U6120,2025-03-18,2025-03,2025-W11,Organic,Mobile,/about,2,228,0,1,B,0
S08781,U6121,2025-03-18,2025-03,2025-W11,Organic,Mobile,/,4,82,0,1,B,0
S08782,U6122,2025-03-18,2025-03,2025-W11,Paid,Mobile,/,4,118,0,1,A,0
S08783,U6123,2025-03-18,2025-03,2025-W11,Email,Mobile,/,5,65,0,1,A,0
S08784,U6124,2025-03-18,2025-03,2025-W11,Organic,Desktop,/about,2,230,0,1,A,0
S08785,U6125,2025-03-18,2025-03,2025-W11,Organic,Desktop,/,5,145,0,1,A,1
S08786,U6126,2025-03-18,2025-03,2025-W11,Social,Mobile,/about,2,103,0,1,B,0
S08787,U0260,2025-03-18,2025-03,2025-W11,Email,Mobile,/,2,226,0,0,B,1
S08788,U6127,2025-03-18,2025-03,2025-W11,Social,Mobile,/services,3,179,0,1,A,0
S08789,U3346,2025-03-18,2025-03,2025-W11,Organic,Desktop,/,3,130,0,0,A,1
S08790,U4601,2025-03-18,2025-03,2025-W11,Direct,Mobile,/services,4,208,0,0,A,0
S08791,U0710,2025-03-18,2025-03,2025-W11,Organic,Desktop,/services,2,155,0,0,B,1
S08792,U6128,2025-03-18,2025-03,2025-W11,Social,Mobile,/tutors,8,93,0,1,B,0
S08793,U1042,2025-03-18,2025-03,2025-W11,Direct,Mobile,/,2,226,0,0,A,0
S08794,U6129,2025-03-18,2025-03,2025-W11,Organic,Mobile,/,5,199,0,1,B,0
S08795,U0734,2025-03-18,2025-03,2025-W11,Direct,Desktop,/contact,1,94,0,0,B,0
S08796,U6130,2025-03-18,2025-03,2025-W11,Direct,Mobile,/about,1,742,0,1,B,0
S08797,U6131,2025-03-18,2025-03,2025-W11,Direct,Desktop,/contact,2,50,0,1,A,0
S08798,U6132,2025-03-18,2025-03,2025-W11,Organic,Mobile,/,4,200,0,1,A,0
S08799,U6133,2025-03-18,2025-03,2025-W11,Social,Mobile,/services,4,163,0,1,B,0
S08800,U6134,2025-03-18,2025-03,2025-W11,Organic,Mobile,/pricing,3,360,0,1,B,0
S08801,U6135,2025-03-18,2025-03,2025-W11,Email,Desktop,/about,2,123,0,1,A,0
S08802,U6136,2025-03-18,2025-03,2025-W11,Direct,Mobile,/contact,3,73,0,1,A,0
S08803,U6137,2025-03-18,2025-03,2025-W11,Direct,Mobile,/tutors,4,162,0,1,B,0
S08804,U1183,2025-03-18,2025-03,2025-W11,Organic,Desktop,/about,4,353,0,0,B,0
S08805,U6138,2025-03-18,2025-03,2025-W11,Direct,Desktop,/contact,4,329,0,1,B,0
S08806,U6139,2025-03-18,2025-03,2025-W11,Social,Mobile,/services,4,160,0,1,B,0
S08807,U6140,2025-03-19,2025-03,2025-W11,Direct,Desktop,/tutors,1,505,0,1,A,0
S08808,U1939,2025-03-19,2025-03,2025-W11,Organic,Tablet,/pricing,5,1050,0,0,A,1
S08809,U6141,2025-03-19,2025-03,2025-W11,Organic,Desktop,/services,5,61,0,1,B,0
S08810,U6142,2025-03-19,2025-03,2025-W11,Organic,Desktop,/services,5,91,0,1,A,0
S08811,U6143,2025-03-19,2025-03,2025-W11,Organic,Desktop,/pricing,1,102,0,1,B,0
S08812,U1925,2025-03-19,2025-03,2025-W11,Organic,Desktop,/tutors,1,57,0,0,B,0
S08813,U6144,2025-03-19,2025-03,2025-W11,Organic,Desktop,/contact,4,191,0,1,A,0
S08814,U6145,2025-03-19,2025-03,2025-W11,Organic,Desktop,/,4,294,0,1,B,0
S08815,U2604,2025-03-19,2025-03,2025-W11,Organic,Desktop,/services,5,412,0,0,A,0
S08816,U6146,2025-03-19,2025-03,2025-W11,Email,Desktop,/,4,171,0,1,B,1
S08817,U6147,2025-03-19,2025-03,2025-W11,Organic,Desktop,/,3,80,0,1,B,0
S08818,U6148,2025-03-19,2025-03,2025-W11,Organic,Mobile,/,7,283,0,1,B,0
S08819,U6149,2025-03-19,2025-03,2025-W11,Organic,Desktop,/,5,531,0,1,B,0
S08820,U6150,2025-03-19,2025-03,2025-W11,Organic,Desktop,/services,2,27,0,1,A,0
S08821,U6151,2025-03-19,2025-03,2025-W11,Organic,Desktop,/pricing,8,118,0,1,B,0
S08822,U6152,2025-03-19,2025-03,2025-W11,Direct,Desktop,/tutors,3,188,0,1,B,0
S08823,U0628,2025-03-19,2025-03,2025-W11,Social,Tablet,/pricing,6,91,0,0,A,0
S08824,U6153,2025-03-19,2025-03,2025-W11,Email,Desktop,/,3,207,0,1,A,0
S08825,U6154,2025-03-19,2025-03,2025-W11,Email,Mobile,/services,2,106,0,1,A,0
S08826,U6155,2025-03-19,2025-03,2025-W11,Email,Mobile,/tutors,2,210,0,1,B,0
S08827,U5109,2025-03-19,2025-03,2025-W11,Organic,Desktop,/,4,156,0,0,B,0
S08828,U6156,2025-03-19,2025-03,2025-W11,Direct,Desktop,/,6,501,0,1,B,1
S08829,U0493,2025-03-19,2025-03,2025-W11,Direct,Desktop,/tutors,1,206,0,0,B,0
S08830,U6157,2025-03-19,2025-03,2025-W11,Social,Tablet,/,2,53,0,1,B,1
S08831,U6158,2025-03-19,2025-03,2025-W11,Direct,Desktop,/pricing,5,362,0,1,B,0
S08832,U6159,2025-03-19,2025-03,2025-W11,Direct,Desktop,/services,1,149,0,1,B,0
S08833,U6160,2025-03-19,2025-03,2025-W11,Direct,Mobile,/,5,238,0,1,A,0
S08834,U1928,2025-03-19,2025-03,2025-W11,Organic,Desktop,/about,7,129,0,0,B,0
S08835,U1717,2025-03-19,2025-03,2025-W11,Organic,Desktop,/,2,79,0,0,A,0
S08836,U6161,2025-03-19,2025-03,2025-W11,Social,Mobile,/services,2,72,0,1,B,0
S08837,U6162,2025-03-19,2025-03,2025-W11,Social,Desktop,/tutors,2,359,0,1,B,0
S08838,U0905,2025-03-19,2025-03,2025-W11,Social,Mobile,/,4,125,0,0,B,0
S08839,U6163,2025-03-19,2025-03,2025-W11,Email,Mobile,/,2,73,0,1,A,0
S08840,U6164,2025-03-19,2025-03,2025-W11,Paid,Desktop,/,4,330,0,1,B,0
S08841,U6165,2025-03-19,2025-03,2025-W11,Direct,Desktop,/services,1,365,0,1,A,0
S08842,U1410,2025-03-19,2025-03,2025-W11,Direct,Desktop,/,4,319,0,0,A,1
S08843,U6166,2025-03-19,2025-03,2025-W11,Organic,Mobile,/,5,322,0,1,A,0
S08844,U6167,2025-03-19,2025-03,2025-W11,Direct,Desktop,/,1,94,0,1,A,0
S08845,U1014,2025-03-19,2025-03,2025-W11,Email,Desktop,/,1,73,0,0,B,1
S08846,U6168,2025-03-19,2025-03,2025-W11,Organic,Mobile,/,3,95,0,1,A,0
S08847,U4510,2025-03-19,2025-03,2025-W11,Direct,Desktop,/pricing,5,145,0,0,B,1
S08848,U2041,2025-03-19,2025-03,2025-W11,Social,Desktop,/pricing,4,76,0,0,B,1
S08849,U6169,2025-03-19,2025-03,2025-W11,Organic,Mobile,/services,4,171,0,1,A,0
S08850,U5548,2025-03-19,2025-03,2025-W11,Direct,Desktop,/services,3,313,0,0,A,0
S08851,U4119,2025-03-19,2025-03,2025-W11,Organic,Desktop,/about,1,728,0,0,A,0
S08852,U6170,2025-03-19,2025-03,2025-W11,Organic,Mobile,/about,3,324,0,1,A,0
S08853,U3439,2025-03-19,2025-03,2025-W11,Email,Desktop,/tutors,1,203,0,0,A,0
S08854,U6171,2025-03-19,2025-03,2025-W11,Organic,Desktop,/pricing,2,162,0,1,A,0
S08855,U6172,2025-03-19,2025-03,2025-W11,Organic,Mobile,/,1,197,0,1,A,1
S08856,U6173,2025-03-19,2025-03,2025-W11,Organic,Desktop,/pricing,2,439,0,1,B,0
S08857,U6174,2025-03-19,2025-03,2025-W11,Direct,Desktop,/pricing,4,285,0,1,A,0
S08858,U3040,2025-03-19,2025-03,2025-W11,Paid,Desktop,/,1,343,0,0,B,0
S08859,U6175,2025-03-19,2025-03,2025-W11,Email,Desktop,/contact,6,113,0,1,A,0
S08860,U6176,2025-03-19,2025-03,2025-W11,Organic,Desktop,/,3,157,0,1,B,0
S08861,U6177,2025-03-19,2025-03,2025-W11,Email,Desktop,/,3,420,0,1,B,1
S08862,U6178,2025-03-19,2025-03,2025-W11,Direct,Desktop,/tutors,3,89,0,1,A,0
S08863,U6179,2025-03-19,2025-03,2025-W11,Email,Desktop,/tutors,3,604,0,1,B,0
S08864,U1964,2025-03-19,2025-03,2025-W11,Email,Mobile,/,5,48,0,0,B,0
S08865,U5981,2025-03-19,2025-03,2025-W11,Social,Desktop,/,5,78,0,0,A,0
S08866,U6180,2025-03-19,2025-03,2025-W11,Direct,Desktop,/,3,80,0,1,A,1
S08867,U1337,2025-03-19,2025-03,2025-W11,Organic,Mobile,/services,2,177,0,0,B,0
S08868,U6181,2025-03-19,2025-03,2025-W11,Organic,Mobile,/pricing,1,143,0,1,B,0
S08869,U6182,2025-03-19,2025-03,2025-W11,Social,Desktop,/,2,146,0,1,B,0
S08870,U6183,2025-03-19,2025-03,2025-W11,Direct,Tablet,/services,4,365,0,1,A,0
S08871,U0733,2025-03-19,2025-03,2025-W11,Email,Desktop,/pricing,3,83,0,0,A,0
S08872,U0109,2025-03-19,2025-03,2025-W11,Social,Desktop,/tutors,6,121,0,0,B,0
S08873,U6184,2025-03-19,2025-03,2025-W11,Organic,Desktop,/pricing,2,360,0,1,B,0
S08874,U0877,2025-03-19,2025-03,2025-W11,Direct,Desktop,/services,3,205,0,0,B,0
S08875,U6185,2025-03-19,2025-03,2025-W11,Organic,Desktop,/tutors,2,57,0,1,A,0
S08876,U6186,2025-03-19,2025-03,2025-W11,Paid,Mobile,/contact,9,30,0,1,B,0
S08877,U6187,2025-03-19,2025-03,2025-W11,Direct,Desktop,/contact,1,148,0,1,B,1
S08878,U6188,2025-03-19,2025-03,2025-W11,Email,Desktop,/tutors,1,541,0,1,A,0
S08879,U6189,2025-03-19,2025-03,2025-W11,Paid,Desktop,/,3,276,0,1,B,0
S08880,U2907,2025-03-19,2025-03,2025-W11,Paid,Desktop,/tutors,4,157,0,0,B,0
S08881,U6190,2025-03-19,2025-03,2025-W11,Email,Mobile,/,3,47,0,1,A,0
S08882,U4157,2025-03-19,2025-03,2025-W11,Organic,Mobile,/contact,2,104,0,0,B,0
S08883,U6191,2025-03-19,2025-03,2025-W11,Social,Desktop,/,3,210,0,1,B,0
S08884,U6192,2025-03-19,2025-03,2025-W11,Organic,Tablet,/services,2,129,0,1,B,0
S08885,U6193,2025-03-19,2025-03,2025-W11,Email,Desktop,/,5,302,0,1,A,0
S08886,U6194,2025-03-19,2025-03,2025-W11,Paid,Desktop,/services,7,475,0,1,B,0
S08887,U3585,2025-03-19,2025-03,2025-W11,Social,Desktop,/,3,125,0,0,A,0
S08888,U6195,2025-03-19,2025-03,2025-W11,Direct,Desktop,/pricing,5,686,0,1,A,0
S08889,U3872,2025-03-19,2025-03,2025-W11,Organic,Desktop,/,1,233,0,0,A,0
S08890,U6196,2025-03-19,2025-03,2025-W11,Organic,Mobile,/tutors,2,98,0,1,A,0
S08891,U6197,2025-03-19,2025-03,2025-W11,Paid,Mobile,/pricing,2,292,0,1,A,0
S08892,U1128,2025-03-19,2025-03,2025-W11,Paid,Desktop,/services,5,697,0,0,A,0
S08893,U6198,2025-03-19,2025-03,2025-W11,Email,Mobile,/,2,209,0,1,B,1
S08894,U0918,2025-03-19,2025-03,2025-W11,Direct,Mobile,/pricing,2,104,0,0,B,0
S08895,U0226,2025-03-19,2025-03,2025-W11,Organic,Desktop,/about,8,287,0,0,A,0
S08896,U6199,2025-03-19,2025-03,2025-W11,Organic,Desktop,/pricing,2,469,0,1,B,0
S08897,U6200,2025-03-19,2025-03,2025-W11,Social,Desktop,/,6,589,0,1,A,0
S08898,U1662,2025-03-19,2025-03,2025-W11,Paid,Mobile,/tutors,2,980,0,0,B,0
S08899,U6201,2025-03-19,2025-03,2025-W11,Email,Desktop,/,1,130,0,1,B,0
S08900,U6202,2025-03-20,2025-03,2025-W11,Social,Desktop,/pricing,4,214,0,1,A,0
S08901,U6203,2025-03-20,2025-03,2025-W11,Organic,Desktop,/,2,516,0,1,B,0
S08902,U2776,2025-03-20,2025-03,2025-W11,Organic,Tablet,/tutors,4,188,0,0,A,0
S08903,U3435,2025-03-20,2025-03,2025-W11,Organic,Mobile,/,5,53,0,0,A,0
S08904,U0058,2025-03-20,2025-03,2025-W11,Organic,Mobile,/,4,156,0,0,B,0
S08905,U0123,2025-03-20,2025-03,2025-W11,Direct,Desktop,/,2,171,0,0,B,0
S08906,U6204,2025-03-20,2025-03,2025-W11,Organic,Mobile,/,4,967,0,1,A,0
S08907,U6205,2025-03-20,2025-03,2025-W11,Organic,Tablet,/,1,564,0,1,B,0
S08908,U6206,2025-03-20,2025-03,2025-W11,Direct,Mobile,/pricing,3,37,0,1,A,1
S08909,U6207,2025-03-20,2025-03,2025-W11,Direct,Tablet,/,3,128,0,1,A,0
S08910,U1106,2025-03-20,2025-03,2025-W11,Organic,Desktop,/,4,210,0,0,A,0
S08911,U6208,2025-03-20,2025-03,2025-W11,Paid,Desktop,/services,4,391,0,1,B,0
S08912,U6209,2025-03-20,2025-03,2025-W11,Email,Tablet,/services,2,116,0,1,B,1
S08913,U6210,2025-03-20,2025-03,2025-W11,Organic,Desktop,/,1,221,0,1,A,0
S08914,U6211,2025-03-20,2025-03,2025-W11,Organic,Mobile,/,5,1117,0,1,A,0
S08915,U6212,2025-03-20,2025-03,2025-W11,Organic,Desktop,/,4,241,0,1,B,0
S08916,U6213,2025-03-20,2025-03,2025-W11,Social,Mobile,/,3,129,0,1,B,0
S08917,U6214,2025-03-20,2025-03,2025-W11,Email,Mobile,/services,5,249,0,1,B,0
S08918,U6215,2025-03-20,2025-03,2025-W11,Direct,Desktop,/pricing,1,608,0,1,B,0
S08919,U5077,2025-03-20,2025-03,2025-W11,Social,Desktop,/pricing,5,212,0,0,B,0
S08920,U2988,2025-03-20,2025-03,2025-W11,Organic,Mobile,/,3,478,0,0,B,0
S08921,U6216,2025-03-20,2025-03,2025-W11,Direct,Mobile,/,8,209,0,1,B,0
S08922,U0450,2025-03-20,2025-03,2025-W11,Organic,Mobile,/pricing,5,77,0,0,A,0
S08923,U6217,2025-03-20,2025-03,2025-W11,Direct,Tablet,/pricing,3,280,0,1,A,0
S08924,U6218,2025-03-20,2025-03,2025-W11,Direct,Mobile,/pricing,6,322,0,1,A,0
S08925,U0080,2025-03-20,2025-03,2025-W11,Direct,Mobile,/,2,311,0,0,A,0
S08926,U6219,2025-03-20,2025-03,2025-W11,Social,Desktop,/pricing,1,130,0,1,B,0
S08927,U6220,2025-03-20,2025-03,2025-W11,Organic,Desktop,/tutors,3,130,0,1,A,0
S08928,U6221,2025-03-20,2025-03,2025-W11,Direct,Mobile,/pricing,1,179,0,1,B,0
S08929,U1736,2025-03-20,2025-03,2025-W11,Social,Desktop,/tutors,4,127,0,0,B,0
S08930,U6222,2025-03-20,2025-03,2025-W11,Social,Desktop,/contact,2,165,0,1,B,0
S08931,U6223,2025-03-20,2025-03,2025-W11,Organic,Desktop,/,3,281,0,1,A,0
S08932,U2399,2025-03-20,2025-03,2025-W11,Email,Tablet,/pricing,6,226,0,0,B,0
S08933,U0084,2025-03-20,2025-03,2025-W11,Paid,Mobile,/,8,118,0,0,A,0
S08934,U3483,2025-03-20,2025-03,2025-W11,Organic,Mobile,/about,5,884,0,0,B,0
S08935,U6224,2025-03-20,2025-03,2025-W11,Social,Mobile,/tutors,3,115,0,1,B,0
S08936,U6225,2025-03-20,2025-03,2025-W11,Direct,Mobile,/tutors,5,145,0,1,A,0
S08937,U3018,2025-03-20,2025-03,2025-W11,Direct,Mobile,/about,2,568,0,0,B,0
S08938,U6226,2025-03-20,2025-03,2025-W11,Organic,Desktop,/,2,130,0,1,B,0
S08939,U6227,2025-03-20,2025-03,2025-W11,Email,Mobile,/,2,190,0,1,A,0
S08940,U6228,2025-03-20,2025-03,2025-W11,Paid,Tablet,/,4,111,0,1,A,0
S08941,U6229,2025-03-20,2025-03,2025-W11,Email,Mobile,/contact,1,76,0,1,A,0
S08942,U5034,2025-03-20,2025-03,2025-W11,Email,Desktop,/,3,286,0,0,A,0
S08943,U4506,2025-03-20,2025-03,2025-W11,Organic,Tablet,/,4,203,0,0,B,0
S08944,U0140,2025-03-20,2025-03,2025-W11,Email,Mobile,/pricing,3,416,0,0,A,0
S08945,U6230,2025-03-20,2025-03,2025-W11,Organic,Mobile,/services,4,471,0,1,B,0
S08946,U6231,2025-03-20,2025-03,2025-W11,Organic,Desktop,/pricing,2,186,0,1,B,0
S08947,U6232,2025-03-20,2025-03,2025-W11,Direct,Mobile,/services,4,308,0,1,A,0
S08948,U6233,2025-03-20,2025-03,2025-W11,Direct,Desktop,/tutors,2,190,0,1,A,0
S08949,U6234,2025-03-20,2025-03,2025-W11,Paid,Desktop,/pricing,2,114,0,1,A,0
S08950,U6235,2025-03-20,2025-03,2025-W11,Organic,Desktop,/pricing,3,68,0,1,A,0
S08951,U6236,2025-03-20,2025-03,2025-W11,Organic,Mobile,/,3,145,0,1,B,0
S08952,U6237,2025-03-20,2025-03,2025-W11,Direct,Desktop,/,1,116,0,1,B,0
S08953,U6238,2025-03-20,2025-03,2025-W11,Organic,Mobile,/contact,2,131,0,1,B,0
S08954,U6239,2025-03-20,2025-03,2025-W11,Organic,Desktop,/,5,280,0,1,A,0
S08955,U6240,2025-03-20,2025-03,2025-W11,Direct,Mobile,/,5,30,0,1,B,0
S08956,U6241,2025-03-20,2025-03,2025-W11,Direct,Mobile,/pricing,3,264,0,1,A,0
S08957,U6242,2025-03-20,2025-03,2025-W11,Organic,Desktop,/,3,73,0,1,A,0
S08958,U6243,2025-03-20,2025-03,2025-W11,Organic,Desktop,/tutors,1,104,0,1,A,0
S08959,U6244,2025-03-20,2025-03,2025-W11,Social,Mobile,/,3,164,0,1,B,0
S08960,U6245,2025-03-20,2025-03,2025-W11,Social,Mobile,/,1,54,0,1,B,0
S08961,U6246,2025-03-20,2025-03,2025-W11,Paid,Desktop,/services,1,242,0,1,A,0
S08962,U6247,2025-03-20,2025-03,2025-W11,Email,Mobile,/,1,213,0,1,A,0
S08963,U6248,2025-03-20,2025-03,2025-W11,Organic,Desktop,/,2,173,0,1,A,0
S08964,U6249,2025-03-20,2025-03,2025-W11,Email,Desktop,/,4,494,0,1,A,0
S08965,U6250,2025-03-20,2025-03,2025-W11,Direct,Desktop,/services,3,91,0,1,A,0
S08966,U6251,2025-03-21,2025-03,2025-W11,Organic,Desktop,/services,6,1024,0,1,A,0
S08967,U6252,2025-03-21,2025-03,2025-W11,Direct,Desktop,/contact,2,182,0,1,B,0
S08968,U1668,2025-03-21,2025-03,2025-W11,Social,Mobile,/tutors,2,111,0,0,A,0
S08969,U6253,2025-03-21,2025-03,2025-W11,Email,Desktop,/contact,5,128,0,1,A,1
S08970,U6254,2025-03-21,2025-03,2025-W11,Organic,Desktop,/,4,1203,0,1,B,0
S08971,U6255,2025-03-21,2025-03,2025-W11,Email,Desktop,/,6,152,0,1,A,0
S08972,U6256,2025-03-21,2025-03,2025-W11,Email,Desktop,/about,3,148,0,1,A,0
S08973,U6257,2025-03-21,2025-03,2025-W11,Organic,Desktop,/,2,1089,0,1,A,1
S08974,U2606,2025-03-21,2025-03,2025-W11,Organic,Mobile,/contact,1,294,0,0,A,0
S08975,U0131,2025-03-21,2025-03,2025-W11,Paid,Desktop,/contact,1,964,0,0,A,0
S08976,U6258,2025-03-21,2025-03,2025-W11,Direct,Desktop,/pricing,3,344,0,1,B,0
S08977,U2472,2025-03-21,2025-03,2025-W11,Social,Desktop,/tutors,5,190,0,0,B,0
S08978,U6259,2025-03-21,2025-03,2025-W11,Direct,Desktop,/tutors,2,117,0,1,B,0
S08979,U0409,2025-03-21,2025-03,2025-W11,Direct,Mobile,/,3,21,0,0,B,0
S08980,U2127,2025-03-21,2025-03,2025-W11,Email,Mobile,/pricing,3,169,0,0,B,0
S08981,U6260,2025-03-21,2025-03,2025-W11,Direct,Desktop,/contact,3,181,0,1,B,0
S08982,U6261,2025-03-21,2025-03,2025-W11,Organic,Desktop,/tutors,3,402,0,1,A,0
S08983,U4229,2025-03-21,2025-03,2025-W11,Social,Desktop,/services,1,44,0,0,B,0
S08984,U6262,2025-03-21,2025-03,2025-W11,Paid,Mobile,/tutors,3,31,0,1,A,0
S08985,U6263,2025-03-21,2025-03,2025-W11,Email,Mobile,/,4,156,0,1,A,0
S08986,U6264,2025-03-21,2025-03,2025-W11,Direct,Mobile,/services,3,141,0,1,B,0
S08987,U6265,2025-03-21,2025-03,2025-W11,Social,Mobile,/,2,261,0,1,A,0
S08988,U6266,2025-03-21,2025-03,2025-W11,Social,Desktop,/,5,126,0,1,B,0
S08989,U6267,2025-03-21,2025-03,2025-W11,Direct,Mobile,/tutors,4,125,0,1,B,0
S08990,U4494,2025-03-21,2025-03,2025-W11,Direct,Desktop,/about,3,43,0,0,B,0
S08991,U6268,2025-03-21,2025-03,2025-W11,Social,Desktop,/tutors,3,65,0,1,B,0
S08992,U4946,2025-03-21,2025-03,2025-W11,Direct,Desktop,/,2,199,0,0,B,0
S08993,U6269,2025-03-21,2025-03,2025-W11,Email,Desktop,/services,3,186,0,1,B,0
S08994,U6270,2025-03-21,2025-03,2025-W11,Organic,Desktop,/,6,724,0,1,B,0
S08995,U5504,2025-03-21,2025-03,2025-W11,Direct,Mobile,/pricing,3,396,0,0,A,0
S08996,U6271,2025-03-21,2025-03,2025-W11,Direct,Desktop,/contact,2,52,0,1,A,0
S08997,U6272,2025-03-21,2025-03,2025-W11,Social,Desktop,/tutors,2,380,0,1,B,0
S08998,U6273,2025-03-21,2025-03,2025-W11,Social,Desktop,/about,3,52,0,1,B,0
S08999,U2742,2025-03-21,2025-03,2025-W11,Organic,Desktop,/contact,3,112,0,0,A,0
S09000,U6274,2025-03-21,2025-03,2025-W11,Direct,Mobile,/,2,591,0,1,A,0
S09001,U6275,2025-03-21,2025-03,2025-W11,Organic,Mobile,/tutors,8,210,0,1,A,1
S09002,U6276,2025-03-21,2025-03,2025-W11,Direct,Desktop,/services,2,129,0,1,B,0
S09003,U6277,2025-03-21,2025-03,2025-W11,Direct,Mobile,/tutors,4,468,0,1,B,0
S09004,U6278,2025-03-21,2025-03,2025-W11,Organic,Mobile,/pricing,5,516,0,1,A,0
S09005,U6279,2025-03-21,2025-03,2025-W11,Direct,Desktop,/tutors,2,79,0,1,A,0
S09006,U6280,2025-03-21,2025-03,2025-W11,Paid,Desktop,/,1,100,0,1,B,0
S09007,U0073,2025-03-21,2025-03,2025-W11,Direct,Desktop,/,5,104,0,0,A,0
S09008,U6281,2025-03-21,2025-03,2025-W11,Direct,Mobile,/,4,125,0,1,B,0
S09009,U6282,2025-03-21,2025-03,2025-W11,Organic,Mobile,/,5,49,0,1,B,0
S09010,U6283,2025-03-21,2025-03,2025-W11,Organic,Desktop,/pricing,2,104,0,1,B,0
S09011,U6284,2025-03-21,2025-03,2025-W11,Organic,Desktop,/services,2,216,0,1,B,0
S09012,U6285,2025-03-21,2025-03,2025-W11,Email,Desktop,/,2,118,0,1,A,0
S09013,U6286,2025-03-21,2025-03,2025-W11,Organic,Desktop,/contact,4,95,0,1,A,0
S09014,U6287,2025-03-21,2025-03,2025-W11,Direct,Mobile,/,1,239,0,1,A,0
S09015,U6288,2025-03-21,2025-03,2025-W11,Direct,Mobile,/,3,213,0,1,B,0
S09016,U6289,2025-03-21,2025-03,2025-W11,Organic,Desktop,/services,1,124,0,1,A,0
S09017,U6290,2025-03-21,2025-03,2025-W11,Paid,Mobile,/,7,148,0,1,B,0
S09018,U5970,2025-03-21,2025-03,2025-W11,Email,Desktop,/,3,163,0,0,B,0
S09019,U1443,2025-03-21,2025-03,2025-W11,Organic,Desktop,/,2,273,0,0,B,0
S09020,U6291,2025-03-21,2025-03,2025-W11,Organic,Mobile,/,5,94,0,1,B,0
S09021,U0615,2025-03-21,2025-03,2025-W11,Direct,Mobile,/,8,31,0,0,B,0
S09022,U6292,2025-03-21,2025-03,2025-W11,Organic,Desktop,/,4,65,0,1,B,0
S09023,U6293,2025-03-21,2025-03,2025-W11,Social,Desktop,/tutors,3,124,0,1,B,0
S09024,U6294,2025-03-21,2025-03,2025-W11,Organic,Desktop,/pricing,7,95,0,1,B,0
S09025,U2413,2025-03-21,2025-03,2025-W11,Organic,Desktop,/tutors,9,155,0,0,B,0
S09026,U6295,2025-03-21,2025-03,2025-W11,Direct,Mobile,/,3,127,0,1,A,0
S09027,U4526,2025-03-21,2025-03,2025-W11,Social,Desktop,/,2,740,0,0,B,0
S09028,U6296,2025-03-21,2025-03,2025-W11,Organic,Desktop,/tutors,4,234,0,1,A,1
S09029,U0849,2025-03-21,2025-03,2025-W11,Direct,Desktop,/services,4,236,0,0,B,0
S09030,U6297,2025-03-21,2025-03,2025-W11,Paid,Desktop,/pricing,3,287,0,1,A,1
S09031,U6298,2025-03-21,2025-03,2025-W11,Direct,Mobile,/tutors,7,408,0,1,B,0
S09032,U1477,2025-03-21,2025-03,2025-W11,Paid,Desktop,/pricing,4,69,0,0,A,0
S09033,U6299,2025-03-21,2025-03,2025-W11,Organic,Mobile,/services,5,212,0,1,A,0
S09034,U6300,2025-03-21,2025-03,2025-W11,Organic,Desktop,/services,2,206,0,1,B,1
S09035,U6301,2025-03-21,2025-03,2025-W11,Direct,Desktop,/,3,123,0,1,A,0
S09036,U3257,2025-03-21,2025-03,2025-W11,Organic,Mobile,/,4,425,0,0,B,0
S09037,U6302,2025-03-21,2025-03,2025-W11,Paid,Desktop,/,4,722,0,1,B,1
S09038,U6303,2025-03-21,2025-03,2025-W11,Organic,Desktop,/,1,96,0,1,B,0
S09039,U6304,2025-03-21,2025-03,2025-W11,Direct,Mobile,/services,3,269,0,1,A,0
S09040,U6305,2025-03-21,2025-03,2025-W11,Organic,Desktop,/,2,777,0,1,B,0
S09041,U6306,2025-03-21,2025-03,2025-W11,Organic,Mobile,/about,1,311,0,1,B,0
S09042,U6307,2025-03-21,2025-03,2025-W11,Email,Desktop,/services,3,227,0,1,B,0
S09043,U6308,2025-03-21,2025-03,2025-W11,Email,Desktop,/services,5,548,0,1,B,0
S09044,U6309,2025-03-21,2025-03,2025-W11,Organic,Desktop,/services,5,287,0,1,A,0
S09045,U1625,2025-03-21,2025-03,2025-W11,Organic,Desktop,/,3,68,0,0,B,0
S09046,U6310,2025-03-21,2025-03,2025-W11,Organic,Mobile,/pricing,4,639,0,1,A,0
S09047,U2291,2025-03-21,2025-03,2025-W11,Direct,Mobile,/about,2,177,0,0,B,0
S09048,U0927,2025-03-21,2025-03,2025-W11,Social,Mobile,/,2,382,0,0,A,0
S09049,U6311,2025-03-21,2025-03,2025-W11,Organic,Desktop,/contact,3,806,0,1,B,0
S09050,U6312,2025-03-21,2025-03,2025-W11,Organic,Mobile,/,1,283,0,1,A,0
S09051,U4549,2025-03-22,2025-03,2025-W11,Direct,Desktop,/services,2,95,0,0,A,1
S09052,U4611,2025-03-22,2025-03,2025-W11,Organic,Desktop,/,4,371,0,0,A,1
S09053,U6313,2025-03-22,2025-03,2025-W11,Direct,Desktop,/,3,144,0,1,B,0
S09054,U1281,2025-03-22,2025-03,2025-W11,Social,Mobile,/pricing,2,152,0,0,A,0
S09055,U6314,2025-03-22,2025-03,2025-W11,Organic,Mobile,/,3,722,0,1,B,0
S09056,U6315,2025-03-22,2025-03,2025-W11,Direct,Tablet,/about,5,159,0,1,A,0
S09057,U6316,2025-03-22,2025-03,2025-W11,Organic,Mobile,/services,5,241,0,1,A,0
S09058,U6317,2025-03-22,2025-03,2025-W11,Organic,Desktop,/pricing,1,241,0,1,A,0
S09059,U6318,2025-03-22,2025-03,2025-W11,Direct,Desktop,/services,3,148,0,1,A,0
S09060,U6319,2025-03-22,2025-03,2025-W11,Email,Desktop,/,3,245,0,1,B,0
S09061,U4691,2025-03-22,2025-03,2025-W11,Email,Desktop,/services,1,804,0,0,A,1
S09062,U6320,2025-03-22,2025-03,2025-W11,Social,Desktop,/,3,129,0,1,A,0
S09063,U4614,2025-03-22,2025-03,2025-W11,Organic,Desktop,/,5,354,0,0,A,0
S09064,U3527,2025-03-22,2025-03,2025-W11,Organic,Mobile,/about,5,512,0,0,A,0
S09065,U6321,2025-03-22,2025-03,2025-W11,Email,Mobile,/,1,201,0,1,B,0
S09066,U6322,2025-03-22,2025-03,2025-W11,Organic,Mobile,/services,5,170,0,1,B,0
S09067,U5280,2025-03-22,2025-03,2025-W11,Organic,Mobile,/tutors,1,108,0,0,B,0
S09068,U6323,2025-03-22,2025-03,2025-W11,Direct,Mobile,/about,5,296,0,1,B,0
S09069,U6136,2025-03-22,2025-03,2025-W11,Direct,Desktop,/,5,144,0,0,A,0
S09070,U6324,2025-03-22,2025-03,2025-W11,Direct,Tablet,/about,7,842,0,1,A,0
S09071,U4474,2025-03-22,2025-03,2025-W11,Social,Mobile,/tutors,5,117,0,0,B,0
S09072,U6325,2025-03-22,2025-03,2025-W11,Paid,Desktop,/,2,616,0,1,B,0
S09073,U6326,2025-03-22,2025-03,2025-W11,Direct,Mobile,/services,7,122,0,1,A,0
S09074,U6327,2025-03-22,2025-03,2025-W11,Email,Mobile,/about,4,266,0,1,A,0
S09075,U4470,2025-03-22,2025-03,2025-W11,Email,Mobile,/contact,1,284,0,0,B,1
S09076,U6328,2025-03-22,2025-03,2025-W11,Organic,Mobile,/about,1,241,0,1,B,0
S09077,U6329,2025-03-22,2025-03,2025-W11,Social,Mobile,/pricing,4,275,0,1,B,0
S09078,U6330,2025-03-22,2025-03,2025-W11,Organic,Desktop,/pricing,4,111,0,1,B,0
S09079,U6331,2025-03-22,2025-03,2025-W11,Organic,Desktop,/contact,3,834,0,1,A,0
S09080,U6332,2025-03-22,2025-03,2025-W11,Organic,Mobile,/tutors,1,187,0,1,B,0
S09081,U6333,2025-03-22,2025-03,2025-W11,Direct,Mobile,/,6,249,0,1,A,0
S09082,U2123,2025-03-22,2025-03,2025-W11,Organic,Mobile,/pricing,4,285,0,0,B,0
S09083,U6334,2025-03-22,2025-03,2025-W11,Organic,Tablet,/services,3,44,0,1,B,0
S09084,U1286,2025-03-22,2025-03,2025-W11,Social,Mobile,/,5,92,0,0,B,0
S09085,U1690,2025-03-22,2025-03,2025-W11,Organic,Mobile,/services,4,351,0,0,A,0
S09086,U6335,2025-03-22,2025-03,2025-W11,Email,Mobile,/tutors,1,216,0,1,B,0
S09087,U1262,2025-03-22,2025-03,2025-W11,Direct,Desktop,/services,4,71,0,0,B,0
S09088,U6336,2025-03-22,2025-03,2025-W11,Organic,Mobile,/services,4,130,0,1,A,0
S09089,U6337,2025-03-22,2025-03,2025-W11,Direct,Desktop,/services,2,253,0,1,A,0
S09090,U5976,2025-03-22,2025-03,2025-W11,Paid,Desktop,/contact,4,88,0,0,B,0
S09091,U6338,2025-03-22,2025-03,2025-W11,Paid,Desktop,/contact,3,64,0,1,B,0
S09092,U6339,2025-03-22,2025-03,2025-W11,Organic,Desktop,/pricing,4,45,0,1,A,0
S09093,U3317,2025-03-22,2025-03,2025-W11,Organic,Desktop,/tutors,4,435,0,0,A,0
S09094,U6340,2025-03-22,2025-03,2025-W11,Organic,Tablet,/,2,83,0,1,B,0
S09095,U1706,2025-03-22,2025-03,2025-W11,Paid,Mobile,/tutors,1,371,0,0,A,0
S09096,U6341,2025-03-22,2025-03,2025-W11,Email,Mobile,/tutors,4,599,0,1,A,0
S09097,U6342,2025-03-22,2025-03,2025-W11,Organic,Desktop,/services,3,119,0,1,A,0
S09098,U1338,2025-03-22,2025-03,2025-W11,Direct,Desktop,/services,1,71,0,0,B,0
S09099,U4403,2025-03-22,2025-03,2025-W11,Email,Mobile,/pricing,3,550,0,0,A,1
S09100,U6343,2025-03-22,2025-03,2025-W11,Social,Desktop,/services,1,73,0,1,A,0
S09101,U6344,2025-03-22,2025-03,2025-W11,Organic,Desktop,/,5,410,0,1,B,0
S09102,U2208,2025-03-22,2025-03,2025-W11,Direct,Desktop,/services,3,85,0,0,B,0
S09103,U4750,2025-03-22,2025-03,2025-W11,Social,Desktop,/pricing,6,71,0,0,A,0
S09104,U6345,2025-03-22,2025-03,2025-W11,Paid,Mobile,/pricing,3,259,0,1,A,0
S09105,U6346,2025-03-22,2025-03,2025-W11,Social,Desktop,/pricing,2,281,0,1,B,0
S09106,U6347,2025-03-22,2025-03,2025-W11,Direct,Desktop,/contact,1,218,0,1,B,0
S09107,U6348,2025-03-22,2025-03,2025-W11,Direct,Mobile,/,1,426,0,1,A,0
S09108,U4067,2025-03-22,2025-03,2025-W11,Organic,Desktop,/,2,139,0,0,A,0
S09109,U3767,2025-03-22,2025-03,2025-W11,Social,Desktop,/pricing,2,162,0,0,B,0
S09110,U6349,2025-03-22,2025-03,2025-W11,Organic,Desktop,/,2,247,0,1,B,0
S09111,U6350,2025-03-22,2025-03,2025-W11,Direct,Desktop,/tutors,2,191,0,1,A,0
S09112,U6351,2025-03-22,2025-03,2025-W11,Organic,Mobile,/,3,90,0,1,B,0
S09113,U6352,2025-03-22,2025-03,2025-W11,Organic,Mobile,/tutors,5,90,0,1,B,0
S09114,U6353,2025-03-22,2025-03,2025-W11,Organic,Desktop,/,5,238,0,1,B,0
S09115,U6354,2025-03-22,2025-03,2025-W11,Social,Mobile,/,6,139,0,1,A,0
S09116,U3241,2025-03-22,2025-03,2025-W11,Social,Desktop,/pricing,4,208,0,0,B,0
S09117,U6355,2025-03-22,2025-03,2025-W11,Direct,Desktop,/contact,2,286,0,1,A,0
S09118,U6356,2025-03-22,2025-03,2025-W11,Organic,Mobile,/pricing,2,122,0,1,A,0
S09119,U3470,2025-03-22,2025-03,2025-W11,Email,Mobile,/pricing,4,212,0,0,B,0
S09120,U2610,2025-03-22,2025-03,2025-W11,Social,Mobile,/pricing,6,133,0,0,B,0
S09121,U6357,2025-03-22,2025-03,2025-W11,Paid,Desktop,/pricing,3,150,0,1,A,0
S09122,U6358,2025-03-23,2025-03,2025-W11,Direct,Mobile,/,3,175,0,1,B,0
S09123,U6359,2025-03-23,2025-03,2025-W11,Organic,Desktop,/pricing,1,147,0,1,A,0
S09124,U5086,2025-03-23,2025-03,2025-W11,Paid,Desktop,/,2,54,0,0,A,0
S09125,U6360,2025-03-23,2025-03,2025-W11,Organic,Mobile,/,3,62,0,1,A,0
S09126,U4679,2025-03-23,2025-03,2025-W11,Organic,Desktop,/about,5,386,0,0,A,0
S09127,U6361,2025-03-23,2025-03,2025-W11,Social,Mobile,/services,1,122,0,1,B,0
S09128,U6362,2025-03-23,2025-03,2025-W11,Organic,Desktop,/services,5,48,0,1,A,0
S09129,U0501,2025-03-23,2025-03,2025-W11,Organic,Tablet,/tutors,4,406,0,0,B,0
S09130,U6363,2025-03-23,2025-03,2025-W11,Organic,Desktop,/services,4,314,0,1,B,1
S09131,U6364,2025-03-23,2025-03,2025-W11,Organic,Mobile,/,3,166,0,1,B,0
S09132,U6365,2025-03-23,2025-03,2025-W11,Email,Desktop,/contact,3,432,0,1,A,0
S09133,U5897,2025-03-23,2025-03,2025-W11,Organic,Desktop,/,5,346,0,0,A,0
S09134,U5242,2025-03-23,2025-03,2025-W11,Organic,Mobile,/tutors,4,225,0,0,A,0
S09135,U0405,2025-03-23,2025-03,2025-W11,Organic,Mobile,/tutors,1,146,0,0,A,0
S09136,U6366,2025-03-23,2025-03,2025-W11,Organic,Desktop,/tutors,2,75,0,1,B,0
S09137,U6367,2025-03-23,2025-03,2025-W11,Organic,Desktop,/services,4,159,0,1,B,0
S09138,U6368,2025-03-23,2025-03,2025-W11,Email,Mobile,/services,5,570,0,1,A,0
S09139,U6369,2025-03-23,2025-03,2025-W11,Direct,Tablet,/pricing,2,415,0,1,A,0
S09140,U6370,2025-03-23,2025-03,2025-W11,Organic,Desktop,/,4,51,0,1,B,0
S09141,U4467,2025-03-23,2025-03,2025-W11,Organic,Tablet,/,4,66,0,0,A,0
S09142,U6371,2025-03-23,2025-03,2025-W11,Organic,Desktop,/,2,280,0,1,B,0
S09143,U6372,2025-03-23,2025-03,2025-W11,Organic,Mobile,/tutors,1,17,1,1,B,0
S09144,U6373,2025-03-23,2025-03,2025-W11,Email,Mobile,/services,2,76,0,1,B,1
S09145,U0061,2025-03-23,2025-03,2025-W11,Email,Desktop,/services,2,156,0,0,A,0
S09146,U6374,2025-03-23,2025-03,2025-W11,Paid,Tablet,/pricing,4,75,0,1,B,0
S09147,U6375,2025-03-23,2025-03,2025-W11,Organic,Desktop,/pricing,5,253,0,1,A,0
S09148,U6376,2025-03-23,2025-03,2025-W11,Organic,Desktop,/about,1,78,0,1,B,0
S09149,U1921,2025-03-23,2025-03,2025-W11,Direct,Desktop,/services,1,267,0,0,B,0
S09150,U6377,2025-03-23,2025-03,2025-W11,Organic,Desktop,/,2,89,0,1,B,0
S09151,U6378,2025-03-23,2025-03,2025-W11,Direct,Desktop,/pricing,4,71,0,1,A,0
S09152,U6379,2025-03-23,2025-03,2025-W11,Direct,Mobile,/,1,92,0,1,A,0
S09153,U3828,2025-03-23,2025-03,2025-W11,Organic,Desktop,/pricing,3,232,0,0,B,0
S09154,U6380,2025-03-23,2025-03,2025-W11,Organic,Desktop,/tutors,2,126,0,1,B,0
S09155,U4258,2025-03-23,2025-03,2025-W11,Organic,Mobile,/contact,1,306,0,0,B,0
S09156,U6381,2025-03-23,2025-03,2025-W11,Direct,Mobile,/,4,301,0,1,A,0
S09157,U6382,2025-03-23,2025-03,2025-W11,Social,Mobile,/,2,183,0,1,B,0
S09158,U6383,2025-03-23,2025-03,2025-W11,Email,Desktop,/tutors,1,238,0,1,B,0
S09159,U6384,2025-03-23,2025-03,2025-W11,Organic,Desktop,/pricing,6,377,0,1,A,0
S09160,U6385,2025-03-23,2025-03,2025-W11,Direct,Desktop,/pricing,2,52,0,1,B,0
S09161,U1409,2025-03-23,2025-03,2025-W11,Organic,Desktop,/pricing,5,113,0,0,A,1
S09162,U6386,2025-03-23,2025-03,2025-W11,Organic,Mobile,/tutors,5,539,0,1,A,0
S09163,U4789,2025-03-23,2025-03,2025-W11,Organic,Tablet,/tutors,5,41,0,0,A,0
S09164,U6387,2025-03-23,2025-03,2025-W11,Organic,Mobile,/pricing,2,126,0,1,A,0
S09165,U6388,2025-03-23,2025-03,2025-W11,Direct,Mobile,/pricing,1,95,0,1,B,0
S09166,U6389,2025-03-23,2025-03,2025-W11,Organic,Desktop,/pricing,5,97,0,1,A,0
S09167,U6390,2025-03-23,2025-03,2025-W11,Organic,Desktop,/,2,200,0,1,A,0
S09168,U6391,2025-03-23,2025-03,2025-W11,Organic,Desktop,/pricing,6,121,0,1,A,0
S09169,U6392,2025-03-23,2025-03,2025-W11,Organic,Desktop,/tutors,9,190,0,1,B,1
S09170,U1503,2025-03-23,2025-03,2025-W11,Organic,Mobile,/services,2,106,0,0,B,0
S09171,U6393,2025-03-23,2025-03,2025-W11,Organic,Mobile,/about,1,142,0,1,B,0
S09172,U6394,2025-03-23,2025-03,2025-W11,Direct,Desktop,/services,6,160,0,1,A,0
S09173,U6395,2025-03-23,2025-03,2025-W11,Organic,Mobile,/tutors,3,657,0,1,B,0
S09174,U6396,2025-03-23,2025-03,2025-W11,Email,Desktop,/tutors,6,219,0,1,A,0
S09175,U6397,2025-03-23,2025-03,2025-W11,Email,Tablet,/,5,284,0,1,A,0
S09176,U6398,2025-03-23,2025-03,2025-W11,Email,Mobile,/,1,469,0,1,B,1
S09177,U6399,2025-03-23,2025-03,2025-W11,Email,Desktop,/tutors,5,120,0,1,B,0
S09178,U2241,2025-03-23,2025-03,2025-W11,Organic,Desktop,/contact,5,311,0,0,B,0
S09179,U6400,2025-03-23,2025-03,2025-W11,Email,Mobile,/tutors,2,87,0,1,A,0
S09180,U0111,2025-03-23,2025-03,2025-W11,Organic,Desktop,/services,4,66,0,0,A,0
S09181,U6401,2025-03-23,2025-03,2025-W11,Organic,Mobile,/pricing,4,110,0,1,A,0
S09182,U6402,2025-03-23,2025-03,2025-W11,Organic,Desktop,/,1,220,0,1,B,0
S09183,U3265,2025-03-23,2025-03,2025-W11,Organic,Desktop,/contact,4,134,0,0,A,1
S09184,U6403,2025-03-23,2025-03,2025-W11,Direct,Desktop,/tutors,1,305,0,1,B,0
S09185,U6404,2025-03-23,2025-03,2025-W11,Email,Desktop,/,2,175,0,1,B,1
S09186,U6405,2025-03-23,2025-03,2025-W11,Paid,Desktop,/tutors,2,410,0,1,B,0
S09187,U3910,2025-03-23,2025-03,2025-W11,Direct,Desktop,/services,2,184,0,0,B,0
S09188,U6406,2025-03-23,2025-03,2025-W11,Direct,Mobile,/about,7,414,0,1,B,1
S09189,U0614,2025-03-23,2025-03,2025-W11,Direct,Mobile,/about,8,254,0,0,B,1
S09190,U6407,2025-03-23,2025-03,2025-W11,Organic,Desktop,/pricing,3,127,0,1,B,0
S09191,U6251,2025-03-23,2025-03,2025-W11,Email,Desktop,/,5,547,0,0,A,0
S09192,U6408,2025-03-23,2025-03,2025-W11,Direct,Desktop,/,2,162,0,1,A,0
S09193,U3799,2025-03-23,2025-03,2025-W11,Direct,Desktop,/pricing,3,70,0,0,B,0
S09194,U6409,2025-03-23,2025-03,2025-W11,Organic,Mobile,/pricing,5,418,0,1,A,0
S09195,U6410,2025-03-23,2025-03,2025-W11,Organic,Mobile,/pricing,6,529,0,1,B,0
S09196,U6411,2025-03-23,2025-03,2025-W11,Social,Desktop,/about,4,100,0,1,A,1
S09197,U6412,2025-03-23,2025-03,2025-W11,Email,Tablet,/,2,459,0,1,B,0
S09198,U6413,2025-03-23,2025-03,2025-W11,Social,Desktop,/tutors,2,189,0,1,A,0
S09199,U0909,2025-03-23,2025-03,2025-W11,Direct,Desktop,/tutors,2,172,0,0,A,0
S09200,U6414,2025-03-24,2025-03,2025-W12,Email,Desktop,/about,1,302,0,1,B,0
S09201,U3572,2025-03-24,2025-03,2025-W12,Email,Mobile,/tutors,1,106,0,0,B,0
S09202,U6415,2025-03-24,2025-03,2025-W12,Email,Desktop,/pricing,3,143,0,1,A,0
S09203,U6416,2025-03-24,2025-03,2025-W12,Organic,Tablet,/tutors,4,258,0,1,A,0
S09204,U4690,2025-03-24,2025-03,2025-W12,Organic,Mobile,/,3,148,0,0,B,0
S09205,U6417,2025-03-24,2025-03,2025-W12,Organic,Desktop,/tutors,1,180,0,1,B,0
S09206,U6418,2025-03-24,2025-03,2025-W12,Direct,Desktop,/services,1,185,0,1,A,0
S09207,U6419,2025-03-24,2025-03,2025-W12,Email,Desktop,/contact,1,46,0,1,B,1
S09208,U0912,2025-03-24,2025-03,2025-W12,Direct,Desktop,/services,5,287,0,0,B,0
S09209,U6420,2025-03-24,2025-03,2025-W12,Organic,Desktop,/,1,206,0,1,B,0
S09210,U6421,2025-03-24,2025-03,2025-W12,Organic,Desktop,/,5,121,0,1,B,1
S09211,U6422,2025-03-24,2025-03,2025-W12,Direct,Desktop,/,8,503,0,1,A,0
S09212,U0764,2025-03-24,2025-03,2025-W12,Paid,Mobile,/about,3,217,0,0,A,0
S09213,U1639,2025-03-24,2025-03,2025-W12,Social,Desktop,/,2,52,0,0,A,0
S09214,U6423,2025-03-24,2025-03,2025-W12,Organic,Tablet,/,5,1480,0,1,B,0
S09215,U6424,2025-03-24,2025-03,2025-W12,Email,Mobile,/services,2,331,0,1,A,0
S09216,U6425,2025-03-24,2025-03,2025-W12,Email,Tablet,/services,5,48,0,1,A,0
S09217,U6426,2025-03-24,2025-03,2025-W12,Direct,Tablet,/pricing,2,136,0,1,B,0
S09218,U6427,2025-03-24,2025-03,2025-W12,Organic,Desktop,/services,6,160,0,1,A,0
S09219,U6428,2025-03-24,2025-03,2025-W12,Direct,Mobile,/,5,570,0,1,A,0
S09220,U6429,2025-03-24,2025-03,2025-W12,Social,Desktop,/services,4,293,0,1,B,0
S09221,U6430,2025-03-24,2025-03,2025-W12,Organic,Desktop,/tutors,4,345,0,1,B,0
S09222,U6431,2025-03-24,2025-03,2025-W12,Organic,Desktop,/services,3,114,0,1,B,0
S09223,U6432,2025-03-24,2025-03,2025-W12,Organic,Tablet,/,4,179,0,1,A,0
S09224,U6433,2025-03-24,2025-03,2025-W12,Organic,Mobile,/,2,165,0,1,B,0
S09225,U6434,2025-03-24,2025-03,2025-W12,Organic,Mobile,/,3,1047,0,1,B,0
S09226,U4510,2025-03-24,2025-03,2025-W12,Organic,Desktop,/pricing,5,1315,0,0,B,0
S09227,U6435,2025-03-24,2025-03,2025-W12,Direct,Desktop,/pricing,1,184,0,1,A,0
S09228,U6436,2025-03-24,2025-03,2025-W12,Direct,Desktop,/services,2,1059,0,1,B,0
S09229,U2456,2025-03-24,2025-03,2025-W12,Email,Tablet,/,2,289,0,0,B,0
S09230,U1382,2025-03-24,2025-03,2025-W12,Direct,Mobile,/contact,3,491,0,0,A,0
S09231,U2521,2025-03-24,2025-03,2025-W12,Paid,Desktop,/services,4,51,0,0,A,0
S09232,U6297,2025-03-24,2025-03,2025-W12,Direct,Mobile,/pricing,4,346,0,0,A,0
S09233,U2830,2025-03-24,2025-03,2025-W12,Organic,Desktop,/pricing,3,105,0,0,A,0
S09234,U6437,2025-03-24,2025-03,2025-W12,Direct,Desktop,/contact,5,86,0,1,B,0
S09235,U6438,2025-03-24,2025-03,2025-W12,Paid,Mobile,/pricing,1,121,0,1,A,0
S09236,U6439,2025-03-24,2025-03,2025-W12,Direct,Mobile,/pricing,3,49,0,1,A,0
S09237,U2941,2025-03-24,2025-03,2025-W12,Organic,Mobile,/,6,89,0,0,B,0
S09238,U6440,2025-03-24,2025-03,2025-W12,Direct,Mobile,/services,4,516,0,1,A,0
S09239,U6235,2025-03-24,2025-03,2025-W12,Direct,Desktop,/contact,2,341,0,0,A,0
S09240,U6441,2025-03-24,2025-03,2025-W12,Organic,Desktop,/tutors,2,86,0,1,A,1
S09241,U6442,2025-03-24,2025-03,2025-W12,Organic,Desktop,/,1,85,0,1,A,0
S09242,U6443,2025-03-24,2025-03,2025-W12,Organic,Desktop,/tutors,1,1099,0,1,B,0
S09243,U5349,2025-03-24,2025-03,2025-W12,Paid,Mobile,/tutors,1,93,0,0,B,1
S09244,U6444,2025-03-24,2025-03,2025-W12,Paid,Mobile,/services,2,106,0,1,B,0
S09245,U2763,2025-03-24,2025-03,2025-W12,Direct,Mobile,/,3,502,0,0,B,0
S09246,U6445,2025-03-24,2025-03,2025-W12,Organic,Mobile,/tutors,4,217,0,1,A,0
S09247,U0749,2025-03-24,2025-03,2025-W12,Organic,Desktop,/pricing,2,303,0,0,A,0
S09248,U2632,2025-03-24,2025-03,2025-W12,Social,Desktop,/,1,194,0,0,B,0
S09249,U6446,2025-03-24,2025-03,2025-W12,Paid,Desktop,/tutors,1,199,0,1,A,0
S09250,U6399,2025-03-24,2025-03,2025-W12,Direct,Desktop,/about,3,344,0,0,B,0
S09251,U6447,2025-03-24,2025-03,2025-W12,Organic,Desktop,/,5,64,0,1,B,0
S09252,U6448,2025-03-24,2025-03,2025-W12,Organic,Mobile,/pricing,3,298,0,1,B,0
S09253,U6449,2025-03-24,2025-03,2025-W12,Direct,Desktop,/pricing,5,284,0,1,B,0
S09254,U6450,2025-03-24,2025-03,2025-W12,Organic,Desktop,/pricing,3,80,0,1,A,0
S09255,U6451,2025-03-24,2025-03,2025-W12,Direct,Desktop,/tutors,2,224,0,1,B,0
S09256,U6452,2025-03-24,2025-03,2025-W12,Email,Desktop,/tutors,4,23,0,1,A,0
S09257,U6453,2025-03-24,2025-03,2025-W12,Social,Desktop,/pricing,4,250,0,1,B,0
S09258,U6454,2025-03-24,2025-03,2025-W12,Social,Desktop,/about,6,189,0,1,B,0
S09259,U6455,2025-03-24,2025-03,2025-W12,Organic,Desktop,/services,3,114,0,1,A,0
S09260,U6456,2025-03-24,2025-03,2025-W12,Direct,Desktop,/tutors,2,118,0,1,B,0
S09261,U3393,2025-03-24,2025-03,2025-W12,Direct,Mobile,/,2,120,0,0,A,0
S09262,U3177,2025-03-24,2025-03,2025-W12,Direct,Desktop,/about,6,698,0,0,A,0
S09263,U6457,2025-03-24,2025-03,2025-W12,Social,Desktop,/about,4,528,0,1,A,0
S09264,U6458,2025-03-25,2025-03,2025-W12,Organic,Desktop,/pricing,6,319,0,1,A,0
S09265,U6459,2025-03-25,2025-03,2025-W12,Organic,Desktop,/services,6,1208,0,1,A,0
S09266,U6460,2025-03-25,2025-03,2025-W12,Organic,Mobile,/pricing,1,300,0,1,A,0
S09267,U6461,2025-03-25,2025-03,2025-W12,Organic,Desktop,/,3,120,0,1,A,0
S09268,U6462,2025-03-25,2025-03,2025-W12,Direct,Desktop,/pricing,4,1517,0,1,B,0
S09269,U3895,2025-03-25,2025-03,2025-W12,Direct,Mobile,/contact,1,140,0,0,B,0
S09270,U0902,2025-03-25,2025-03,2025-W12,Email,Desktop,/,2,81,0,0,B,1
S09271,U6463,2025-03-25,2025-03,2025-W12,Organic,Mobile,/tutors,3,559,0,1,A,0
S09272,U6464,2025-03-25,2025-03,2025-W12,Paid,Mobile,/contact,6,867,0,1,B,0
S09273,U6465,2025-03-25,2025-03,2025-W12,Organic,Mobile,/services,1,239,0,1,B,0
S09274,U1935,2025-03-25,2025-03,2025-W12,Direct,Mobile,/about,4,151,0,0,B,0
S09275,U6466,2025-03-25,2025-03,2025-W12,Direct,Mobile,/pricing,4,245,0,1,A,0
S09276,U6467,2025-03-25,2025-03,2025-W12,Social,Mobile,/,3,142,0,1,A,0
S09277,U6468,2025-03-25,2025-03,2025-W12,Social,Desktop,/tutors,5,265,0,1,B,0
S09278,U6469,2025-03-25,2025-03,2025-W12,Direct,Desktop,/,6,150,0,1,B,0
S09279,U0222,2025-03-25,2025-03,2025-W12,Organic,Desktop,/,6,387,0,0,B,0
S09280,U6470,2025-03-25,2025-03,2025-W12,Social,Desktop,/services,2,224,0,1,B,0
S09281,U3315,2025-03-25,2025-03,2025-W12,Organic,Desktop,/,3,82,0,0,B,0
S09282,U6471,2025-03-25,2025-03,2025-W12,Direct,Desktop,/,1,364,0,1,B,0
S09283,U6472,2025-03-25,2025-03,2025-W12,Email,Desktop,/tutors,6,434,0,1,A,0
S09284,U6473,2025-03-25,2025-03,2025-W12,Email,Mobile,/,7,252,0,1,B,0
S09285,U6474,2025-03-25,2025-03,2025-W12,Organic,Mobile,/,3,111,0,1,A,0
S09286,U6475,2025-03-25,2025-03,2025-W12,Direct,Desktop,/tutors,1,358,0,1,A,0
S09287,U0133,2025-03-25,2025-03,2025-W12,Email,Desktop,/services,4,46,0,0,B,0
S09288,U6476,2025-03-25,2025-03,2025-W12,Direct,Mobile,/contact,4,96,0,1,B,0
S09289,U6477,2025-03-25,2025-03,2025-W12,Email,Mobile,/,3,141,0,1,A,0
S09290,U6478,2025-03-25,2025-03,2025-W12,Social,Desktop,/,5,498,0,1,B,0
S09291,U6479,2025-03-25,2025-03,2025-W12,Organic,Mobile,/services,4,80,0,1,B,0
S09292,U6480,2025-03-25,2025-03,2025-W12,Direct,Mobile,/tutors,1,415,0,1,B,0
S09293,U6481,2025-03-25,2025-03,2025-W12,Paid,Mobile,/,6,67,0,1,A,0
S09294,U6482,2025-03-25,2025-03,2025-W12,Organic,Mobile,/pricing,2,203,0,1,B,0
S09295,U6483,2025-03-25,2025-03,2025-W12,Organic,Desktop,/services,6,137,0,1,A,0
S09296,U6484,2025-03-25,2025-03,2025-W12,Organic,Desktop,/services,4,87,0,1,B,0
S09297,U6485,2025-03-25,2025-03,2025-W12,Email,Desktop,/,5,229,0,1,B,0
S09298,U6486,2025-03-25,2025-03,2025-W12,Organic,Mobile,/,3,907,0,1,B,0
S09299,U6487,2025-03-25,2025-03,2025-W12,Paid,Desktop,/pricing,3,703,0,1,A,1
S09300,U6488,2025-03-25,2025-03,2025-W12,Organic,Desktop,/about,2,492,0,1,A,0
S09301,U0967,2025-03-25,2025-03,2025-W12,Direct,Desktop,/,2,305,0,0,A,0
S09302,U5308,2025-03-25,2025-03,2025-W12,Paid,Mobile,/pricing,1,40,0,0,A,0
S09303,U6489,2025-03-25,2025-03,2025-W12,Organic,Mobile,/,1,111,0,1,B,0
S09304,U3289,2025-03-25,2025-03,2025-W12,Organic,Desktop,/contact,3,207,0,0,B,0
S09305,U6490,2025-03-25,2025-03,2025-W12,Direct,Desktop,/,2,62,0,1,B,0
S09306,U0502,2025-03-25,2025-03,2025-W12,Direct,Desktop,/about,2,205,0,0,A,0
S09307,U6491,2025-03-25,2025-03,2025-W12,Direct,Desktop,/pricing,2,30,0,1,B,0
S09308,U6492,2025-03-25,2025-03,2025-W12,Direct,Mobile,/contact,1,173,0,1,B,0
S09309,U6493,2025-03-25,2025-03,2025-W12,Direct,Desktop,/,4,160,0,1,A,0
S09310,U6494,2025-03-25,2025-03,2025-W12,Social,Tablet,/about,1,86,0,1,A,0
S09311,U4170,2025-03-25,2025-03,2025-W12,Organic,Desktop,/,4,55,0,0,B,0
S09312,U4642,2025-03-25,2025-03,2025-W12,Direct,Desktop,/pricing,5,171,0,0,B,0
S09313,U6495,2025-03-25,2025-03,2025-W12,Direct,Mobile,/pricing,3,103,0,1,A,0
S09314,U6496,2025-03-25,2025-03,2025-W12,Email,Mobile,/pricing,3,417,0,1,B,0
S09315,U6497,2025-03-25,2025-03,2025-W12,Organic,Mobile,/,6,77,0,1,B,0
S09316,U1912,2025-03-25,2025-03,2025-W12,Social,Mobile,/,4,65,0,0,A,0
S09317,U6498,2025-03-25,2025-03,2025-W12,Paid,Desktop,/services,3,30,0,1,A,0
S09318,U3465,2025-03-25,2025-03,2025-W12,Direct,Desktop,/tutors,4,127,0,0,B,0
S09319,U6499,2025-03-25,2025-03,2025-W12,Social,Desktop,/about,3,289,0,1,B,0
S09320,U6500,2025-03-25,2025-03,2025-W12,Organic,Mobile,/tutors,3,97,0,1,B,0
S09321,U5882,2025-03-25,2025-03,2025-W12,Direct,Desktop,/contact,2,177,0,0,B,0
S09322,U6501,2025-03-25,2025-03,2025-W12,Direct,Desktop,/tutors,1,117,0,1,A,0
S09323,U0714,2025-03-25,2025-03,2025-W12,Organic,Mobile,/,3,97,0,0,A,0
S09324,U2678,2025-03-25,2025-03,2025-W12,Social,Tablet,/services,3,41,0,0,B,0
S09325,U6502,2025-03-25,2025-03,2025-W12,Direct,Desktop,/,4,194,0,1,B,0
S09326,U2313,2025-03-25,2025-03,2025-W12,Organic,Desktop,/tutors,6,158,0,0,B,0
S09327,U6503,2025-03-25,2025-03,2025-W12,Direct,Desktop,/contact,1,60,0,1,B,0
S09328,U6504,2025-03-25,2025-03,2025-W12,Organic,Desktop,/pricing,2,81,0,1,A,0
S09329,U6505,2025-03-25,2025-03,2025-W12,Email,Tablet,/,3,216,0,1,A,1
S09330,U6506,2025-03-25,2025-03,2025-W12,Paid,Desktop,/contact,2,63,0,1,B,0
S09331,U3014,2025-03-25,2025-03,2025-W12,Organic,Desktop,/tutors,3,177,0,0,A,0
S09332,U6507,2025-03-25,2025-03,2025-W12,Direct,Mobile,/services,3,27,0,1,B,0
S09333,U6508,2025-03-25,2025-03,2025-W12,Organic,Mobile,/pricing,4,161,0,1,B,0
S09334,U6509,2025-03-25,2025-03,2025-W12,Direct,Mobile,/,1,93,0,1,B,0
S09335,U6442,2025-03-25,2025-03,2025-W12,Email,Desktop,/tutors,4,238,0,0,A,0
S09336,U1202,2025-03-25,2025-03,2025-W12,Direct,Mobile,/,1,179,0,0,B,0
S09337,U6510,2025-03-25,2025-03,2025-W12,Direct,Mobile,/contact,3,163,0,1,B,0
S09338,U5937,2025-03-26,2025-03,2025-W12,Email,Desktop,/,2,45,0,0,A,0
S09339,U6511,2025-03-26,2025-03,2025-W12,Direct,Desktop,/,2,886,0,1,B,0
S09340,U6512,2025-03-26,2025-03,2025-W12,Organic,Desktop,/tutors,4,246,0,1,A,0
S09341,U6513,2025-03-26,2025-03,2025-W12,Email,Desktop,/services,2,112,0,1,B,0
S09342,U6514,2025-03-26,2025-03,2025-W12,Email,Desktop,/services,3,45,0,1,A,0
S09343,U6515,2025-03-26,2025-03,2025-W12,Organic,Mobile,/services,4,286,0,1,A,0
S09344,U6516,2025-03-26,2025-03,2025-W12,Organic,Desktop,/,4,106,0,1,B,0
S09345,U6517,2025-03-26,2025-03,2025-W12,Organic,Mobile,/about,2,276,0,1,A,0
S09346,U6518,2025-03-26,2025-03,2025-W12,Organic,Mobile,/,4,336,0,1,A,0
S09347,U6519,2025-03-26,2025-03,2025-W12,Social,Desktop,/,5,545,0,1,B,0
S09348,U6520,2025-03-26,2025-03,2025-W12,Organic,Tablet,/services,3,306,0,1,A,0
S09349,U6521,2025-03-26,2025-03,2025-W12,Organic,Mobile,/services,5,579,0,1,A,0
S09350,U6522,2025-03-26,2025-03,2025-W12,Email,Mobile,/,3,128,0,1,B,0
S09351,U6523,2025-03-26,2025-03,2025-W12,Organic,Desktop,/,5,391,0,1,B,1
S09352,U6524,2025-03-26,2025-03,2025-W12,Social,Mobile,/,3,243,0,1,A,0
S09353,U6525,2025-03-26,2025-03,2025-W12,Email,Desktop,/about,3,87,0,1,A,0
S09354,U3656,2025-03-26,2025-03,2025-W12,Email,Desktop,/about,3,628,0,0,A,0
S09355,U4204,2025-03-26,2025-03,2025-W12,Direct,Desktop,/tutors,2,70,0,0,A,0
S09356,U5248,2025-03-26,2025-03,2025-W12,Social,Tablet,/tutors,2,221,0,0,A,0
S09357,U6526,2025-03-26,2025-03,2025-W12,Organic,Desktop,/,2,88,0,1,A,0
S09358,U1231,2025-03-26,2025-03,2025-W12,Organic,Desktop,/,3,358,0,0,B,0
S09359,U6527,2025-03-26,2025-03,2025-W12,Organic,Mobile,/contact,4,247,0,1,A,0
S09360,U6312,2025-03-26,2025-03,2025-W12,Direct,Desktop,/,2,265,0,0,A,0
S09361,U4314,2025-03-26,2025-03,2025-W12,Organic,Mobile,/services,4,598,0,0,A,0
S09362,U6528,2025-03-26,2025-03,2025-W12,Paid,Mobile,/services,3,709,0,1,B,0
S09363,U1207,2025-03-26,2025-03,2025-W12,Organic,Desktop,/about,3,715,0,0,B,0
S09364,U6529,2025-03-26,2025-03,2025-W12,Organic,Desktop,/contact,1,44,0,1,B,0
S09365,U6530,2025-03-26,2025-03,2025-W12,Direct,Desktop,/about,5,275,0,1,B,0
S09366,U6531,2025-03-26,2025-03,2025-W12,Email,Mobile,/,1,137,0,1,A,0
S09367,U3433,2025-03-26,2025-03,2025-W12,Organic,Mobile,/about,5,331,0,0,B,0
S09368,U6532,2025-03-26,2025-03,2025-W12,Social,Desktop,/about,3,295,0,1,B,0
S09369,U4914,2025-03-26,2025-03,2025-W12,Direct,Mobile,/tutors,3,223,0,0,A,0
S09370,U6533,2025-03-26,2025-03,2025-W12,Organic,Mobile,/tutors,2,210,0,1,A,0
S09371,U6534,2025-03-26,2025-03,2025-W12,Email,Desktop,/services,4,57,0,1,B,0
S09372,U4567,2025-03-26,2025-03,2025-W12,Social,Desktop,/,5,83,0,0,A,1
S09373,U0138,2025-03-26,2025-03,2025-W12,Direct,Mobile,/,5,94,0,0,B,0
S09374,U0466,2025-03-26,2025-03,2025-W12,Email,Mobile,/about,1,68,0,0,A,0
S09375,U6535,2025-03-26,2025-03,2025-W12,Paid,Desktop,/tutors,3,105,0,1,A,0
S09376,U6536,2025-03-26,2025-03,2025-W12,Organic,Desktop,/services,5,372,0,1,A,0
S09377,U6537,2025-03-26,2025-03,2025-W12,Direct,Desktop,/about,2,357,0,1,B,0
S09378,U4874,2025-03-26,2025-03,2025-W12,Organic,Desktop,/,2,510,0,0,B,0
S09379,U6538,2025-03-26,2025-03,2025-W12,Paid,Tablet,/,1,373,0,1,B,0
S09380,U6539,2025-03-26,2025-03,2025-W12,Organic,Desktop,/,1,1452,0,1,A,0
S09381,U6540,2025-03-26,2025-03,2025-W12,Paid,Mobile,/,4,49,0,1,A,0
S09382,U1464,2025-03-26,2025-03,2025-W12,Direct,Tablet,/services,5,347,0,0,A,1
S09383,U6541,2025-03-26,2025-03,2025-W12,Email,Desktop,/services,2,68,0,1,B,0
S09384,U6542,2025-03-26,2025-03,2025-W12,Direct,Desktop,/,3,97,0,1,B,0
S09385,U3064,2025-03-26,2025-03,2025-W12,Organic,Tablet,/about,4,435,0,0,B,0
S09386,U6543,2025-03-26,2025-03,2025-W12,Organic,Desktop,/tutors,4,190,0,1,B,0
S09387,U6544,2025-03-26,2025-03,2025-W12,Direct,Tablet,/pricing,3,245,0,1,B,0
S09388,U2984,2025-03-26,2025-03,2025-W12,Organic,Desktop,/tutors,1,135,0,0,B,0
S09389,U2182,2025-03-26,2025-03,2025-W12,Social,Mobile,/contact,2,79,0,0,A,0
S09390,U6545,2025-03-26,2025-03,2025-W12,Social,Desktop,/,5,466,0,1,B,0
S09391,U6546,2025-03-26,2025-03,2025-W12,Direct,Desktop,/,5,339,0,1,A,0
S09392,U6547,2025-03-26,2025-03,2025-W12,Social,Desktop,/tutors,1,181,0,1,A,0
S09393,U6179,2025-03-26,2025-03,2025-W12,Organic,Desktop,/,2,824,0,0,B,0
S09394,U6548,2025-03-26,2025-03,2025-W12,Direct,Desktop,/,5,575,0,1,A,0
S09395,U6549,2025-03-26,2025-03,2025-W12,Direct,Mobile,/contact,5,257,0,1,A,0
S09396,U2908,2025-03-26,2025-03,2025-W12,Organic,Desktop,/pricing,4,316,0,0,A,0
S09397,U6550,2025-03-26,2025-03,2025-W12,Direct,Desktop,/,1,233,0,1,B,0
S09398,U6551,2025-03-26,2025-03,2025-W12,Organic,Mobile,/services,2,339,0,1,A,0
S09399,U6552,2025-03-26,2025-03,2025-W12,Organic,Mobile,/,1,404,0,1,A,0
S09400,U6553,2025-03-26,2025-03,2025-W12,Direct,Mobile,/,2,138,0,1,A,0
S09401,U1992,2025-03-26,2025-03,2025-W12,Direct,Mobile,/,3,120,0,0,B,0
S09402,U6554,2025-03-26,2025-03,2025-W12,Social,Desktop,/contact,2,254,0,1,A,0
S09403,U6555,2025-03-26,2025-03,2025-W12,Social,Desktop,/services,5,433,0,1,A,0
S09404,U2886,2025-03-26,2025-03,2025-W12,Social,Desktop,/tutors,2,164,0,0,B,0
S09405,U6556,2025-03-26,2025-03,2025-W12,Organic,Mobile,/services,5,55,0,1,B,0
S09406,U3027,2025-03-26,2025-03,2025-W12,Direct,Desktop,/,2,421,0,0,B,0
S09407,U6557,2025-03-26,2025-03,2025-W12,Paid,Mobile,/tutors,3,113,0,1,B,0
S09408,U6558,2025-03-26,2025-03,2025-W12,Direct,Desktop,/services,5,234,0,1,B,0
S09409,U0315,2025-03-26,2025-03,2025-W12,Email,Mobile,/,8,632,0,0,A,0
S09410,U6559,2025-03-26,2025-03,2025-W12,Organic,Mobile,/contact,2,978,0,1,B,0
S09411,U6560,2025-03-26,2025-03,2025-W12,Direct,Desktop,/,5,586,0,1,A,0
S09412,U0604,2025-03-26,2025-03,2025-W12,Direct,Desktop,/tutors,2,164,0,0,A,0
S09413,U6561,2025-03-26,2025-03,2025-W12,Organic,Desktop,/tutors,2,60,0,1,A,0
S09414,U6562,2025-03-26,2025-03,2025-W12,Direct,Desktop,/,2,246,0,1,B,0
S09415,U6563,2025-03-26,2025-03,2025-W12,Direct,Mobile,/contact,1,69,0,1,A,0
S09416,U0414,2025-03-26,2025-03,2025-W12,Email,Mobile,/,3,89,0,0,B,0
S09417,U4297,2025-03-26,2025-03,2025-W12,Organic,Desktop,/about,2,66,0,0,B,0
S09418,U3365,2025-03-26,2025-03,2025-W12,Direct,Mobile,/,4,429,0,0,B,0
S09419,U3145,2025-03-26,2025-03,2025-W12,Organic,Mobile,/pricing,4,358,0,0,A,0
S09420,U3717,2025-03-26,2025-03,2025-W12,Organic,Mobile,/,2,636,0,0,A,0
S09421,U6564,2025-03-26,2025-03,2025-W12,Organic,Desktop,/tutors,2,118,0,1,B,0
S09422,U2825,2025-03-26,2025-03,2025-W12,Social,Desktop,/tutors,4,61,0,0,A,0
S09423,U6565,2025-03-26,2025-03,2025-W12,Direct,Desktop,/services,3,66,0,1,A,0
S09424,U6566,2025-03-26,2025-03,2025-W12,Organic,Desktop,/tutors,4,102,0,1,A,0
S09425,U6040,2025-03-26,2025-03,2025-W12,Organic,Desktop,/services,4,511,0,0,B,0
S09426,U6567,2025-03-26,2025-03,2025-W12,Direct,Desktop,/,4,325,0,1,A,0
S09427,U6157,2025-03-26,2025-03,2025-W12,Paid,Tablet,/services,3,298,0,0,B,0
S09428,U6568,2025-03-26,2025-03,2025-W12,Organic,Mobile,/services,2,155,0,1,A,0
S09429,U6569,2025-03-27,2025-03,2025-W12,Direct,Desktop,/services,1,201,0,1,A,0
S09430,U6570,2025-03-27,2025-03,2025-W12,Direct,Desktop,/contact,3,425,0,1,A,0
S09431,U6571,2025-03-27,2025-03,2025-W12,Direct,Mobile,/,1,455,0,1,B,0
S09432,U0995,2025-03-27,2025-03,2025-W12,Organic,Desktop,/,6,222,0,0,B,0
S09433,U6572,2025-03-27,2025-03,2025-W12,Email,Tablet,/,6,229,0,1,A,1
S09434,U6573,2025-03-27,2025-03,2025-W12,Social,Desktop,/about,2,130,0,1,A,0
S09435,U6574,2025-03-27,2025-03,2025-W12,Organic,Mobile,/,1,41,0,1,B,0
S09436,U1640,2025-03-27,2025-03,2025-W12,Paid,Desktop,/pricing,4,105,0,0,A,0
S09437,U6575,2025-03-27,2025-03,2025-W12,Organic,Desktop,/pricing,2,206,0,1,A,0
S09438,U6576,2025-03-27,2025-03,2025-W12,Direct,Desktop,/pricing,5,274,0,1,B,0
S09439,U0081,2025-03-27,2025-03,2025-W12,Organic,Mobile,/services,2,81,0,0,B,1
S09440,U6577,2025-03-27,2025-03,2025-W12,Paid,Mobile,/contact,5,203,0,1,B,0
S09441,U5393,2025-03-27,2025-03,2025-W12,Direct,Mobile,/services,3,92,0,0,A,0
S09442,U6578,2025-03-27,2025-03,2025-W12,Direct,Desktop,/services,1,118,0,1,B,0
S09443,U6579,2025-03-27,2025-03,2025-W12,Organic,Desktop,/,3,766,0,1,B,0
S09444,U6492,2025-03-27,2025-03,2025-W12,Organic,Tablet,/,5,348,0,0,B,0
S09445,U6580,2025-03-27,2025-03,2025-W12,Organic,Desktop,/,5,220,0,1,B,0
S09446,U2329,2025-03-27,2025-03,2025-W12,Organic,Mobile,/services,6,495,0,0,B,0
S09447,U6581,2025-03-27,2025-03,2025-W12,Organic,Mobile,/tutors,3,190,0,1,A,0
S09448,U1673,2025-03-27,2025-03,2025-W12,Paid,Desktop,/contact,2,619,0,0,B,0
S09449,U6582,2025-03-27,2025-03,2025-W12,Social,Desktop,/contact,2,58,0,1,B,0
S09450,U6583,2025-03-27,2025-03,2025-W12,Direct,Mobile,/tutors,2,347,0,1,B,0
S09451,U6584,2025-03-27,2025-03,2025-W12,Social,Desktop,/pricing,5,144,0,1,A,1
S09452,U6585,2025-03-27,2025-03,2025-W12,Social,Desktop,/,5,57,0,1,A,0
S09453,U6586,2025-03-27,2025-03,2025-W12,Social,Mobile,/,4,109,0,1,A,0
S09454,U6081,2025-03-27,2025-03,2025-W12,Organic,Desktop,/,3,130,0,0,B,0
S09455,U6587,2025-03-27,2025-03,2025-W12,Email,Mobile,/,1,324,0,1,B,0
S09456,U6588,2025-03-27,2025-03,2025-W12,Organic,Desktop,/,4,217,0,1,B,0
S09457,U6589,2025-03-27,2025-03,2025-W12,Direct,Desktop,/,1,148,0,1,B,0
S09458,U1497,2025-03-27,2025-03,2025-W12,Organic,Desktop,/,2,440,0,0,B,0
S09459,U6590,2025-03-27,2025-03,2025-W12,Direct,Desktop,/services,4,134,0,1,A,1
S09460,U6591,2025-03-27,2025-03,2025-W12,Paid,Mobile,/pricing,4,33,0,1,A,0
S09461,U6592,2025-03-27,2025-03,2025-W12,Organic,Desktop,/,1,384,0,1,A,0
S09462,U2139,2025-03-27,2025-03,2025-W12,Organic,Mobile,/tutors,6,344,0,0,B,0
S09463,U6593,2025-03-27,2025-03,2025-W12,Direct,Mobile,/tutors,3,114,0,1,B,0
S09464,U6594,2025-03-27,2025-03,2025-W12,Paid,Desktop,/about,2,206,0,1,B,0
S09465,U6595,2025-03-27,2025-03,2025-W12,Paid,Mobile,/,4,720,0,1,A,0
S09466,U6596,2025-03-27,2025-03,2025-W12,Email,Mobile,/services,1,218,0,1,B,0
S09467,U6597,2025-03-27,2025-03,2025-W12,Email,Mobile,/services,4,735,0,1,A,0
S09468,U6598,2025-03-27,2025-03,2025-W12,Organic,Mobile,/about,3,303,0,1,B,0
S09469,U3882,2025-03-27,2025-03,2025-W12,Organic,Mobile,/about,2,104,0,0,B,0
S09470,U0023,2025-03-27,2025-03,2025-W12,Email,Desktop,/tutors,5,180,0,0,A,0
S09471,U6599,2025-03-27,2025-03,2025-W12,Paid,Desktop,/contact,4,282,0,1,A,0
S09472,U6600,2025-03-27,2025-03,2025-W12,Organic,Desktop,/contact,1,72,0,1,B,0
S09473,U6601,2025-03-27,2025-03,2025-W12,Organic,Mobile,/services,1,357,0,1,B,0
S09474,U6602,2025-03-27,2025-03,2025-W12,Paid,Mobile,/,3,484,0,1,B,0
S09475,U6603,2025-03-27,2025-03,2025-W12,Organic,Mobile,/about,2,261,0,1,B,0
S09476,U6604,2025-03-27,2025-03,2025-W12,Social,Desktop,/,3,554,0,1,B,1
S09477,U2518,2025-03-27,2025-03,2025-W12,Direct,Tablet,/about,1,54,0,0,B,0
S09478,U1339,2025-03-27,2025-03,2025-W12,Organic,Desktop,/services,2,127,0,0,B,0
S09479,U6605,2025-03-27,2025-03,2025-W12,Email,Desktop,/tutors,5,172,0,1,B,0
S09480,U6606,2025-03-27,2025-03,2025-W12,Organic,Desktop,/services,3,287,0,1,A,0
S09481,U6607,2025-03-27,2025-03,2025-W12,Organic,Desktop,/,4,210,0,1,B,0
S09482,U4016,2025-03-27,2025-03,2025-W12,Direct,Mobile,/tutors,1,125,0,0,B,0
S09483,U6608,2025-03-27,2025-03,2025-W12,Email,Mobile,/pricing,2,108,0,1,A,1
S09484,U6609,2025-03-27,2025-03,2025-W12,Paid,Tablet,/pricing,4,110,0,1,A,0
S09485,U0706,2025-03-27,2025-03,2025-W12,Direct,Mobile,/,1,85,0,0,A,0
S09486,U6610,2025-03-27,2025-03,2025-W12,Organic,Tablet,/services,2,384,0,1,A,0
S09487,U5694,2025-03-27,2025-03,2025-W12,Social,Desktop,/,8,53,0,0,B,0
S09488,U6611,2025-03-27,2025-03,2025-W12,Direct,Mobile,/services,3,535,0,1,B,0
S09489,U6612,2025-03-27,2025-03,2025-W12,Direct,Mobile,/pricing,2,62,0,1,A,0
S09490,U3968,2025-03-27,2025-03,2025-W12,Direct,Mobile,/,5,126,0,0,B,0
S09491,U6613,2025-03-27,2025-03,2025-W12,Email,Desktop,/contact,1,60,0,1,B,0
S09492,U6614,2025-03-27,2025-03,2025-W12,Organic,Mobile,/contact,5,381,0,1,B,0
S09493,U6615,2025-03-27,2025-03,2025-W12,Organic,Desktop,/pricing,1,259,0,1,B,0
S09494,U6616,2025-03-27,2025-03,2025-W12,Organic,Desktop,/pricing,6,96,0,1,B,0
S09495,U6617,2025-03-27,2025-03,2025-W12,Social,Mobile,/,2,87,0,1,A,0
S09496,U6618,2025-03-27,2025-03,2025-W12,Paid,Desktop,/about,2,90,0,1,B,1
S09497,U6619,2025-03-27,2025-03,2025-W12,Organic,Desktop,/,2,98,0,1,A,0
S09498,U6620,2025-03-27,2025-03,2025-W12,Social,Desktop,/services,5,324,0,1,A,0
S09499,U6621,2025-03-27,2025-03,2025-W12,Email,Desktop,/,2,112,0,1,B,1
S09500,U6622,2025-03-27,2025-03,2025-W12,Social,Desktop,/,8,287,0,1,A,1
S09501,U6623,2025-03-27,2025-03,2025-W12,Email,Desktop,/about,6,122,0,1,B,0
S09502,U6202,2025-03-27,2025-03,2025-W12,Direct,Desktop,/pricing,1,86,0,0,A,0
S09503,U6624,2025-03-27,2025-03,2025-W12,Organic,Desktop,/about,3,91,0,1,A,0
S09504,U6625,2025-03-27,2025-03,2025-W12,Direct,Desktop,/contact,2,565,0,1,B,0
S09505,U6626,2025-03-27,2025-03,2025-W12,Organic,Mobile,/tutors,4,162,0,1,A,0
S09506,U5695,2025-03-27,2025-03,2025-W12,Organic,Mobile,/services,4,639,0,0,A,0
S09507,U6627,2025-03-27,2025-03,2025-W12,Direct,Desktop,/tutors,2,683,0,1,B,0
S09508,U6628,2025-03-28,2025-03,2025-W12,Organic,Mobile,/services,4,1202,0,1,A,0
S09509,U6629,2025-03-28,2025-03,2025-W12,Direct,Desktop,/pricing,5,292,0,1,A,0
S09510,U4957,2025-03-28,2025-03,2025-W12,Direct,Mobile,/,4,476,0,0,B,0
S09511,U6630,2025-03-28,2025-03,2025-W12,Organic,Mobile,/,1,226,0,1,B,0
S09512,U2838,2025-03-28,2025-03,2025-W12,Paid,Desktop,/tutors,2,59,0,0,B,0
S09513,U6035,2025-03-28,2025-03,2025-W12,Social,Mobile,/contact,4,167,0,0,A,0
S09514,U6631,2025-03-28,2025-03,2025-W12,Organic,Desktop,/pricing,1,573,0,1,B,0
S09515,U5885,2025-03-28,2025-03,2025-W12,Organic,Desktop,/tutors,4,128,0,0,B,0
S09516,U6632,2025-03-28,2025-03,2025-W12,Email,Desktop,/,1,75,0,1,A,0
S09517,U6633,2025-03-28,2025-03,2025-W12,Direct,Desktop,/about,3,71,0,1,B,0
S09518,U6634,2025-03-28,2025-03,2025-W12,Direct,Desktop,/,4,251,0,1,A,0
S09519,U6635,2025-03-28,2025-03,2025-W12,Paid,Mobile,/contact,6,250,0,1,A,1
S09520,U4816,2025-03-28,2025-03,2025-W12,Organic,Desktop,/tutors,1,55,0,0,B,0
S09521,U6636,2025-03-28,2025-03,2025-W12,Email,Tablet,/pricing,4,39,0,1,B,1
S09522,U6637,2025-03-28,2025-03,2025-W12,Organic,Desktop,/about,6,55,0,1,B,0
S09523,U2264,2025-03-28,2025-03,2025-W12,Organic,Mobile,/services,2,49,0,0,A,0
S09524,U6638,2025-03-28,2025-03,2025-W12,Organic,Mobile,/tutors,4,212,0,1,A,0
S09525,U6639,2025-03-28,2025-03,2025-W12,Social,Desktop,/pricing,2,174,0,1,B,0
S09526,U0668,2025-03-28,2025-03,2025-W12,Email,Desktop,/pricing,8,167,0,0,A,0
S09527,U1713,2025-03-28,2025-03,2025-W12,Email,Mobile,/about,2,42,0,0,A,0
S09528,U6640,2025-03-28,2025-03,2025-W12,Direct,Mobile,/services,2,434,0,1,A,0
S09529,U6641,2025-03-28,2025-03,2025-W12,Organic,Desktop,/tutors,5,218,0,1,B,0
S09530,U3046,2025-03-28,2025-03,2025-W12,Email,Desktop,/,5,117,0,0,A,0
S09531,U6642,2025-03-28,2025-03,2025-W12,Email,Desktop,/,4,226,0,1,A,0
S09532,U6643,2025-03-28,2025-03,2025-W12,Organic,Desktop,/pricing,2,457,0,1,B,0
S09533,U6644,2025-03-28,2025-03,2025-W12,Direct,Mobile,/services,4,141,0,1,B,1
S09534,U6645,2025-03-28,2025-03,2025-W12,Direct,Mobile,/,3,220,0,1,A,0
S09535,U2636,2025-03-28,2025-03,2025-W12,Organic,Desktop,/,4,237,0,0,A,0
S09536,U6646,2025-03-28,2025-03,2025-W12,Social,Mobile,/about,1,858,0,1,B,0
S09537,U6647,2025-03-28,2025-03,2025-W12,Organic,Desktop,/pricing,6,340,0,1,B,0
S09538,U6648,2025-03-28,2025-03,2025-W12,Email,Mobile,/pricing,2,254,0,1,A,0
S09539,U6649,2025-03-28,2025-03,2025-W12,Social,Desktop,/,1,301,0,1,B,0
S09540,U6650,2025-03-28,2025-03,2025-W12,Email,Mobile,/services,4,69,0,1,A,0
S09541,U1556,2025-03-28,2025-03,2025-W12,Direct,Desktop,/contact,3,106,0,0,A,0
S09542,U6651,2025-03-28,2025-03,2025-W12,Organic,Desktop,/pricing,8,376,0,1,A,0
S09543,U4156,2025-03-28,2025-03,2025-W12,Direct,Mobile,/pricing,3,152,0,0,A,0
S09544,U6652,2025-03-28,2025-03,2025-W12,Paid,Mobile,/tutors,3,259,0,1,A,0
S09545,U6653,2025-03-28,2025-03,2025-W12,Direct,Mobile,/,3,148,0,1,A,0
S09546,U6654,2025-03-28,2025-03,2025-W12,Organic,Mobile,/tutors,4,117,0,1,B,0
S09547,U6655,2025-03-28,2025-03,2025-W12,Direct,Desktop,/tutors,2,215,0,1,B,1
S09548,U5567,2025-03-28,2025-03,2025-W12,Email,Tablet,/about,1,225,0,0,A,0
S09549,U6656,2025-03-28,2025-03,2025-W12,Direct,Desktop,/pricing,3,299,0,1,A,0
S09550,U6657,2025-03-28,2025-03,2025-W12,Organic,Mobile,/pricing,1,116,0,1,A,0
S09551,U6658,2025-03-28,2025-03,2025-W12,Social,Desktop,/,6,101,0,1,A,0
S09552,U1822,2025-03-28,2025-03,2025-W12,Direct,Mobile,/services,2,203,0,0,B,0
S09553,U1190,2025-03-28,2025-03,2025-W12,Organic,Desktop,/services,5,943,0,0,B,0
S09554,U6659,2025-03-28,2025-03,2025-W12,Paid,Desktop,/,3,239,0,1,B,0
S09555,U6660,2025-03-28,2025-03,2025-W12,Organic,Desktop,/pricing,3,184,0,1,A,0
S09556,U6661,2025-03-28,2025-03,2025-W12,Direct,Mobile,/,2,321,0,1,B,0
S09557,U6662,2025-03-28,2025-03,2025-W12,Organic,Desktop,/tutors,4,51,0,1,B,0
S09558,U6663,2025-03-28,2025-03,2025-W12,Email,Desktop,/,3,142,0,1,B,1
S09559,U6664,2025-03-28,2025-03,2025-W12,Direct,Tablet,/services,3,99,0,1,A,1
S09560,U6665,2025-03-28,2025-03,2025-W12,Email,Mobile,/,4,204,0,1,B,0
S09561,U6666,2025-03-28,2025-03,2025-W12,Organic,Desktop,/services,1,154,0,1,A,0
S09562,U1851,2025-03-28,2025-03,2025-W12,Social,Desktop,/,3,93,0,0,B,0
S09563,U6667,2025-03-28,2025-03,2025-W12,Email,Mobile,/,4,519,0,1,A,1
S09564,U6668,2025-03-28,2025-03,2025-W12,Organic,Tablet,/services,3,249,0,1,A,0
S09565,U6669,2025-03-28,2025-03,2025-W12,Email,Desktop,/,1,796,0,1,A,0
S09566,U6670,2025-03-28,2025-03,2025-W12,Organic,Mobile,/tutors,2,312,0,1,A,0
S09567,U4357,2025-03-28,2025-03,2025-W12,Organic,Tablet,/services,1,253,0,0,A,0
S09568,U6671,2025-03-28,2025-03,2025-W12,Direct,Desktop,/services,4,60,0,1,B,0
S09569,U6672,2025-03-28,2025-03,2025-W12,Paid,Desktop,/tutors,3,255,0,1,A,0
S09570,U6673,2025-03-28,2025-03,2025-W12,Paid,Desktop,/services,1,236,0,1,A,1
S09571,U6674,2025-03-28,2025-03,2025-W12,Email,Desktop,/,3,86,0,1,A,1
S09572,U6675,2025-03-28,2025-03,2025-W12,Direct,Mobile,/,7,113,0,1,B,0
S09573,U2231,2025-03-28,2025-03,2025-W12,Paid,Mobile,/,3,469,0,0,B,0
S09574,U6676,2025-03-28,2025-03,2025-W12,Paid,Mobile,/,6,180,0,1,A,0
S09575,U6677,2025-03-28,2025-03,2025-W12,Organic,Desktop,/contact,3,30,0,1,A,0
S09576,U6678,2025-03-28,2025-03,2025-W12,Email,Mobile,/contact,1,372,0,1,A,0
S09577,U6679,2025-03-28,2025-03,2025-W12,Paid,Desktop,/,3,185,0,1,B,0
S09578,U6680,2025-03-28,2025-03,2025-W12,Direct,Mobile,/contact,6,200,0,1,A,0
S09579,U6681,2025-03-28,2025-03,2025-W12,Direct,Mobile,/pricing,4,161,0,1,A,0
S09580,U6682,2025-03-28,2025-03,2025-W12,Social,Desktop,/tutors,5,73,0,1,A,0
S09581,U6683,2025-03-28,2025-03,2025-W12,Organic,Desktop,/pricing,6,157,0,1,A,0
S09582,U6684,2025-03-28,2025-03,2025-W12,Direct,Mobile,/pricing,3,53,0,1,B,0
S09583,U6685,2025-03-28,2025-03,2025-W12,Direct,Mobile,/pricing,3,466,0,1,B,0
S09584,U6686,2025-03-28,2025-03,2025-W12,Paid,Desktop,/about,4,263,0,1,A,0
S09585,U6687,2025-03-28,2025-03,2025-W12,Organic,Desktop,/,5,235,0,1,A,0
S09586,U6688,2025-03-28,2025-03,2025-W12,Direct,Desktop,/about,1,158,0,1,B,1
S09587,U6689,2025-03-28,2025-03,2025-W12,Organic,Desktop,/,8,188,0,1,B,0
S09588,U0361,2025-03-28,2025-03,2025-W12,Organic,Desktop,/,5,327,0,0,A,0
S09589,U6690,2025-03-28,2025-03,2025-W12,Organic,Mobile,/contact,6,454,0,1,B,0
S09590,U6691,2025-03-28,2025-03,2025-W12,Organic,Mobile,/tutors,5,216,0,1,A,0
S09591,U6692,2025-03-28,2025-03,2025-W12,Direct,Desktop,/services,4,119,0,1,A,0
S09592,U6693,2025-03-28,2025-03,2025-W12,Email,Desktop,/pricing,4,465,0,1,B,1
S09593,U0359,2025-03-28,2025-03,2025-W12,Direct,Desktop,/contact,1,126,0,0,B,0
S09594,U6694,2025-03-28,2025-03,2025-W12,Email,Desktop,/about,2,315,0,1,B,1
S09595,U6695,2025-03-28,2025-03,2025-W12,Social,Tablet,/services,3,344,0,1,B,0
S09596,U1109,2025-03-28,2025-03,2025-W12,Direct,Mobile,/tutors,2,79,0,0,B,1
S09597,U1295,2025-03-29,2025-03,2025-W12,Organic,Mobile,/services,4,133,0,0,A,0
S09598,U6696,2025-03-29,2025-03,2025-W12,Organic,Tablet,/,1,61,0,1,B,0
S09599,U6697,2025-03-29,2025-03,2025-W12,Organic,Mobile,/contact,5,318,0,1,B,0
S09600,U6698,2025-03-29,2025-03,2025-W12,Email,Tablet,/,4,828,0,1,A,0
S09601,U5319,2025-03-29,2025-03,2025-W12,Organic,Desktop,/,6,53,0,0,A,0
S09602,U6699,2025-03-29,2025-03,2025-W12,Email,Desktop,/,1,141,0,1,A,1
S09603,U6700,2025-03-29,2025-03,2025-W12,Organic,Mobile,/services,1,67,0,1,B,0
S09604,U3797,2025-03-29,2025-03,2025-W12,Organic,Mobile,/contact,3,500,0,0,B,0
S09605,U6701,2025-03-29,2025-03,2025-W12,Email,Mobile,/about,5,69,0,1,A,0
S09606,U2636,2025-03-29,2025-03,2025-W12,Organic,Desktop,/about,2,246,0,0,A,0
S09607,U5163,2025-03-29,2025-03,2025-W12,Direct,Mobile,/,4,93,0,0,B,0
S09608,U2614,2025-03-29,2025-03,2025-W12,Organic,Mobile,/pricing,5,77,0,0,B,0
S09609,U6702,2025-03-29,2025-03,2025-W12,Organic,Tablet,/about,5,157,0,1,B,0
S09610,U6703,2025-03-29,2025-03,2025-W12,Organic,Desktop,/,7,282,0,1,A,0
S09611,U0742,2025-03-29,2025-03,2025-W12,Paid,Mobile,/pricing,2,86,0,0,B,0
S09612,U4597,2025-03-29,2025-03,2025-W12,Social,Desktop,/tutors,3,353,0,0,B,0
S09613,U6704,2025-03-29,2025-03,2025-W12,Organic,Desktop,/about,2,73,0,1,A,0
S09614,U6705,2025-03-29,2025-03,2025-W12,Organic,Desktop,/services,7,416,0,1,B,0
S09615,U2319,2025-03-29,2025-03,2025-W12,Social,Mobile,/services,3,86,0,0,B,0
S09616,U6706,2025-03-29,2025-03,2025-W12,Organic,Mobile,/services,2,276,0,1,A,0
S09617,U6707,2025-03-29,2025-03,2025-W12,Direct,Mobile,/pricing,5,382,0,1,B,0
S09618,U6708,2025-03-29,2025-03,2025-W12,Organic,Desktop,/,3,112,0,1,A,0
S09619,U6709,2025-03-29,2025-03,2025-W12,Organic,Mobile,/tutors,4,76,0,1,A,0
S09620,U6710,2025-03-29,2025-03,2025-W12,Direct,Desktop,/services,4,128,0,1,B,0
S09621,U6649,2025-03-29,2025-03,2025-W12,Paid,Mobile,/about,3,327,0,0,B,0
S09622,U6711,2025-03-29,2025-03,2025-W12,Organic,Desktop,/pricing,3,355,0,1,A,0
S09623,U6712,2025-03-29,2025-03,2025-W12,Organic,Desktop,/about,3,47,0,1,A,0
S09624,U6713,2025-03-29,2025-03,2025-W12,Direct,Desktop,/,3,186,0,1,B,0
S09625,U6714,2025-03-29,2025-03,2025-W12,Email,Desktop,/tutors,4,816,0,1,A,0
S09626,U6715,2025-03-29,2025-03,2025-W12,Direct,Desktop,/contact,3,182,0,1,A,0
S09627,U1612,2025-03-29,2025-03,2025-W12,Email,Desktop,/services,1,87,0,0,B,0
S09628,U6716,2025-03-29,2025-03,2025-W12,Social,Desktop,/,4,306,0,1,B,0
S09629,U6717,2025-03-29,2025-03,2025-W12,Organic,Desktop,/,2,244,0,1,B,1
S09630,U6718,2025-03-29,2025-03,2025-W12,Direct,Desktop,/services,2,339,0,1,A,0
S09631,U1888,2025-03-29,2025-03,2025-W12,Direct,Desktop,/about,1,245,0,0,A,0
S09632,U6719,2025-03-29,2025-03,2025-W12,Social,Mobile,/pricing,7,109,0,1,B,0
S09633,U6720,2025-03-29,2025-03,2025-W12,Social,Desktop,/,3,20,0,1,A,0
S09634,U6721,2025-03-29,2025-03,2025-W12,Social,Desktop,/services,5,122,0,1,B,0
S09635,U6722,2025-03-29,2025-03,2025-W12,Social,Mobile,/,4,46,0,1,A,0
S09636,U2095,2025-03-29,2025-03,2025-W12,Email,Desktop,/tutors,4,176,0,0,A,0
S09637,U4840,2025-03-29,2025-03,2025-W12,Social,Mobile,/tutors,6,55,0,0,B,0
S09638,U6723,2025-03-29,2025-03,2025-W12,Organic,Desktop,/services,1,291,0,1,B,0
S09639,U6724,2025-03-29,2025-03,2025-W12,Organic,Mobile,/,3,115,0,1,A,0
S09640,U6725,2025-03-29,2025-03,2025-W12,Organic,Mobile,/,7,518,0,1,A,0
S09641,U6650,2025-03-29,2025-03,2025-W12,Organic,Desktop,/,4,326,0,0,A,0
S09642,U6726,2025-03-29,2025-03,2025-W12,Organic,Mobile,/contact,3,336,0,1,A,0
S09643,U6727,2025-03-29,2025-03,2025-W12,Email,Mobile,/contact,3,113,0,1,B,0
S09644,U6728,2025-03-29,2025-03,2025-W12,Organic,Mobile,/contact,2,296,0,1,A,0
S09645,U6729,2025-03-29,2025-03,2025-W12,Email,Desktop,/about,4,35,0,1,B,0
S09646,U6730,2025-03-29,2025-03,2025-W12,Organic,Desktop,/,6,106,0,1,A,0
S09647,U6731,2025-03-29,2025-03,2025-W12,Direct,Mobile,/pricing,1,116,0,1,A,0
S09648,U6732,2025-03-29,2025-03,2025-W12,Direct,Desktop,/contact,4,44,0,1,B,0
S09649,U6733,2025-03-29,2025-03,2025-W12,Email,Desktop,/services,3,215,0,1,B,0
S09650,U6734,2025-03-29,2025-03,2025-W12,Organic,Desktop,/tutors,2,1412,0,1,B,0
S09651,U1926,2025-03-29,2025-03,2025-W12,Direct,Mobile,/about,4,69,0,0,B,0
S09652,U6735,2025-03-29,2025-03,2025-W12,Organic,Desktop,/,3,164,0,1,B,0
S09653,U5494,2025-03-29,2025-03,2025-W12,Organic,Mobile,/tutors,1,495,0,0,B,0
S09654,U6736,2025-03-29,2025-03,2025-W12,Organic,Mobile,/tutors,6,458,0,1,A,0
S09655,U6737,2025-03-29,2025-03,2025-W12,Organic,Mobile,/pricing,4,58,0,1,B,0
S09656,U6738,2025-03-29,2025-03,2025-W12,Organic,Desktop,/,3,324,0,1,B,0
S09657,U6739,2025-03-29,2025-03,2025-W12,Organic,Mobile,/,2,241,0,1,A,0
S09658,U6740,2025-03-29,2025-03,2025-W12,Organic,Desktop,/pricing,2,156,0,1,A,0
S09659,U2174,2025-03-29,2025-03,2025-W12,Direct,Mobile,/tutors,4,83,0,0,A,0
S09660,U5263,2025-03-29,2025-03,2025-W12,Paid,Mobile,/about,7,266,0,0,B,0
S09661,U0210,2025-03-29,2025-03,2025-W12,Organic,Desktop,/,4,155,0,0,B,0
S09662,U6741,2025-03-29,2025-03,2025-W12,Social,Desktop,/contact,3,188,0,1,B,0
S09663,U6696,2025-03-29,2025-03,2025-W12,Organic,Desktop,/services,1,180,0,0,B,0
S09664,U6742,2025-03-29,2025-03,2025-W12,Social,Desktop,/,1,119,0,1,A,0
S09665,U5592,2025-03-29,2025-03,2025-W12,Social,Desktop,/services,4,23,0,0,B,0
S09666,U6743,2025-03-29,2025-03,2025-W12,Social,Tablet,/tutors,2,137,0,1,B,0
S09667,U0328,2025-03-29,2025-03,2025-W12,Organic,Desktop,/,1,331,0,0,A,0
S09668,U6744,2025-03-29,2025-03,2025-W12,Organic,Desktop,/,4,518,0,1,B,0
S09669,U1343,2025-03-29,2025-03,2025-W12,Organic,Mobile,/about,3,166,0,0,B,0
S09670,U6745,2025-03-29,2025-03,2025-W12,Email,Desktop,/tutors,5,169,0,1,A,0
S09671,U6746,2025-03-29,2025-03,2025-W12,Direct,Mobile,/,2,148,0,1,B,0
S09672,U6747,2025-03-29,2025-03,2025-W12,Organic,Mobile,/pricing,4,71,0,1,A,0
S09673,U3879,2025-03-29,2025-03,2025-W12,Organic,Mobile,/,5,157,0,0,B,0
S09674,U6748,2025-03-29,2025-03,2025-W12,Direct,Mobile,/,4,200,0,1,B,0
S09675,U4383,2025-03-29,2025-03,2025-W12,Organic,Mobile,/about,5,91,0,0,A,0
S09676,U6749,2025-03-29,2025-03,2025-W12,Organic,Desktop,/services,4,46,0,1,B,1
S09677,U1494,2025-03-29,2025-03,2025-W12,Social,Desktop,/,3,58,0,0,B,1
S09678,U5643,2025-03-29,2025-03,2025-W12,Paid,Desktop,/services,4,140,0,0,B,0
S09679,U5054,2025-03-29,2025-03,2025-W12,Email,Mobile,/contact,1,164,0,0,B,0
S09680,U6750,2025-03-30,2025-03,2025-W12,Organic,Mobile,/services,2,210,0,1,A,0
S09681,U1133,2025-03-30,2025-03,2025-W12,Organic,Desktop,/services,1,52,0,0,B,0
S09682,U5406,2025-03-30,2025-03,2025-W12,Paid,Desktop,/tutors,2,414,0,0,A,1
S09683,U6751,2025-03-30,2025-03,2025-W12,Social,Desktop,/pricing,4,337,0,1,A,0
S09684,U6752,2025-03-30,2025-03,2025-W12,Paid,Mobile,/pricing,3,233,0,1,A,0
S09685,U6753,2025-03-30,2025-03,2025-W12,Organic,Desktop,/pricing,4,276,0,1,B,0
S09686,U6754,2025-03-30,2025-03,2025-W12,Direct,Mobile,/services,1,154,0,1,A,0
S09687,U2803,2025-03-30,2025-03,2025-W12,Organic,Mobile,/,6,207,0,0,A,0
S09688,U6755,2025-03-30,2025-03,2025-W12,Direct,Desktop,/,3,199,0,1,B,0
S09689,U6756,2025-03-30,2025-03,2025-W12,Email,Mobile,/about,2,93,0,1,B,0
S09690,U6757,2025-03-30,2025-03,2025-W12,Social,Desktop,/,6,67,0,1,B,0
S09691,U1812,2025-03-30,2025-03,2025-W12,Email,Desktop,/contact,7,375,0,0,B,1
S09692,U3223,2025-03-30,2025-03,2025-W12,Direct,Mobile,/services,4,54,0,0,A,0
S09693,U6758,2025-03-30,2025-03,2025-W12,Organic,Desktop,/tutors,4,55,0,1,A,0
S09694,U6337,2025-03-30,2025-03,2025-W12,Direct,Desktop,/tutors,4,86,0,0,A,0
S09695,U6759,2025-03-30,2025-03,2025-W12,Social,Desktop,/pricing,2,115,0,1,B,0
S09696,U1051,2025-03-30,2025-03,2025-W12,Organic,Mobile,/services,2,395,0,0,A,0
S09697,U6760,2025-03-30,2025-03,2025-W12,Organic,Desktop,/tutors,1,195,0,1,B,0
S09698,U6761,2025-03-30,2025-03,2025-W12,Direct,Desktop,/,2,1077,0,1,A,0
S09699,U6762,2025-03-30,2025-03,2025-W12,Paid,Mobile,/,2,302,0,1,B,0
S09700,U3264,2025-03-30,2025-03,2025-W12,Organic,Tablet,/tutors,1,41,0,0,B,0
S09701,U3917,2025-03-30,2025-03,2025-W12,Paid,Desktop,/,3,386,0,0,A,1
S09702,U6763,2025-03-30,2025-03,2025-W12,Organic,Desktop,/contact,3,277,0,1,B,1
S09703,U6764,2025-03-30,2025-03,2025-W12,Direct,Desktop,/contact,1,97,0,1,A,1
S09704,U6765,2025-03-30,2025-03,2025-W12,Direct,Mobile,/,3,742,0,1,B,1
S09705,U6766,2025-03-30,2025-03,2025-W12,Organic,Tablet,/about,3,132,0,1,A,0
S09706,U6767,2025-03-30,2025-03,2025-W12,Paid,Desktop,/pricing,2,226,0,1,B,0
S09707,U6768,2025-03-30,2025-03,2025-W12,Organic,Mobile,/services,4,46,0,1,B,0
S09708,U6769,2025-03-30,2025-03,2025-W12,Organic,Mobile,/pricing,3,96,0,1,B,0
S09709,U6770,2025-03-30,2025-03,2025-W12,Organic,Mobile,/,7,509,0,1,A,0
S09710,U4064,2025-03-30,2025-03,2025-W12,Organic,Tablet,/,3,1128,0,0,B,0
S09711,U6771,2025-03-30,2025-03,2025-W12,Direct,Mobile,/contact,4,1388,0,1,B,0
S09712,U6772,2025-03-30,2025-03,2025-W12,Direct,Desktop,/pricing,3,171,0,1,B,0
S09713,U6773,2025-03-30,2025-03,2025-W12,Paid,Mobile,/about,3,248,0,1,B,0
S09714,U6774,2025-03-30,2025-03,2025-W12,Organic,Mobile,/about,4,131,0,1,B,0
S09715,U6775,2025-03-30,2025-03,2025-W12,Direct,Desktop,/pricing,1,288,0,1,B,0
S09716,U6776,2025-03-30,2025-03,2025-W12,Paid,Desktop,/tutors,2,143,0,1,B,0
S09717,U6777,2025-03-30,2025-03,2025-W12,Direct,Desktop,/tutors,1,26,1,1,B,0
S09718,U6778,2025-03-30,2025-03,2025-W12,Organic,Mobile,/,1,223,0,1,A,0
S09719,U6779,2025-03-30,2025-03,2025-W12,Direct,Mobile,/about,4,88,0,1,A,0
S09720,U6780,2025-03-30,2025-03,2025-W12,Direct,Desktop,/pricing,4,256,0,1,B,0
S09721,U6781,2025-03-30,2025-03,2025-W12,Organic,Desktop,/services,3,943,0,1,A,0
S09722,U3373,2025-03-30,2025-03,2025-W12,Direct,Mobile,/about,6,155,0,0,A,0
S09723,U3669,2025-03-30,2025-03,2025-W12,Direct,Tablet,/contact,4,156,0,0,B,0
S09724,U6782,2025-03-30,2025-03,2025-W12,Social,Mobile,/services,2,73,0,1,A,0
S09725,U4283,2025-03-30,2025-03,2025-W12,Organic,Mobile,/pricing,3,77,0,0,B,0
S09726,U6783,2025-03-30,2025-03,2025-W12,Direct,Mobile,/pricing,4,218,0,1,B,0
S09727,U6784,2025-03-30,2025-03,2025-W12,Email,Mobile,/contact,2,190,0,1,B,0
S09728,U6785,2025-03-30,2025-03,2025-W12,Organic,Mobile,/tutors,4,259,0,1,B,0
S09729,U4901,2025-03-30,2025-03,2025-W12,Direct,Mobile,/services,1,89,0,0,B,0
S09730,U5785,2025-03-30,2025-03,2025-W12,Organic,Desktop,/pricing,2,65,0,0,A,0
S09731,U6063,2025-03-30,2025-03,2025-W12,Email,Desktop,/about,3,127,0,0,B,0
S09732,U6786,2025-03-30,2025-03,2025-W12,Direct,Mobile,/services,2,166,0,1,B,0
S09733,U6787,2025-03-30,2025-03,2025-W12,Email,Mobile,/pricing,3,159,0,1,A,0
S09734,U6788,2025-03-30,2025-03,2025-W12,Organic,Desktop,/contact,4,702,0,1,A,0
S09735,U6789,2025-03-30,2025-03,2025-W12,Direct,Desktop,/services,2,107,0,1,A,0
S09736,U6790,2025-03-30,2025-03,2025-W12,Organic,Mobile,/contact,4,103,0,1,A,0
S09737,U1823,2025-03-30,2025-03,2025-W12,Organic,Mobile,/,4,263,0,0,B,0
S09738,U3122,2025-03-30,2025-03,2025-W12,Organic,Desktop,/pricing,4,84,0,0,A,0
S09739,U5887,2025-03-30,2025-03,2025-W12,Social,Desktop,/,2,62,0,0,B,0
S09740,U6791,2025-03-30,2025-03,2025-W12,Paid,Desktop,/contact,5,268,0,1,A,0
S09741,U6792,2025-03-30,2025-03,2025-W12,Organic,Desktop,/,3,179,0,1,B,1
S09742,U6793,2025-03-30,2025-03,2025-W12,Paid,Desktop,/,2,83,0,1,B,0
S09743,U6794,2025-03-30,2025-03,2025-W12,Organic,Tablet,/tutors,1,81,0,1,A,0
S09744,U6795,2025-03-30,2025-03,2025-W12,Direct,Desktop,/services,8,86,0,1,B,0
S09745,U0600,2025-03-30,2025-03,2025-W12,Social,Desktop,/tutors,2,249,0,0,B,0
S09746,U6796,2025-03-30,2025-03,2025-W12,Email,Mobile,/,4,155,0,1,A,0
S09747,U6797,2025-03-30,2025-03,2025-W12,Direct,Desktop,/services,5,72,0,1,A,0
S09748,U1582,2025-03-30,2025-03,2025-W12,Paid,Mobile,/tutors,2,248,0,0,A,0
S09749,U6798,2025-03-30,2025-03,2025-W12,Paid,Mobile,/services,2,271,0,1,A,0
S09750,U6799,2025-03-30,2025-03,2025-W12,Social,Tablet,/pricing,3,362,0,1,A,0
S09751,U5219,2025-03-31,2025-03,2025-W13,Organic,Mobile,/,2,113,0,0,A,0
S09752,U6800,2025-03-31,2025-03,2025-W13,Direct,Desktop,/,4,224,0,1,A,0
S09753,U6801,2025-03-31,2025-03,2025-W13,Direct,Desktop,/,4,149,0,1,A,0
S09754,U6802,2025-03-31,2025-03,2025-W13,Email,Desktop,/pricing,4,68,0,1,B,0
S09755,U6803,2025-03-31,2025-03,2025-W13,Organic,Desktop,/,2,216,0,1,A,0
S09756,U3689,2025-03-31,2025-03,2025-W13,Social,Desktop,/,3,413,0,0,A,0
S09757,U6804,2025-03-31,2025-03,2025-W13,Organic,Desktop,/about,5,420,0,1,A,0
S09758,U6805,2025-03-31,2025-03,2025-W13,Organic,Desktop,/tutors,3,478,0,1,A,0
S09759,U6806,2025-03-31,2025-03,2025-W13,Organic,Mobile,/about,5,713,0,1,B,0
S09760,U6807,2025-03-31,2025-03,2025-W13,Organic,Mobile,/pricing,6,147,0,1,A,0
S09761,U5991,2025-03-31,2025-03,2025-W13,Organic,Mobile,/tutors,1,115,0,0,A,0
S09762,U6808,2025-03-31,2025-03,2025-W13,Organic,Mobile,/tutors,4,185,0,1,B,0
S09763,U6809,2025-03-31,2025-03,2025-W13,Social,Tablet,/,2,481,0,1,B,0
S09764,U6810,2025-03-31,2025-03,2025-W13,Organic,Mobile,/pricing,2,341,0,1,A,0
S09765,U6811,2025-03-31,2025-03,2025-W13,Email,Desktop,/,3,321,0,1,A,0
S09766,U0201,2025-03-31,2025-03,2025-W13,Email,Mobile,/tutors,2,199,0,0,B,0
S09767,U6812,2025-03-31,2025-03,2025-W13,Organic,Desktop,/tutors,2,504,0,1,A,0
S09768,U6813,2025-03-31,2025-03,2025-W13,Paid,Mobile,/tutors,1,125,0,1,A,0
S09769,U6814,2025-03-31,2025-03,2025-W13,Direct,Desktop,/tutors,5,81,0,1,A,0
S09770,U6815,2025-03-31,2025-03,2025-W13,Organic,Desktop,/services,1,258,0,1,B,0
S09771,U6816,2025-03-31,2025-03,2025-W13,Organic,Mobile,/services,4,117,0,1,A,0
S09772,U6817,2025-03-31,2025-03,2025-W13,Email,Mobile,/,2,148,0,1,B,0
S09773,U6587,2025-03-31,2025-03,2025-W13,Organic,Desktop,/about,1,300,0,0,B,0
S09774,U6818,2025-03-31,2025-03,2025-W13,Email,Tablet,/,3,69,0,1,A,1
S09775,U6819,2025-03-31,2025-03,2025-W13,Direct,Mobile,/pricing,1,119,0,1,B,0
S09776,U6820,2025-03-31,2025-03,2025-W13,Organic,Desktop,/contact,2,216,0,1,B,0
S09777,U2644,2025-03-31,2025-03,2025-W13,Organic,Desktop,/,1,335,0,0,A,0
S09778,U6821,2025-03-31,2025-03,2025-W13,Direct,Tablet,/,1,103,0,1,A,0
S09779,U6822,2025-03-31,2025-03,2025-W13,Email,Mobile,/,4,208,0,1,A,0
S09780,U6823,2025-03-31,2025-03,2025-W13,Organic,Tablet,/tutors,3,373,0,1,A,0
S09781,U6824,2025-03-31,2025-03,2025-W13,Email,Desktop,/services,5,244,0,1,A,0
S09782,U6825,2025-03-31,2025-03,2025-W13,Direct,Tablet,/contact,2,286,0,1,A,0
S09783,U6826,2025-03-31,2025-03,2025-W13,Direct,Desktop,/about,5,73,0,1,A,0
S09784,U6827,2025-03-31,2025-03,2025-W13,Paid,Mobile,/,4,114,0,1,A,0
S09785,U6828,2025-03-31,2025-03,2025-W13,Direct,Mobile,/services,3,131,0,1,B,0
S09786,U3166,2025-03-31,2025-03,2025-W13,Social,Desktop,/pricing,3,133,0,0,A,0
S09787,U6829,2025-03-31,2025-03,2025-W13,Organic,Desktop,/,2,100,0,1,A,0
S09788,U6830,2025-03-31,2025-03,2025-W13,Organic,Desktop,/services,1,119,0,1,A,0
S09789,U5598,2025-03-31,2025-03,2025-W13,Direct,Desktop,/tutors,1,151,0,0,A,1
S09790,U3135,2025-03-31,2025-03,2025-W13,Direct,Desktop,/tutors,1,181,0,0,B,0
S09791,U6831,2025-03-31,2025-03,2025-W13,Social,Mobile,/tutors,5,392,0,1,B,0
S09792,U6832,2025-03-31,2025-03,2025-W13,Paid,Desktop,/,1,208,0,1,B,0
S09793,U6307,2025-03-31,2025-03,2025-W13,Direct,Desktop,/pricing,3,242,0,0,B,0
S09794,U6833,2025-03-31,2025-03,2025-W13,Paid,Desktop,/services,1,762,0,1,B,0
S09795,U6568,2025-03-31,2025-03,2025-W13,Paid,Desktop,/about,6,96,0,0,A,0
S09796,U4336,2025-03-31,2025-03,2025-W13,Direct,Desktop,/,1,443,0,0,B,0
S09797,U6834,2025-03-31,2025-03,2025-W13,Organic,Desktop,/,4,192,0,1,A,0
S09798,U6835,2025-03-31,2025-03,2025-W13,Social,Tablet,/services,1,108,0,1,A,0
S09799,U6836,2025-03-31,2025-03,2025-W13,Direct,Tablet,/contact,5,360,0,1,B,0
S09800,U0521,2025-03-31,2025-03,2025-W13,Email,Desktop,/,5,398,0,0,B,0
S09801,U6837,2025-03-31,2025-03,2025-W13,Organic,Mobile,/about,5,573,0,1,B,0
S09802,U5098,2025-03-31,2025-03,2025-W13,Organic,Mobile,/contact,7,78,0,0,B,0
S09803,U6838,2025-03-31,2025-03,2025-W13,Organic,Mobile,/contact,2,689,0,1,A,0
S09804,U5268,2025-03-31,2025-03,2025-W13,Organic,Desktop,/services,3,187,0,0,A,0
S09805,U6532,2025-03-31,2025-03,2025-W13,Organic,Desktop,/about,2,33,0,0,B,0
S09806,U6839,2025-03-31,2025-03,2025-W13,Email,Desktop,/pricing,2,310,0,1,A,0
S09807,U6840,2025-03-31,2025-03,2025-W13,Direct,Desktop,/tutors,3,144,0,1,A,0
S09808,U6841,2025-03-31,2025-03,2025-W13,Organic,Mobile,/about,3,361,0,1,B,0
S09809,U0567,2025-03-31,2025-03,2025-W13,Email,Mobile,/,3,109,0,0,A,0
S09810,U6842,2025-03-31,2025-03,2025-W13,Email,Mobile,/tutors,3,732,0,1,A,1
S09811,U6843,2025-03-31,2025-03,2025-W13,Organic,Desktop,/services,3,124,0,1,B,0
S09812,U6844,2025-03-31,2025-03,2025-W13,Organic,Mobile,/,4,107,0,1,A,0
S09813,U6845,2025-03-31,2025-03,2025-W13,Direct,Tablet,/about,3,259,0,1,B,0
S09814,U6846,2025-03-31,2025-03,2025-W13,Organic,Tablet,/,1,240,0,1,A,0
S09815,U6847,2025-03-31,2025-03,2025-W13,Organic,Mobile,/tutors,1,208,0,1,A,0
S09816,U6848,2025-03-31,2025-03,2025-W13,Direct,Desktop,/,6,142,0,1,B,0
S09817,U1719,2025-03-31,2025-03,2025-W13,Social,Desktop,/services,4,184,0,0,A,0
S09818,U6849,2025-03-31,2025-03,2025-W13,Direct,Mobile,/tutors,6,662,0,1,B,0
S09819,U0347,2025-03-31,2025-03,2025-W13,Paid,Desktop,/,1,101,0,0,B,0
S09820,U6850,2025-03-31,2025-03,2025-W13,Organic,Mobile,/,4,203,0,1,A,0
S09821,U6851,2025-03-31,2025-03,2025-W13,Paid,Desktop,/,3,579,0,1,A,0
S09822,U6852,2025-03-31,2025-03,2025-W13,Direct,Mobile,/about,3,180,0,1,A,0
S09823,U2637,2025-03-31,2025-03,2025-W13,Social,Mobile,/tutors,1,84,0,0,A,0
S09824,U6853,2025-03-31,2025-03,2025-W13,Organic,Desktop,/pricing,1,171,0,1,A,0
S09825,U0155,2025-03-31,2025-03,2025-W13,Email,Desktop,/,2,188,0,0,B,0
S09826,U6854,2025-03-31,2025-03,2025-W13,Direct,Desktop,/tutors,6,341,0,1,A,0
S09827,U6855,2025-03-31,2025-03,2025-W13,Organic,Mobile,/pricing,4,360,0,1,B,0
S09828,U6856,2025-03-31,2025-03,2025-W13,Email,Desktop,/tutors,2,68,0,1,B,1
S09829,U6857,2025-03-31,2025-03,2025-W13,Social,Mobile,/,7,203,0,1,B,0
S09830,U6626,2025-03-31,2025-03,2025-W13,Direct,Desktop,/,8,184,0,0,A,0
S09831,U6858,2025-03-31,2025-03,2025-W13,Social,Desktop,/about,2,308,0,1,A,0
S09832,U6859,2025-03-31,2025-03,2025-W13,Direct,Mobile,/services,4,195,0,1,A,0
S09833,U6860,2025-03-31,2025-03,2025-W13,Organic,Desktop,/services,3,192,0,1,A,0
S09834,U6861,2025-03-31,2025-03,2025-W13,Email,Desktop,/,5,237,0,1,B,0
S09835,U6862,2025-03-31,2025-03,2025-W13,Direct,Desktop,/contact,2,284,0,1,A,0
